sequence_id,order_id,order_type,item_id,item_quantity,order_arrival,assigned_station,assigned_pod,status,order_processed,order_finished
1,-100,1,29,6,0,picker-5,,-1,0.0,
2,-99,1,5,4,0,,,-3,,
3,-98,1,40,5,0,,,-3,,
4,-98,1,0,6,0,,,-3,,
5,-98,1,49,4,0,,,-3,,
6,-98,1,481,7,0,,,-3,,
7,-98,1,78,5,0,,,-3,,
8,-98,1,171,12,0,,,-3,,
9,-97,1,0,6,0,picker-1,,-1,,
10,-97,1,68,7,0,picker-1,,-1,,
11,-97,1,30,9,0,picker-1,,-1,,
12,-97,1,24,8,0,picker-1,,-1,,
13,-96,1,296,9,0,picker-5,,-1,0.0,
14,-95,1,40,5,0,picker-4,,-1,,
15,-95,1,37,10,0,picker-4,,-1,,
16,-95,1,2,6,0,picker-4,,-1,,
17,-94,1,15,4,0,,,-3,,
18,-94,1,12,2,0,,,-3,,
19,-94,1,8,4,0,,,-3,,
20,-94,1,32,4,0,,,-3,,
21,-94,1,216,11,0,,,-3,,
22,-93,1,7,12,0,picker-4,,-1,,
23,-92,1,27,3,0,picker-5,,-1,0.0,
24,-92,1,210,10,0,picker-5,,-1,0.0,
25,-91,1,32,3,0,,,-3,,
26,-91,1,22,5,0,,,-3,,
27,-91,1,11,6,0,,,-3,,
28,-90,1,12,5,0,,,-3,,
29,-90,1,78,7,0,,,-3,,
30,-90,1,22,3,0,,,-3,,
31,-89,1,28,6,0,,,-3,,
32,-89,1,22,9,0,,,-3,,
33,-89,1,10,7,0,,,-3,,
34,-88,1,0,7,0,picker-2,,-1,0.0,
35,-87,1,44,8,0,,,-3,,
36,-87,1,2,6,0,,,-3,,
37,-87,1,26,4,0,,,-3,,
38,-87,1,46,4,0,,,-3,,
39,-86,1,225,8,0,,,-3,,
40,-86,1,20,3,0,,,-3,,
41,-86,1,37,3,0,,,-3,,
42,-85,1,1,11,0,picker-3,,-1,0.0,
43,-84,1,108,6,0,,,-3,,
44,-84,1,0,10,0,,,-3,,
45,-84,1,14,6,0,,,-3,,
46,-84,1,278,5,0,,,-3,,
47,-84,1,277,2,0,,,-3,,
48,-84,1,53,6,0,,,-3,,
49,-84,1,172,4,0,,,-3,,
50,-83,1,63,5,0,,,-3,,
51,-83,1,131,4,0,,,-3,,
52,-82,1,1,5,0,picker-3,,-1,0.0,
53,-81,1,181,12,0,,,-3,,
54,-80,1,0,8,0,picker-2,,-1,0.0,
55,-79,1,78,11,0,,,-3,,
56,-78,1,18,4,0,picker-4,,-1,0.0,
57,-78,1,94,3,0,picker-4,,-1,0.0,
58,-77,1,104,7,0,,,-3,,
59,-76,1,446,12,0,,,-3,,
60,-76,1,15,6,0,,,-3,,
61,-75,1,0,7,0,,,-3,,
62,-75,1,168,5,0,,,-3,,
63,-75,1,455,7,0,,,-3,,
64,-74,1,9,6,0,,,-3,,
65,-74,1,432,5,0,,,-3,,
66,-73,1,10,2,0,,,-3,,
67,-73,1,32,6,0,,,-3,,
68,-72,1,290,10,0,picker-5,,-1,0.0,
69,-71,1,2,4,0,picker-1,,-1,,
70,-71,1,362,8,0,picker-1,,-1,,
71,-71,1,31,4,0,picker-1,,-1,,
72,-70,1,148,3,0,,,-3,,
73,-70,1,21,7,0,,,-3,,
74,-70,1,332,2,0,,,-3,,
75,-69,1,312,5,0,picker-5,,-1,0.0,
76,-68,1,492,10,0,picker-4,,-1,0.0,
77,-68,1,141,1,0,picker-4,,-1,0.0,
78,-68,1,18,7,0,picker-4,,-1,0.0,
79,-67,1,18,5,0,picker-4,,-1,0.0,
80,-67,1,126,6,0,picker-4,,-1,0.0,
81,-66,1,1,8,0,picker-3,,-1,0.0,
82,-66,1,104,2,0,picker-3,,-1,0.0,
83,-66,1,273,8,0,picker-3,,-1,0.0,
84,-66,1,120,12,0,picker-3,,-1,0.0,
85,-65,1,31,10,0,picker-1,,-1,,
86,-65,1,30,4,0,picker-1,,-1,,
87,-65,1,325,6,0,picker-1,,-1,,
88,-65,1,0,8,0,picker-1,,-1,,
89,-64,1,165,8,0,,,-3,,
90,-64,1,7,8,0,,,-3,,
91,-63,1,340,10,0,picker-5,,-1,0.0,
92,-62,1,149,2,0,picker-5,,-1,0.0,
93,-62,1,57,8,0,picker-5,,-1,0.0,
94,-61,1,180,7,0,,,-3,,
95,-61,1,34,6,0,,,-3,,
96,-60,1,89,2,0,,,-3,,
97,-59,1,0,4,0,picker-2,,-1,0.0,
98,-58,1,166,6,0,,,-3,,
99,-57,1,365,9,0,picker-5,,-1,0.0,
100,-56,1,32,6,0,,,-3,,
101,-56,1,88,9,0,,,-3,,
102,-55,1,4,10,0,picker-1,,-1,0.0,
103,-54,1,166,6,0,,,-3,,
104,-53,1,327,10,0,,,-3,,
105,-53,1,8,4,0,,,-3,,
106,-53,1,63,8,0,,,-3,,
107,-52,1,93,4,0,,,-3,,
108,-51,1,282,12,0,,,-3,,
109,-50,1,451,5,0,,,-3,,
110,-49,1,17,6,0,,,-3,,
111,-48,1,4,6,0,picker-1,,-1,0.0,
112,-47,1,257,7,0,,,-3,,
113,-47,1,8,9,0,,,-3,,
114,-47,1,72,5,0,,,-3,,
115,-47,1,136,8,0,,,-3,,
116,-46,1,28,6,0,,,-3,,
117,-45,1,151,8,0,picker-2,,-1,,
118,-45,1,10,9,0,picker-2,,-1,,
119,-44,1,3,8,0,picker-2,,-1,,
120,-44,1,375,11,0,picker-2,,-1,,
121,-43,1,24,7,0,,,-3,,
122,-42,1,291,6,0,,,-3,,
123,-41,1,89,4,0,,,-3,,
124,-40,1,19,4,0,,,-3,,
125,-40,1,211,10,0,,,-3,,
126,-39,1,128,7,0,,,-3,,
127,-38,1,3,8,0,picker-3,,-1,,
128,-37,1,2,4,0,,,-3,,
129,-37,1,140,10,0,,,-3,,
130,-36,1,23,3,0,picker-1,,-1,,
131,-36,1,60,2,0,picker-1,,-1,,
132,-36,1,0,9,0,picker-1,,-1,,
133,-36,1,36,8,0,picker-1,,-1,,
134,-36,1,125,2,0,picker-1,,-1,,
135,-36,1,439,4,0,picker-1,,-1,,
136,-35,1,366,4,0,,,-3,,
137,-34,1,31,3,0,picker-1,,-1,,
138,-33,1,4,8,0,picker-1,,-1,0.0,
139,-32,1,70,7,0,,,-3,,
140,-32,1,158,11,0,,,-3,,
141,-31,1,28,9,0,picker-3,,-1,,
142,-31,1,53,8,0,picker-3,,-1,,
143,-31,1,181,2,0,picker-3,,-1,,
144,-31,1,32,4,0,picker-3,,-1,,
145,-31,1,3,12,0,picker-3,,-1,,
146,-30,1,3,7,0,picker-3,,-1,0.0,
147,-30,1,1,2,0,picker-3,,-1,0.0,
148,-29,1,313,6,0,,,-3,,
149,-28,1,436,8,0,,,-3,,
150,-28,1,3,1,0,,,-3,,
151,-27,1,122,9,0,,,-3,,
152,-27,1,476,8,0,,,-3,,
153,-27,1,488,8,0,,,-3,,
154,-26,1,86,2,0,,,-3,,
155,-26,1,13,10,0,,,-3,,
156,-25,1,9,4,0,,,-3,,
157,-24,1,17,11,0,,,-3,,
158,-24,1,65,5,0,,,-3,,
159,-24,1,4,6,0,,,-3,,
160,-24,1,11,9,0,,,-3,,
161,-23,1,64,8,0,,,-3,,
162,-23,1,7,8,0,,,-3,,
163,-22,1,347,10,0,picker-4,,-1,,
164,-21,1,250,6,0,,,-3,,
165,-20,1,485,6,0,,,-3,,
166,-20,1,45,3,0,,,-3,,
167,-20,1,9,3,0,,,-3,,
168,-19,1,0,8,0,picker-2,,-1,0.0,
169,-18,1,367,10,0,,,-3,,
170,-18,1,14,4,0,,,-3,,
171,-18,1,430,1,0,,,-3,,
172,-18,1,145,2,0,,,-3,,
173,-18,1,10,7,0,,,-3,,
174,-18,1,42,10,0,,,-3,,
175,-17,1,1,4,0,picker-3,,-1,0.0,
176,-17,1,233,12,0,picker-3,,-1,0.0,
177,-16,1,5,12,0,,,-3,,
178,-16,1,251,10,0,,,-3,,
179,-15,1,2,8,0,,,-3,,
180,-15,1,10,5,0,,,-3,,
181,-15,1,158,6,0,,,-3,,
182,-14,1,107,10,0,,,-3,,
183,-14,1,449,6,0,,,-3,,
184,-14,1,162,5,0,,,-3,,
185,-13,1,0,11,0,picker-2,,-1,0.0,
186,-12,1,122,1,0,picker-2,,-1,0.0,
187,-12,1,0,12,0,picker-2,,-1,0.0,
188,-11,1,101,7,0,,,-3,,
189,-11,1,203,4,0,,,-3,,
190,-10,1,38,9,0,,,-3,,
191,-10,1,21,2,0,,,-3,,
192,-9,1,72,1,0,,,-3,,
193,-9,1,13,10,0,,,-3,,
194,-8,1,61,9,0,,,-3,,
195,-8,1,128,10,0,,,-3,,
196,-7,1,6,6,0,picker-3,,-1,,
197,-6,1,157,10,0,picker-4,,-1,0.0,
198,-6,1,167,5,0,picker-4,,-1,0.0,
199,-6,1,18,8,0,picker-4,,-1,0.0,
200,-5,1,45,6,0,,,-3,,
201,-5,1,195,6,0,,,-3,,
202,-5,1,15,9,0,,,-3,,
203,-4,1,148,7,0,,,-3,,
204,-4,1,318,6,0,,,-3,,
205,-3,1,14,7,0,,,-3,,
206,-3,1,13,11,0,,,-3,,
207,-3,1,34,3,0,,,-3,,
208,-3,1,223,2,0,,,-3,,
209,-3,1,189,4,0,,,-3,,
210,-2,1,28,6,0,,,-3,,
211,-2,1,454,4,0,,,-3,,
212,-1,1,219,4,0,picker-4,,-1,0.0,
213,-1,1,18,7,0,picker-4,,-1,0.0,
214,0,1,285,6,60,,,-3,,
215,0,1,0,6,60,,,-3,,
216,0,1,3,12,60,,,-3,,
217,1,1,126,2,60,,,-3,,
218,1,1,15,12,60,,,-3,,
219,1,1,0,11,60,,,-3,,
220,2,1,67,2,60,,,-3,,
221,2,1,108,5,60,,,-3,,
222,2,1,36,12,60,,,-3,,
223,2,1,19,6,60,,,-3,,
224,3,1,34,5,60,,,-3,,
225,4,1,100,11,120,,,-3,,
226,4,1,187,9,120,,,-3,,
227,4,1,62,8,120,,,-3,,
228,4,1,154,10,120,,,-3,,
229,5,1,33,8,180,,,-3,,
230,5,1,99,9,180,,,-3,,
231,5,1,0,4,180,,,-3,,
232,6,1,75,8,180,,,-3,,
233,7,1,86,10,180,,,-3,,
234,7,1,200,10,180,,,-3,,
235,7,1,273,2,180,,,-3,,
236,8,1,49,3,180,,,-3,,
237,8,1,13,4,180,,,-3,,
238,9,1,26,7,180,,,-3,,
239,9,1,239,4,180,,,-3,,
240,10,1,98,8,180,,,-3,,
241,11,1,60,9,240,,,-3,,
242,12,1,250,8,240,,,-3,,
243,12,1,16,1,240,,,-3,,
244,13,1,43,5,300,,,-3,,
245,14,1,74,8,300,,,-3,,
246,14,1,181,12,300,,,-3,,
247,14,1,59,6,300,,,-3,,
248,15,1,272,6,300,,,-3,,
249,15,1,76,12,300,,,-3,,
250,16,1,196,7,360,,,-3,,
251,17,1,142,6,360,,,-3,,
252,18,1,48,8,360,,,-3,,
253,18,1,86,12,360,,,-3,,
254,18,1,153,3,360,,,-3,,
255,18,1,1,7,360,,,-3,,
256,19,1,3,4,360,,,-3,,
257,19,1,132,6,360,,,-3,,
258,19,1,0,4,360,,,-3,,
259,19,1,201,4,360,,,-3,,
260,19,1,5,10,360,,,-3,,
261,19,1,11,10,360,,,-3,,
262,20,1,443,10,360,,,-3,,
263,20,1,290,5,360,,,-3,,
264,20,1,3,6,360,,,-3,,
265,21,1,26,8,360,,,-3,,
266,22,1,0,8,360,,,-3,,
267,23,1,402,8,360,,,-3,,
268,23,1,0,6,360,,,-3,,
269,23,1,206,6,360,,,-3,,
270,24,1,97,11,420,,,-3,,
271,24,1,2,3,420,,,-3,,
272,24,1,49,8,420,,,-3,,
273,25,1,13,4,420,,,-3,,
274,25,1,7,12,420,,,-3,,
275,25,1,61,6,420,,,-3,,
276,25,1,16,3,420,,,-3,,
277,25,1,314,12,420,,,-3,,
278,25,1,191,9,420,,,-3,,
279,26,1,302,4,420,,,-3,,
280,27,1,5,11,420,,,-3,,
281,28,1,142,4,420,,,-3,,
282,28,1,285,9,420,,,-3,,
283,29,1,79,9,420,,,-3,,
284,29,1,26,2,420,,,-3,,
285,29,1,39,8,420,,,-3,,
286,30,1,170,8,480,,,-3,,
287,31,1,46,7,480,,,-3,,
288,32,1,31,10,480,,,-3,,
289,33,1,144,12,480,,,-3,,
290,34,1,18,6,480,,,-3,,
291,35,1,235,6,480,,,-3,,
292,35,1,37,7,480,,,-3,,
293,35,1,8,11,480,,,-3,,
294,36,1,2,8,480,,,-3,,
295,37,1,89,10,480,,,-3,,
296,38,1,7,4,540,,,-3,,
297,39,1,28,7,540,,,-3,,
298,40,1,462,5,540,,,-3,,
299,41,1,7,8,540,,,-3,,
300,42,1,86,6,540,,,-3,,
301,42,1,22,6,540,,,-3,,
302,42,1,32,11,540,,,-3,,
303,42,1,268,9,540,,,-3,,
304,42,1,228,1,540,,,-3,,
305,43,1,250,10,540,,,-3,,
306,43,1,1,3,540,,,-3,,
307,44,1,24,5,540,,,-3,,
308,45,1,7,4,540,,,-3,,
309,46,1,170,5,600,,,-3,,
310,46,1,18,6,600,,,-3,,
311,46,1,0,6,600,,,-3,,
312,47,1,40,10,600,,,-3,,
313,47,1,18,3,600,,,-3,,
314,48,1,131,10,600,,,-3,,
315,49,1,309,8,600,,,-3,,
316,49,1,2,2,600,,,-3,,
317,49,1,6,8,600,,,-3,,
318,50,1,9,5,660,,,-3,,
319,51,1,168,1,660,,,-3,,
320,51,1,213,6,660,,,-3,,
321,52,1,70,6,660,,,-3,,
322,53,1,125,7,660,,,-3,,
323,53,1,9,8,660,,,-3,,
324,54,1,102,11,660,,,-3,,
325,54,1,34,6,660,,,-3,,
326,55,1,417,2,660,,,-3,,
327,56,1,162,6,660,,,-3,,
328,57,1,65,6,660,,,-3,,
329,58,1,17,5,660,,,-3,,
330,59,1,284,4,660,,,-3,,
331,59,1,43,8,660,,,-3,,
332,59,1,36,6,660,,,-3,,
333,60,1,209,2,720,,,-3,,
334,60,1,291,1,720,,,-3,,
335,60,1,244,2,720,,,-3,,
336,61,1,18,9,720,,,-3,,
337,61,1,168,6,720,,,-3,,
338,62,1,175,5,720,,,-3,,
339,63,1,484,5,720,,,-3,,
340,64,1,313,7,780,,,-3,,
341,64,1,185,8,780,,,-3,,
342,65,1,33,5,780,,,-3,,
343,65,1,55,12,780,,,-3,,
344,65,1,51,9,780,,,-3,,
345,66,1,349,5,780,,,-3,,
346,66,1,90,10,780,,,-3,,
347,66,1,363,8,780,,,-3,,
348,67,1,9,3,780,,,-3,,
349,68,1,45,5,780,,,-3,,
350,68,1,34,9,780,,,-3,,
351,69,1,79,6,780,,,-3,,
352,70,1,247,5,780,,,-3,,
353,71,1,182,4,840,,,-3,,
354,71,1,298,6,840,,,-3,,
355,71,1,48,8,840,,,-3,,
356,72,1,42,10,840,,,-3,,
357,73,1,2,10,840,,,-3,,
358,73,1,260,9,840,,,-3,,
359,73,1,119,6,840,,,-3,,
360,73,1,145,4,840,,,-3,,
361,73,1,19,5,840,,,-3,,
362,73,1,302,8,840,,,-3,,
363,73,1,179,5,840,,,-3,,
364,73,1,289,3,840,,,-3,,
365,73,1,326,10,840,,,-3,,
366,73,1,97,9,840,,,-3,,
367,74,1,13,8,840,,,-3,,
368,74,1,10,5,840,,,-3,,
369,74,1,16,8,840,,,-3,,
370,74,1,27,5,840,,,-3,,
371,74,1,129,8,840,,,-3,,
372,75,1,372,11,840,,,-3,,
373,76,1,12,5,840,,,-3,,
374,76,1,482,3,840,,,-3,,
375,77,1,28,12,840,,,-3,,
376,77,1,10,4,840,,,-3,,
377,78,1,43,9,840,,,-3,,
378,78,1,23,1,840,,,-3,,
379,79,1,436,8,840,,,-3,,
380,79,1,47,10,840,,,-3,,
381,80,1,350,6,900,,,-3,,
382,81,1,0,6,900,,,-3,,
383,81,1,341,6,900,,,-3,,
384,82,1,177,9,900,,,-3,,
385,83,1,21,8,900,,,-3,,
386,84,1,101,8,900,,,-3,,
387,84,1,20,4,900,,,-3,,
388,84,1,106,4,900,,,-3,,
389,85,1,168,9,900,,,-3,,
390,86,1,225,7,900,,,-3,,
391,86,1,177,6,900,,,-3,,
392,87,1,6,4,900,,,-3,,
393,88,1,4,2,960,,,-3,,
394,88,1,40,6,960,,,-3,,
395,89,1,197,4,960,,,-3,,
396,90,1,205,7,960,,,-3,,
397,91,1,257,1,960,,,-3,,
398,92,1,173,11,1020,,,-3,,
399,93,1,208,12,1020,,,-3,,
400,93,1,65,3,1020,,,-3,,
401,93,1,418,4,1020,,,-3,,
402,93,1,444,1,1020,,,-3,,
403,94,1,11,5,1020,,,-3,,
404,94,1,198,10,1020,,,-3,,
405,95,1,17,10,1020,,,-3,,
406,96,1,11,8,1020,,,-3,,
407,97,1,9,8,1020,,,-3,,
408,97,1,14,10,1020,,,-3,,
409,97,1,36,6,1020,,,-3,,
410,98,1,117,6,1020,,,-3,,
411,98,1,71,5,1020,,,-3,,
412,99,1,46,10,1080,,,-3,,
413,99,1,3,8,1080,,,-3,,
414,99,1,30,7,1080,,,-3,,
415,99,1,384,2,1080,,,-3,,
416,99,1,36,5,1080,,,-3,,
417,99,1,23,11,1080,,,-3,,
418,99,1,31,4,1080,,,-3,,
419,100,1,123,2,1080,,,-3,,
420,100,1,315,8,1080,,,-3,,
421,100,1,197,8,1080,,,-3,,
422,101,1,117,7,1080,,,-3,,
423,101,1,442,5,1080,,,-3,,
424,101,1,63,8,1080,,,-3,,
425,102,1,448,5,1080,,,-3,,
426,102,1,110,1,1080,,,-3,,
427,102,1,1,10,1080,,,-3,,
428,103,1,152,10,1080,,,-3,,
429,103,1,151,2,1080,,,-3,,
430,104,1,110,12,1080,,,-3,,
431,104,1,66,4,1080,,,-3,,
432,104,1,31,5,1080,,,-3,,
433,105,1,14,8,1080,,,-3,,
434,106,1,153,4,1080,,,-3,,
435,107,1,30,6,1140,,,-3,,
436,107,1,129,6,1140,,,-3,,
437,108,1,1,10,1140,,,-3,,
438,109,1,16,7,1140,,,-3,,
439,109,1,325,2,1140,,,-3,,
440,109,1,49,6,1140,,,-3,,
441,109,1,162,8,1140,,,-3,,
442,110,1,135,5,1200,,,-3,,
443,111,1,479,5,1200,,,-3,,
444,111,1,38,8,1200,,,-3,,
445,111,1,324,10,1200,,,-3,,
446,111,1,13,8,1200,,,-3,,
447,111,1,161,6,1200,,,-3,,
448,112,1,41,7,1200,,,-3,,
449,112,1,209,6,1200,,,-3,,
450,112,1,23,10,1200,,,-3,,
451,113,1,15,10,1260,,,-3,,
452,114,1,134,10,1260,,,-3,,
453,115,1,4,4,1260,,,-3,,
454,116,1,99,4,1260,,,-3,,
455,116,1,18,4,1260,,,-3,,
456,116,1,5,12,1260,,,-3,,
457,116,1,7,2,1260,,,-3,,
458,117,1,234,1,1320,,,-3,,
459,118,1,358,3,1320,,,-3,,
460,119,1,40,2,1380,,,-3,,
461,120,1,104,8,1380,,,-3,,
462,121,1,116,8,1440,,,-3,,
463,122,1,18,2,1500,,,-3,,
464,122,1,172,9,1500,,,-3,,
465,122,1,95,11,1500,,,-3,,
466,122,1,199,3,1500,,,-3,,
467,123,1,465,2,1500,,,-3,,
468,123,1,31,4,1500,,,-3,,
469,123,1,143,10,1500,,,-3,,
470,124,1,69,3,1560,,,-3,,
471,125,1,1,8,1560,,,-3,,
472,126,1,265,6,1560,,,-3,,
473,126,1,12,10,1560,,,-3,,
474,126,1,24,3,1560,,,-3,,
475,127,1,243,4,1560,,,-3,,
476,128,1,5,4,1620,,,-3,,
477,129,1,25,10,1620,,,-3,,
478,130,1,17,8,1620,,,-3,,
479,131,1,292,1,1620,,,-3,,
480,132,1,167,3,1680,,,-3,,
481,132,1,131,10,1680,,,-3,,
482,133,1,169,3,1680,,,-3,,
483,133,1,31,11,1680,,,-3,,
484,133,1,111,7,1680,,,-3,,
485,134,1,4,1,1680,,,-3,,
486,134,1,1,8,1680,,,-3,,
487,135,1,0,7,1680,,,-3,,
488,135,1,389,4,1680,,,-3,,
489,135,1,205,7,1680,,,-3,,
490,136,1,38,10,1680,,,-3,,
491,137,1,27,8,1680,,,-3,,
492,138,1,499,2,1680,,,-3,,
493,138,1,2,9,1680,,,-3,,
494,139,1,170,2,1740,,,-3,,
495,139,1,19,3,1740,,,-3,,
496,140,1,112,3,1740,,,-3,,
497,141,1,71,1,1740,,,-3,,
498,142,1,114,4,1740,,,-3,,
499,142,1,234,8,1740,,,-3,,
500,143,1,186,2,1740,,,-3,,
501,143,1,22,8,1740,,,-3,,
502,144,1,4,8,1740,,,-3,,
503,144,1,36,6,1740,,,-3,,
504,145,1,6,10,1740,,,-3,,
505,145,1,12,10,1740,,,-3,,
506,145,1,143,9,1740,,,-3,,
507,146,1,326,6,1740,,,-3,,
508,146,1,68,4,1740,,,-3,,
509,147,1,65,4,1740,,,-3,,
510,147,1,47,8,1740,,,-3,,
511,148,1,49,2,1800,,,-3,,
512,149,1,19,9,1800,,,-3,,
513,149,1,5,6,1800,,,-3,,
514,150,1,3,6,1800,,,-3,,
515,150,1,81,8,1800,,,-3,,
516,151,1,12,4,1800,,,-3,,
517,151,1,2,10,1800,,,-3,,
518,151,1,173,10,1800,,,-3,,
519,152,1,54,6,1860,,,-3,,
520,152,1,28,12,1860,,,-3,,
521,152,1,24,10,1860,,,-3,,
522,152,1,141,5,1860,,,-3,,
523,153,1,34,12,1860,,,-3,,
524,154,1,212,5,1860,,,-3,,
525,154,1,403,9,1860,,,-3,,
526,155,1,354,5,1860,,,-3,,
527,156,1,320,8,1860,,,-3,,
528,157,1,39,5,1920,,,-3,,
529,158,1,83,7,1920,,,-3,,
530,158,1,408,6,1920,,,-3,,
531,158,1,151,7,1920,,,-3,,
532,158,1,14,4,1920,,,-3,,
533,159,1,104,12,1920,,,-3,,
534,159,1,147,4,1920,,,-3,,
535,160,1,135,6,1980,,,-3,,
536,161,1,22,7,1980,,,-3,,
537,161,1,88,2,1980,,,-3,,
538,161,1,87,3,1980,,,-3,,
539,161,1,339,2,1980,,,-3,,
540,162,1,315,12,2040,,,-3,,
541,163,1,18,9,2040,,,-3,,
542,164,1,11,7,2040,,,-3,,
543,165,1,25,7,2100,,,-3,,
544,166,1,82,5,2100,,,-3,,
545,166,1,45,6,2100,,,-3,,
546,167,1,297,4,2100,,,-3,,
547,168,1,30,2,2100,,,-3,,
548,169,1,453,9,2100,,,-3,,
549,169,1,166,6,2100,,,-3,,
550,169,1,84,8,2100,,,-3,,
551,170,1,25,7,2100,,,-3,,
552,170,1,36,4,2100,,,-3,,
553,170,1,1,3,2100,,,-3,,
554,170,1,33,9,2100,,,-3,,
555,170,1,30,1,2100,,,-3,,
556,171,1,2,6,2100,,,-3,,
557,172,1,422,8,2100,,,-3,,
558,173,1,44,8,2160,,,-3,,
559,173,1,108,6,2160,,,-3,,
560,174,1,86,8,2160,,,-3,,
561,174,1,2,9,2160,,,-3,,
562,174,1,8,4,2160,,,-3,,
563,175,1,62,5,2220,,,-3,,
564,175,1,145,6,2220,,,-3,,
565,176,1,13,12,2220,,,-3,,
566,176,1,36,1,2220,,,-3,,
567,176,1,357,4,2220,,,-3,,
568,176,1,33,2,2220,,,-3,,
569,176,1,118,3,2220,,,-3,,
570,176,1,177,5,2220,,,-3,,
571,176,1,71,8,2220,,,-3,,
572,176,1,39,8,2220,,,-3,,
573,177,1,202,6,2280,,,-3,,
574,177,1,30,8,2280,,,-3,,
575,177,1,33,12,2280,,,-3,,
576,178,1,11,7,2280,,,-3,,
577,178,1,474,6,2280,,,-3,,
578,178,1,151,4,2280,,,-3,,
579,178,1,443,9,2280,,,-3,,
580,178,1,70,9,2280,,,-3,,
581,179,1,58,3,2280,,,-3,,
582,180,1,133,4,2280,,,-3,,
583,180,1,1,7,2280,,,-3,,
584,181,1,93,3,2280,,,-3,,
585,181,1,105,5,2280,,,-3,,
586,181,1,17,6,2280,,,-3,,
587,181,1,139,8,2280,,,-3,,
588,181,1,0,2,2280,,,-3,,
589,181,1,9,6,2280,,,-3,,
590,182,1,148,6,2280,,,-3,,
591,182,1,78,5,2280,,,-3,,
592,182,1,179,12,2280,,,-3,,
593,182,1,86,8,2280,,,-3,,
594,183,1,6,8,2280,,,-3,,
595,184,1,339,7,2340,,,-3,,
596,184,1,100,8,2340,,,-3,,
597,185,1,41,6,2340,,,-3,,
598,185,1,162,7,2340,,,-3,,
599,186,1,13,10,2340,,,-3,,
600,186,1,273,8,2340,,,-3,,
601,186,1,241,2,2340,,,-3,,
602,187,1,155,5,2340,,,-3,,
603,187,1,12,6,2340,,,-3,,
604,187,1,4,2,2340,,,-3,,
605,187,1,158,7,2340,,,-3,,
606,187,1,122,5,2340,,,-3,,
607,187,1,153,2,2340,,,-3,,
608,187,1,136,5,2340,,,-3,,
609,188,1,50,4,2340,,,-3,,
610,189,1,42,5,2400,,,-3,,
611,189,1,423,10,2400,,,-3,,
612,189,1,30,10,2400,,,-3,,
613,190,1,120,8,2400,,,-3,,
614,190,1,53,6,2400,,,-3,,
615,190,1,434,4,2400,,,-3,,
616,190,1,128,5,2400,,,-3,,
617,191,1,350,6,2400,,,-3,,
618,191,1,45,5,2400,,,-3,,
619,191,1,1,8,2400,,,-3,,
620,192,1,92,10,2400,,,-3,,
621,192,1,143,8,2400,,,-3,,
622,192,1,67,2,2400,,,-3,,
623,193,1,355,4,2400,,,-3,,
624,194,1,189,6,2400,,,-3,,
625,194,1,27,9,2400,,,-3,,
626,195,1,49,2,2400,,,-3,,
627,195,1,209,8,2400,,,-3,,
628,196,1,361,2,2460,,,-3,,
629,197,1,17,3,2460,,,-3,,
630,197,1,114,4,2460,,,-3,,
631,197,1,250,8,2460,,,-3,,
632,198,1,112,2,2460,,,-3,,
633,198,1,46,4,2460,,,-3,,
634,199,1,482,6,2460,,,-3,,
635,199,1,345,3,2460,,,-3,,
636,199,1,0,4,2460,,,-3,,
637,200,1,1,5,2460,,,-3,,
638,200,1,11,5,2460,,,-3,,
639,201,1,66,10,2460,,,-3,,
640,201,1,17,5,2460,,,-3,,
641,201,1,3,11,2460,,,-3,,
642,201,1,130,9,2460,,,-3,,
643,202,1,30,3,2520,,,-3,,
644,202,1,437,8,2520,,,-3,,
645,203,1,8,8,2520,,,-3,,
646,203,1,469,6,2520,,,-3,,
647,204,1,55,4,2520,,,-3,,
648,204,1,144,7,2520,,,-3,,
649,204,1,470,7,2520,,,-3,,
650,204,1,379,3,2520,,,-3,,
651,205,1,159,5,2520,,,-3,,
652,206,1,28,8,2580,,,-3,,
653,206,1,38,2,2580,,,-3,,
654,207,1,10,7,2580,,,-3,,
655,208,1,2,6,2580,,,-3,,
656,209,1,0,4,2580,,,-3,,
657,209,1,314,8,2580,,,-3,,
658,209,1,28,10,2580,,,-3,,
659,210,1,100,5,2580,,,-3,,
660,211,1,131,1,2580,,,-3,,
661,212,1,49,8,2580,,,-3,,
662,212,1,133,8,2580,,,-3,,
663,213,1,10,10,2580,,,-3,,
664,214,1,117,2,2640,,,-3,,
665,214,1,48,7,2640,,,-3,,
666,214,1,4,7,2640,,,-3,,
667,214,1,351,10,2640,,,-3,,
668,214,1,40,8,2640,,,-3,,
669,215,1,126,3,2640,,,-3,,
670,215,1,5,10,2640,,,-3,,
671,216,1,12,12,2640,,,-3,,
672,216,1,32,8,2640,,,-3,,
673,216,1,37,6,2640,,,-3,,
674,217,1,315,8,2640,,,-3,,
675,217,1,90,8,2640,,,-3,,
676,218,1,5,10,2640,,,-3,,
677,218,1,475,8,2640,,,-3,,
678,218,1,63,3,2640,,,-3,,
679,219,1,70,10,2640,,,-3,,
680,219,1,6,6,2640,,,-3,,
681,220,1,140,7,2640,,,-3,,
682,220,1,71,7,2640,,,-3,,
683,220,1,9,7,2640,,,-3,,
684,220,1,356,9,2640,,,-3,,
685,220,1,114,10,2640,,,-3,,
686,220,1,2,4,2640,,,-3,,
687,221,1,17,6,2640,,,-3,,
688,222,1,42,5,2640,,,-3,,
689,222,1,242,2,2640,,,-3,,
690,222,1,334,6,2640,,,-3,,
691,223,1,20,4,2700,,,-3,,
692,224,1,78,10,2700,,,-3,,
693,225,1,76,12,2700,,,-3,,
694,225,1,30,10,2700,,,-3,,
695,226,1,39,5,2760,,,-3,,
696,227,1,24,7,2760,,,-3,,
697,227,1,28,4,2760,,,-3,,
698,228,1,4,10,2760,,,-3,,
699,229,1,48,8,2760,,,-3,,
700,229,1,28,2,2760,,,-3,,
701,229,1,131,6,2760,,,-3,,
702,230,1,28,12,2760,,,-3,,
703,230,1,172,12,2760,,,-3,,
704,230,1,89,10,2760,,,-3,,
705,230,1,134,7,2760,,,-3,,
706,230,1,18,6,2760,,,-3,,
707,231,1,35,5,2760,,,-3,,
708,232,1,64,8,2820,,,-3,,
709,232,1,6,5,2820,,,-3,,
710,233,1,299,5,2880,,,-3,,
711,234,1,23,6,2880,,,-3,,
712,234,1,60,5,2880,,,-3,,
713,234,1,67,8,2880,,,-3,,
714,234,1,22,8,2880,,,-3,,
715,235,1,78,2,2880,,,-3,,
716,235,1,14,9,2880,,,-3,,
717,236,1,228,6,2880,,,-3,,
718,237,1,109,10,2940,,,-3,,
719,237,1,289,7,2940,,,-3,,
720,238,1,161,8,2940,,,-3,,
721,239,1,177,4,2940,,,-3,,
722,240,1,45,1,2940,,,-3,,
723,241,1,257,9,2940,,,-3,,
724,242,1,209,2,3000,,,-3,,
725,243,1,3,2,3000,,,-3,,
726,244,1,340,5,3000,,,-3,,
727,245,1,19,10,3000,,,-3,,
728,245,1,182,10,3000,,,-3,,
729,246,1,328,10,3060,,,-3,,
730,246,1,163,6,3060,,,-3,,
731,246,1,89,6,3060,,,-3,,
732,246,1,36,12,3060,,,-3,,
733,247,1,412,6,3120,,,-3,,
734,247,1,192,9,3120,,,-3,,
735,247,1,48,8,3120,,,-3,,
736,247,1,286,8,3120,,,-3,,
737,248,1,445,6,3120,,,-3,,
738,249,1,49,2,3120,,,-3,,
739,250,1,9,2,3180,,,-3,,
740,250,1,6,6,3180,,,-3,,
741,250,1,262,11,3180,,,-3,,
742,250,1,16,6,3180,,,-3,,
743,250,1,453,8,3180,,,-3,,
744,251,1,168,11,3180,,,-3,,
745,251,1,15,8,3180,,,-3,,
746,251,1,137,6,3180,,,-3,,
747,251,1,281,6,3180,,,-3,,
748,252,1,17,3,3180,,,-3,,
749,253,1,37,4,3180,,,-3,,
750,253,1,90,6,3180,,,-3,,
751,254,1,38,4,3180,,,-3,,
752,255,1,72,5,3240,,,-3,,
753,256,1,56,12,3240,,,-3,,
754,257,1,85,10,3240,,,-3,,
755,258,1,3,1,3240,,,-3,,
756,259,1,11,10,3300,,,-3,,
757,259,1,4,10,3300,,,-3,,
758,260,1,6,8,3300,,,-3,,
759,260,1,14,4,3300,,,-3,,
760,260,1,0,8,3300,,,-3,,
761,260,1,307,8,3300,,,-3,,
762,260,1,396,4,3300,,,-3,,
763,260,1,84,10,3300,,,-3,,
764,261,1,10,4,3300,,,-3,,
765,262,1,44,8,3300,,,-3,,
766,262,1,12,8,3300,,,-3,,
767,262,1,2,3,3300,,,-3,,
768,263,1,63,6,3300,,,-3,,
769,263,1,341,2,3300,,,-3,,
770,264,1,35,10,3300,,,-3,,
771,264,1,8,6,3300,,,-3,,
772,265,1,370,3,3300,,,-3,,
773,266,1,21,3,3360,,,-3,,
774,267,1,84,6,3360,,,-3,,
775,267,1,19,12,3360,,,-3,,
776,268,1,24,2,3360,,,-3,,
777,268,1,4,7,3360,,,-3,,
778,269,1,9,10,3360,,,-3,,
779,269,1,37,6,3360,,,-3,,
780,270,1,259,8,3360,,,-3,,
781,270,1,376,8,3360,,,-3,,
782,271,1,99,10,3360,,,-3,,
783,271,1,236,3,3360,,,-3,,
784,272,1,11,4,3360,,,-3,,
785,272,1,65,7,3360,,,-3,,
786,272,1,170,12,3360,,,-3,,
787,272,1,9,6,3360,,,-3,,
788,273,1,55,2,3420,,,-3,,
789,273,1,12,6,3420,,,-3,,
790,274,1,17,8,3420,,,-3,,
791,274,1,8,9,3420,,,-3,,
792,274,1,128,5,3420,,,-3,,
793,275,1,374,4,3420,,,-3,,
794,275,1,427,8,3420,,,-3,,
795,276,1,26,8,3480,,,-3,,
796,276,1,37,7,3480,,,-3,,
797,276,1,457,4,3480,,,-3,,
798,276,1,45,4,3480,,,-3,,
799,276,1,11,10,3480,,,-3,,
800,277,1,145,9,3480,,,-3,,
801,277,1,75,7,3480,,,-3,,
802,277,1,167,11,3480,,,-3,,
803,278,1,24,7,3480,,,-3,,
804,279,1,12,6,3480,,,-3,,
805,279,1,271,4,3480,,,-3,,
806,280,1,21,5,3480,,,-3,,
807,281,1,12,7,3540,,,-3,,
808,282,1,53,1,3540,,,-3,,
809,282,1,48,12,3540,,,-3,,
810,283,1,166,3,3540,,,-3,,
811,283,1,4,6,3540,,,-3,,
812,284,1,9,4,3540,,,-3,,
813,285,1,459,5,3600,,,-3,,
814,286,1,294,4,3600,,,-3,,
815,286,1,109,6,3600,,,-3,,
816,286,1,38,5,3600,,,-3,,
817,287,1,111,7,3600,,,-3,,
818,288,1,95,10,3600,,,-3,,
819,288,1,454,9,3600,,,-3,,
820,289,1,119,4,3600,,,-3,,
821,289,1,28,10,3600,,,-3,,
822,289,1,276,6,3600,,,-3,,
823,290,1,25,7,3600,,,-3,,
824,291,1,269,7,3600,,,-3,,
825,291,1,33,8,3600,,,-3,,
826,291,1,348,2,3600,,,-3,,
827,291,1,6,9,3600,,,-3,,
828,292,1,165,4,3600,,,-3,,
829,293,1,149,4,3600,,,-3,,
830,294,1,1,8,3600,,,-3,,
831,295,1,183,5,3600,,,-3,,
832,296,1,19,4,3600,,,-3,,
833,296,1,420,7,3600,,,-3,,
834,296,1,68,4,3600,,,-3,,
835,296,1,22,6,3600,,,-3,,
836,296,1,46,11,3600,,,-3,,
837,297,1,98,2,3600,,,-3,,
838,298,1,3,9,3600,,,-3,,
839,299,1,1,6,3660,,,-3,,
840,299,1,252,6,3660,,,-3,,
841,300,1,116,12,3660,,,-3,,
842,300,1,67,4,3660,,,-3,,
843,301,1,44,8,3660,,,-3,,
844,301,1,27,4,3660,,,-3,,
845,302,1,231,5,3720,,,-3,,
846,302,1,332,4,3720,,,-3,,
847,302,1,100,6,3720,,,-3,,
848,303,1,11,10,3720,,,-3,,
849,303,1,115,6,3720,,,-3,,
850,304,1,0,11,3720,,,-3,,
851,305,1,146,9,3720,,,-3,,
852,305,1,45,4,3720,,,-3,,
853,306,1,131,4,3720,,,-3,,
854,306,1,235,9,3720,,,-3,,
855,307,1,483,7,3780,,,-3,,
856,307,1,369,7,3780,,,-3,,
857,307,1,3,2,3780,,,-3,,
858,307,1,73,7,3780,,,-3,,
859,307,1,0,12,3780,,,-3,,
860,308,1,7,8,3780,,,-3,,
861,309,1,16,3,3780,,,-3,,
862,310,1,89,6,3780,,,-3,,
863,310,1,3,12,3780,,,-3,,
864,310,1,46,6,3780,,,-3,,
865,310,1,45,5,3780,,,-3,,
866,310,1,47,4,3780,,,-3,,
867,311,1,25,12,3780,,,-3,,
868,311,1,136,6,3780,,,-3,,
869,312,1,284,10,3780,,,-3,,
870,313,1,37,8,3780,,,-3,,
871,313,1,364,6,3780,,,-3,,
872,314,1,483,8,3840,,,-3,,
873,314,1,9,4,3840,,,-3,,
874,314,1,212,8,3840,,,-3,,
875,314,1,87,4,3840,,,-3,,
876,315,1,87,9,3840,,,-3,,
877,315,1,281,8,3840,,,-3,,
878,316,1,350,10,3900,,,-3,,
879,317,1,153,6,3900,,,-3,,
880,318,1,28,6,3900,,,-3,,
881,319,1,11,2,3900,,,-3,,
882,319,1,46,9,3900,,,-3,,
883,319,1,442,9,3900,,,-3,,
884,319,1,364,9,3900,,,-3,,
885,320,1,245,7,3900,,,-3,,
886,321,1,91,5,3960,,,-3,,
887,321,1,280,4,3960,,,-3,,
888,321,1,1,5,3960,,,-3,,
889,321,1,4,8,3960,,,-3,,
890,322,1,423,8,3960,,,-3,,
891,322,1,43,9,3960,,,-3,,
892,322,1,384,11,3960,,,-3,,
893,323,1,100,7,3960,,,-3,,
894,324,1,22,6,3960,,,-3,,
895,324,1,454,8,3960,,,-3,,
896,324,1,49,8,3960,,,-3,,
897,325,1,59,12,4020,,,-3,,
898,326,1,0,9,4020,,,-3,,
899,327,1,321,6,4020,,,-3,,
900,327,1,474,6,4020,,,-3,,
901,327,1,47,2,4020,,,-3,,
902,328,1,14,7,4020,,,-3,,
903,328,1,65,6,4020,,,-3,,
904,328,1,398,2,4020,,,-3,,
905,329,1,2,5,4020,,,-3,,
906,329,1,9,6,4020,,,-3,,
907,329,1,402,9,4020,,,-3,,
908,329,1,7,7,4020,,,-3,,
909,329,1,25,2,4020,,,-3,,
910,330,1,1,2,4020,,,-3,,
911,331,1,392,4,4080,,,-3,,
912,332,1,381,8,4080,,,-3,,
913,332,1,30,10,4080,,,-3,,
914,332,1,8,9,4080,,,-3,,
915,333,1,102,4,4080,,,-3,,
916,334,1,45,2,4140,,,-3,,
917,335,1,0,8,4140,,,-3,,
918,335,1,370,4,4140,,,-3,,
919,335,1,276,4,4140,,,-3,,
920,335,1,229,6,4140,,,-3,,
921,336,1,11,9,4140,,,-3,,
922,337,1,60,4,4140,,,-3,,
923,337,1,168,10,4140,,,-3,,
924,337,1,48,12,4140,,,-3,,
925,338,1,44,8,4140,,,-3,,
926,338,1,36,8,4140,,,-3,,
927,338,1,142,12,4140,,,-3,,
928,339,1,12,10,4200,,,-3,,
929,339,1,140,8,4200,,,-3,,
930,339,1,295,9,4200,,,-3,,
931,339,1,121,10,4200,,,-3,,
932,339,1,40,9,4200,,,-3,,
933,340,1,43,2,4200,,,-3,,
934,340,1,482,4,4200,,,-3,,
935,340,1,14,3,4200,,,-3,,
936,341,1,198,8,4200,,,-3,,
937,341,1,274,6,4200,,,-3,,
938,341,1,18,4,4200,,,-3,,
939,341,1,0,9,4200,,,-3,,
940,341,1,61,2,4200,,,-3,,
941,341,1,197,6,4200,,,-3,,
942,342,1,65,7,4200,,,-3,,
943,342,1,5,9,4200,,,-3,,
944,343,1,39,9,4200,,,-3,,
945,344,1,111,4,4260,,,-3,,
946,344,1,146,10,4260,,,-3,,
947,345,1,4,8,4260,,,-3,,
948,346,1,26,9,4260,,,-3,,
949,346,1,82,4,4260,,,-3,,
950,346,1,31,8,4260,,,-3,,
951,346,1,48,12,4260,,,-3,,
952,346,1,6,10,4260,,,-3,,
953,347,1,24,3,4260,,,-3,,
954,348,1,5,4,4260,,,-3,,
955,349,1,3,10,4260,,,-3,,
956,349,1,105,8,4260,,,-3,,
957,349,1,79,12,4260,,,-3,,
958,350,1,169,7,4320,,,-3,,
959,351,1,29,4,4320,,,-3,,
960,351,1,10,12,4320,,,-3,,
961,351,1,58,6,4320,,,-3,,
962,351,1,426,2,4320,,,-3,,
963,352,1,123,6,4320,,,-3,,
964,352,1,148,4,4320,,,-3,,
965,353,1,9,6,4380,,,-3,,
966,354,1,20,8,4380,,,-3,,
967,354,1,83,5,4380,,,-3,,
968,355,1,7,8,4380,,,-3,,
969,356,1,0,12,4380,,,-3,,
970,357,1,363,8,4380,,,-3,,
971,358,1,31,6,4440,,,-3,,
972,358,1,0,11,4440,,,-3,,
973,358,1,2,3,4440,,,-3,,
974,359,1,1,9,4440,,,-3,,
975,359,1,7,12,4440,,,-3,,
976,359,1,164,6,4440,,,-3,,
977,360,1,66,4,4440,,,-3,,
978,361,1,116,8,4440,,,-3,,
979,361,1,8,4,4440,,,-3,,
980,361,1,169,6,4440,,,-3,,
981,361,1,159,9,4440,,,-3,,
982,362,1,117,4,4440,,,-3,,
983,363,1,41,8,4440,,,-3,,
984,364,1,21,6,4500,,,-3,,
985,365,1,28,4,4500,,,-3,,
986,365,1,221,8,4500,,,-3,,
987,365,1,27,6,4500,,,-3,,
988,365,1,23,8,4500,,,-3,,
989,365,1,36,10,4500,,,-3,,
990,366,1,179,5,4500,,,-3,,
991,366,1,92,7,4500,,,-3,,
992,367,1,363,8,4500,,,-3,,
993,368,1,125,6,4500,,,-3,,
994,368,1,198,10,4500,,,-3,,
995,369,1,46,4,4560,,,-3,,
996,370,1,397,3,4560,,,-3,,
997,370,1,59,12,4560,,,-3,,
998,370,1,0,3,4560,,,-3,,
999,370,1,256,8,4560,,,-3,,
1000,371,1,132,5,4560,,,-3,,
1001,372,1,87,8,4560,,,-3,,
1002,373,1,72,7,4620,,,-3,,
1003,373,1,18,12,4620,,,-3,,
1004,374,1,232,7,4620,,,-3,,
1005,375,1,36,8,4620,,,-3,,
1006,375,1,77,3,4620,,,-3,,
1007,375,1,62,4,4620,,,-3,,
1008,376,1,258,9,4620,,,-3,,
1009,376,1,134,5,4620,,,-3,,
1010,377,1,41,5,4680,,,-3,,
1011,378,1,467,12,4680,,,-3,,
1012,379,1,494,4,4680,,,-3,,
1013,380,1,1,7,4680,,,-3,,
1014,380,1,67,6,4680,,,-3,,
1015,381,1,1,5,4680,,,-3,,
1016,381,1,32,10,4680,,,-3,,
1017,381,1,42,6,4680,,,-3,,
1018,382,1,0,6,4680,,,-3,,
1019,382,1,242,8,4680,,,-3,,
1020,382,1,48,4,4680,,,-3,,
1021,382,1,9,6,4680,,,-3,,
1022,383,1,1,8,4680,,,-3,,
1023,383,1,36,11,4680,,,-3,,
1024,384,1,156,6,4680,,,-3,,
1025,385,1,151,8,4740,,,-3,,
1026,385,1,28,12,4740,,,-3,,
1027,386,1,52,4,4740,,,-3,,
1028,386,1,5,2,4740,,,-3,,
1029,387,1,91,9,4740,,,-3,,
1030,387,1,2,9,4740,,,-3,,
1031,388,1,100,10,4740,,,-3,,
1032,388,1,4,7,4740,,,-3,,
1033,388,1,59,11,4740,,,-3,,
1034,388,1,180,4,4740,,,-3,,
1035,388,1,1,11,4740,,,-3,,
1036,389,1,74,10,4800,,,-3,,
1037,390,1,4,7,4800,,,-3,,
1038,390,1,195,6,4800,,,-3,,
1039,391,1,268,5,4800,,,-3,,
1040,391,1,52,4,4800,,,-3,,
1041,391,1,31,6,4800,,,-3,,
1042,392,1,199,10,4800,,,-3,,
1043,392,1,224,7,4800,,,-3,,
1044,393,1,118,4,4800,,,-3,,
1045,393,1,49,3,4800,,,-3,,
1046,394,1,12,4,4860,,,-3,,
1047,394,1,129,4,4860,,,-3,,
1048,394,1,137,10,4860,,,-3,,
1049,394,1,296,6,4860,,,-3,,
1050,395,1,0,5,4920,,,-3,,
1051,395,1,22,2,4920,,,-3,,
1052,395,1,169,4,4920,,,-3,,
1053,396,1,24,11,4920,,,-3,,
1054,397,1,26,6,4920,,,-3,,
1055,397,1,254,6,4920,,,-3,,
1056,398,1,5,5,4920,,,-3,,
1057,398,1,0,2,4920,,,-3,,
1058,399,1,42,11,4920,,,-3,,
1059,399,1,0,6,4920,,,-3,,
1060,400,1,148,8,4980,,,-3,,
1061,400,1,6,11,4980,,,-3,,
1062,400,1,2,2,4980,,,-3,,
1063,400,1,21,1,4980,,,-3,,
1064,400,1,398,6,4980,,,-3,,
1065,401,1,274,8,4980,,,-3,,
1066,402,1,24,8,4980,,,-3,,
1067,403,1,118,4,5040,,,-3,,
1068,403,1,263,4,5040,,,-3,,
1069,404,1,25,4,5040,,,-3,,
1070,404,1,30,11,5040,,,-3,,
1071,405,1,108,4,5040,,,-3,,
1072,406,1,21,6,5100,,,-3,,
1073,406,1,70,8,5100,,,-3,,
1074,407,1,499,9,5100,,,-3,,
1075,408,1,5,5,5100,,,-3,,
1076,409,1,24,5,5100,,,-3,,
1077,409,1,2,5,5100,,,-3,,
1078,409,1,44,4,5100,,,-3,,
1079,409,1,138,6,5100,,,-3,,
1080,409,1,1,4,5100,,,-3,,
1081,410,1,180,8,5100,,,-3,,
1082,411,1,27,2,5100,,,-3,,
1083,411,1,83,12,5100,,,-3,,
1084,412,1,57,2,5100,,,-3,,
1085,413,1,433,8,5160,,,-3,,
1086,413,1,3,8,5160,,,-3,,
1087,414,1,44,4,5160,,,-3,,
1088,415,1,31,4,5220,,,-3,,
1089,416,1,35,9,5220,,,-3,,
1090,416,1,210,4,5220,,,-3,,
1091,417,1,15,5,5220,,,-3,,
1092,417,1,48,12,5220,,,-3,,
1093,418,1,97,4,5220,,,-3,,
1094,419,1,264,4,5220,,,-3,,
1095,420,1,5,7,5220,,,-3,,
1096,420,1,129,4,5220,,,-3,,
1097,421,1,85,4,5220,,,-3,,
1098,422,1,196,4,5280,,,-3,,
1099,422,1,34,6,5280,,,-3,,
1100,423,1,4,6,5280,,,-3,,
1101,424,1,277,12,5280,,,-3,,
1102,424,1,18,4,5280,,,-3,,
1103,425,1,6,4,5280,,,-3,,
1104,425,1,89,7,5280,,,-3,,
1105,425,1,171,10,5280,,,-3,,
1106,425,1,119,8,5280,,,-3,,
1107,425,1,359,6,5280,,,-3,,
1108,425,1,93,4,5280,,,-3,,
1109,425,1,175,4,5280,,,-3,,
1110,426,1,159,6,5280,,,-3,,
1111,427,1,126,10,5280,,,-3,,
1112,428,1,357,4,5280,,,-3,,
1113,428,1,61,9,5280,,,-3,,
1114,428,1,81,4,5280,,,-3,,
1115,429,1,389,6,5340,,,-3,,
1116,429,1,183,2,5340,,,-3,,
1117,429,1,9,8,5340,,,-3,,
1118,430,1,346,8,5340,,,-3,,
1119,431,1,178,2,5340,,,-3,,
1120,432,1,20,3,5340,,,-3,,
1121,433,1,12,11,5340,,,-3,,
1122,434,1,0,6,5340,,,-3,,
1123,434,1,172,11,5340,,,-3,,
1124,434,1,13,5,5340,,,-3,,
1125,435,1,20,2,5400,,,-3,,
1126,436,1,19,8,5400,,,-3,,
1127,436,1,26,5,5400,,,-3,,
1128,437,1,448,7,5400,,,-3,,
1129,438,1,2,10,5400,,,-3,,
1130,439,1,453,7,5400,,,-3,,
1131,440,1,10,6,5400,,,-3,,
1132,441,1,84,4,5460,,,-3,,
1133,442,1,74,8,5460,,,-3,,
1134,443,1,187,4,5460,,,-3,,
1135,443,1,28,12,5460,,,-3,,
1136,444,1,6,11,5460,,,-3,,
1137,445,1,278,4,5460,,,-3,,
1138,446,1,14,8,5460,,,-3,,
1139,446,1,47,7,5460,,,-3,,
1140,447,1,308,4,5520,,,-3,,
1141,447,1,55,6,5520,,,-3,,
1142,447,1,3,3,5520,,,-3,,
1143,447,1,1,3,5520,,,-3,,
1144,448,1,399,2,5520,,,-3,,
1145,448,1,6,9,5520,,,-3,,
1146,448,1,79,5,5520,,,-3,,
1147,448,1,239,12,5520,,,-3,,
1148,448,1,245,2,5520,,,-3,,
1149,449,1,58,4,5520,,,-3,,
1150,449,1,281,5,5520,,,-3,,
1151,449,1,0,6,5520,,,-3,,
1152,450,1,364,6,5520,,,-3,,
1153,451,1,43,12,5520,,,-3,,
1154,452,1,3,1,5520,,,-3,,
1155,452,1,28,9,5520,,,-3,,
1156,452,1,124,8,5520,,,-3,,
1157,452,1,24,4,5520,,,-3,,
1158,452,1,174,9,5520,,,-3,,
1159,452,1,12,5,5520,,,-3,,
1160,452,1,328,1,5520,,,-3,,
1161,453,1,97,3,5580,,,-3,,
1162,453,1,14,7,5580,,,-3,,
1163,453,1,172,4,5580,,,-3,,
1164,454,1,11,6,5580,,,-3,,
1165,454,1,23,4,5580,,,-3,,
1166,455,1,7,12,5580,,,-3,,
1167,455,1,357,6,5580,,,-3,,
1168,455,1,4,8,5580,,,-3,,
1169,456,1,160,4,5580,,,-3,,
1170,456,1,53,4,5580,,,-3,,
1171,457,1,2,7,5640,,,-3,,
1172,457,1,43,10,5640,,,-3,,
1173,458,1,31,6,5640,,,-3,,
1174,459,1,12,10,5640,,,-3,,
1175,459,1,45,5,5640,,,-3,,
1176,460,1,8,1,5640,,,-3,,
1177,460,1,91,10,5640,,,-3,,
1178,460,1,3,2,5640,,,-3,,
1179,461,1,172,6,5640,,,-3,,
1180,461,1,38,7,5640,,,-3,,
1181,462,1,106,4,5640,,,-3,,
1182,463,1,145,2,5640,,,-3,,
1183,464,1,192,6,5640,,,-3,,
1184,465,1,168,7,5640,,,-3,,
1185,466,1,19,5,5700,,,-3,,
1186,467,1,9,7,5700,,,-3,,
1187,467,1,364,6,5700,,,-3,,
1188,468,1,30,1,5700,,,-3,,
1189,469,1,8,5,5700,,,-3,,
1190,470,1,81,10,5700,,,-3,,
1191,471,1,149,2,5700,,,-3,,
1192,472,1,47,6,5700,,,-3,,
1193,473,1,7,10,5760,,,-3,,
1194,473,1,452,9,5760,,,-3,,
1195,474,1,18,6,5760,,,-3,,
1196,474,1,147,4,5760,,,-3,,
1197,475,1,44,11,5760,,,-3,,
1198,476,1,24,8,5760,,,-3,,
1199,476,1,3,7,5760,,,-3,,
1200,476,1,38,1,5760,,,-3,,
1201,476,1,12,5,5760,,,-3,,
1202,477,1,147,9,5760,,,-3,,
1203,477,1,37,8,5760,,,-3,,
1204,477,1,368,7,5760,,,-3,,
1205,478,1,110,9,5760,,,-3,,
1206,479,1,278,5,5760,,,-3,,
1207,480,1,41,2,5760,,,-3,,
1208,480,1,34,7,5760,,,-3,,
1209,481,1,273,11,5820,,,-3,,
1210,482,1,25,12,5820,,,-3,,
1211,483,1,68,11,5820,,,-3,,
1212,483,1,11,6,5820,,,-3,,
1213,483,1,69,2,5820,,,-3,,
1214,483,1,159,2,5820,,,-3,,
1215,483,1,142,5,5820,,,-3,,
1216,484,1,456,4,5820,,,-3,,
1217,485,1,212,10,5880,,,-3,,
1218,486,1,33,3,5880,,,-3,,
1219,487,1,215,8,5880,,,-3,,
1220,487,1,4,12,5880,,,-3,,
1221,487,1,28,7,5880,,,-3,,
1222,488,1,285,8,5880,,,-3,,
1223,488,1,35,3,5880,,,-3,,
1224,489,1,37,6,5940,,,-3,,
1225,490,1,4,4,5940,,,-3,,
1226,490,1,43,4,5940,,,-3,,
1227,491,1,9,2,5940,,,-3,,
1228,491,1,47,4,5940,,,-3,,
1229,492,1,1,8,6000,,,-3,,
1230,493,1,51,12,6000,,,-3,,
1231,493,1,379,6,6000,,,-3,,
1232,494,1,47,6,6000,,,-3,,
1233,495,1,8,2,6000,,,-3,,
1234,495,1,21,3,6000,,,-3,,
1235,496,1,257,8,6000,,,-3,,
1236,497,1,169,6,6000,,,-3,,
1237,498,1,93,6,6000,,,-3,,
1238,498,1,75,11,6000,,,-3,,
1239,498,1,368,7,6000,,,-3,,
1240,499,1,228,3,6000,,,-3,,
1241,500,1,248,9,6000,,,-3,,
1242,500,1,36,7,6000,,,-3,,
1243,500,1,47,6,6000,,,-3,,
1244,501,1,10,4,6000,,,-3,,
1245,502,1,169,5,6060,,,-3,,
1246,502,1,154,9,6060,,,-3,,
1247,502,1,89,11,6060,,,-3,,
1248,502,1,63,10,6060,,,-3,,
1249,502,1,15,5,6060,,,-3,,
1250,502,1,302,9,6060,,,-3,,
1251,503,1,44,5,6060,,,-3,,
1252,503,1,2,3,6060,,,-3,,
1253,503,1,5,6,6060,,,-3,,
1254,503,1,22,8,6060,,,-3,,
1255,503,1,105,6,6060,,,-3,,
1256,503,1,12,3,6060,,,-3,,
1257,503,1,0,3,6060,,,-3,,
1258,504,1,318,10,6060,,,-3,,
1259,505,1,120,7,6060,,,-3,,
1260,505,1,149,12,6060,,,-3,,
1261,505,1,6,10,6060,,,-3,,
1262,505,1,141,8,6060,,,-3,,
1263,506,1,92,8,6060,,,-3,,
1264,506,1,47,8,6060,,,-3,,
1265,507,1,35,8,6060,,,-3,,
1266,507,1,3,4,6060,,,-3,,
1267,508,1,41,6,6060,,,-3,,
1268,508,1,19,6,6060,,,-3,,
1269,509,1,1,3,6060,,,-3,,
1270,510,1,12,12,6060,,,-3,,
1271,510,1,185,2,6060,,,-3,,
1272,511,1,22,10,6060,,,-3,,
1273,512,1,3,12,6120,,,-3,,
1274,512,1,43,5,6120,,,-3,,
1275,512,1,1,7,6120,,,-3,,
1276,513,1,43,7,6120,,,-3,,
1277,513,1,20,6,6120,,,-3,,
1278,513,1,399,7,6120,,,-3,,
1279,513,1,384,5,6120,,,-3,,
1280,513,1,0,6,6120,,,-3,,
1281,514,1,21,5,6120,,,-3,,
1282,515,1,3,7,6180,,,-3,,
1283,516,1,255,6,6180,,,-3,,
1284,516,1,19,4,6180,,,-3,,
1285,517,1,21,7,6180,,,-3,,
1286,518,1,168,10,6180,,,-3,,
1287,519,1,194,12,6180,,,-3,,
1288,519,1,422,7,6180,,,-3,,
1289,520,1,160,9,6240,,,-3,,
1290,520,1,23,4,6240,,,-3,,
1291,521,1,117,11,6240,,,-3,,
1292,522,1,1,8,6240,,,-3,,
1293,523,1,126,9,6240,,,-3,,
1294,524,1,64,4,6240,,,-3,,
1295,525,1,3,8,6240,,,-3,,
1296,525,1,316,8,6240,,,-3,,
1297,525,1,201,4,6240,,,-3,,
1298,526,1,8,4,6240,,,-3,,
1299,527,1,406,4,6300,,,-3,,
1300,527,1,10,6,6300,,,-3,,
1301,528,1,10,3,6300,,,-3,,
1302,529,1,5,6,6300,,,-3,,
1303,529,1,106,6,6300,,,-3,,
1304,530,1,3,1,6360,,,-3,,
1305,530,1,252,8,6360,,,-3,,
1306,530,1,78,7,6360,,,-3,,
1307,531,1,17,2,6360,,,-3,,
1308,532,1,258,9,6360,,,-3,,
1309,533,1,10,6,6360,,,-3,,
1310,534,1,398,8,6360,,,-3,,
1311,534,1,483,3,6360,,,-3,,
1312,534,1,131,4,6360,,,-3,,
1313,534,1,470,4,6360,,,-3,,
1314,534,1,15,2,6360,,,-3,,
1315,535,1,192,4,6360,,,-3,,
1316,536,1,151,6,6420,,,-3,,
1317,537,1,68,9,6420,,,-3,,
1318,537,1,4,6,6420,,,-3,,
1319,538,1,52,4,6420,,,-3,,
1320,538,1,7,6,6420,,,-3,,
1321,539,1,206,7,6420,,,-3,,
1322,540,1,217,11,6420,,,-3,,
1323,541,1,1,6,6420,,,-3,,
1324,541,1,85,6,6420,,,-3,,
1325,541,1,49,6,6420,,,-3,,
1326,542,1,49,6,6420,,,-3,,
1327,543,1,438,9,6480,,,-3,,
1328,543,1,365,11,6480,,,-3,,
1329,544,1,94,8,6480,,,-3,,
1330,544,1,79,7,6480,,,-3,,
1331,545,1,434,2,6480,,,-3,,
1332,546,1,7,10,6480,,,-3,,
1333,546,1,203,8,6480,,,-3,,
1334,547,1,46,6,6480,,,-3,,
1335,548,1,27,8,6540,,,-3,,
1336,548,1,466,10,6540,,,-3,,
1337,549,1,11,8,6540,,,-3,,
1338,549,1,8,6,6540,,,-3,,
1339,549,1,280,8,6540,,,-3,,
1340,549,1,271,6,6540,,,-3,,
1341,550,1,10,9,6540,,,-3,,
1342,550,1,34,8,6540,,,-3,,
1343,551,1,3,10,6540,,,-3,,
1344,551,1,13,6,6540,,,-3,,
1345,552,1,142,10,6540,,,-3,,
1346,553,1,5,11,6540,,,-3,,
1347,553,1,439,5,6540,,,-3,,
1348,553,1,3,11,6540,,,-3,,
1349,553,1,6,8,6540,,,-3,,
1350,554,1,404,3,6540,,,-3,,
1351,554,1,372,4,6540,,,-3,,
1352,555,1,81,6,6600,,,-3,,
1353,555,1,39,5,6600,,,-3,,
1354,556,1,48,4,6600,,,-3,,
1355,557,1,15,10,6660,,,-3,,
1356,558,1,25,10,6660,,,-3,,
1357,559,1,8,1,6660,,,-3,,
1358,560,1,2,3,6660,,,-3,,
1359,560,1,25,8,6660,,,-3,,
1360,561,1,34,11,6720,,,-3,,
1361,562,1,142,4,6720,,,-3,,
1362,563,1,5,12,6720,,,-3,,
1363,564,1,423,1,6720,,,-3,,
1364,565,1,3,4,6720,,,-3,,
1365,566,1,42,11,6720,,,-3,,
1366,566,1,69,11,6720,,,-3,,
1367,566,1,411,4,6720,,,-3,,
1368,566,1,172,7,6720,,,-3,,
1369,567,1,191,10,6720,,,-3,,
1370,568,1,119,9,6720,,,-3,,
1371,569,1,1,6,6780,,,-3,,
1372,570,1,18,8,6780,,,-3,,
1373,570,1,31,5,6780,,,-3,,
1374,570,1,138,9,6780,,,-3,,
1375,571,1,48,8,6780,,,-3,,
1376,571,1,10,10,6780,,,-3,,
1377,572,1,19,6,6780,,,-3,,
1378,572,1,97,6,6780,,,-3,,
1379,572,1,235,6,6780,,,-3,,
1380,573,1,110,1,6840,,,-3,,
1381,573,1,5,6,6840,,,-3,,
1382,574,1,284,10,6840,,,-3,,
1383,575,1,15,6,6840,,,-3,,
1384,576,1,136,8,6900,,,-3,,
1385,577,1,47,8,6900,,,-3,,
1386,578,1,255,8,6900,,,-3,,
1387,578,1,41,3,6900,,,-3,,
1388,578,1,438,9,6900,,,-3,,
1389,579,1,325,6,6900,,,-3,,
1390,579,1,33,9,6900,,,-3,,
1391,579,1,43,2,6900,,,-3,,
1392,579,1,182,7,6900,,,-3,,
1393,580,1,43,5,6900,,,-3,,
1394,581,1,76,10,6900,,,-3,,
1395,582,1,39,3,6900,,,-3,,
1396,583,1,15,6,6900,,,-3,,
1397,583,1,6,11,6900,,,-3,,
1398,584,1,70,7,6900,,,-3,,
1399,584,1,325,10,6900,,,-3,,
1400,584,1,0,11,6900,,,-3,,
1401,584,1,48,2,6900,,,-3,,
1402,585,1,1,7,6960,,,-3,,
1403,585,1,23,7,6960,,,-3,,
1404,586,1,72,11,6960,,,-3,,
1405,586,1,203,4,6960,,,-3,,
1406,586,1,128,10,6960,,,-3,,
1407,587,1,311,7,6960,,,-3,,
1408,587,1,25,2,6960,,,-3,,
1409,588,1,394,5,6960,,,-3,,
1410,589,1,8,8,6960,,,-3,,
1411,590,1,309,7,6960,,,-3,,
1412,591,1,1,3,6960,,,-3,,
1413,591,1,69,5,6960,,,-3,,
1414,591,1,8,7,6960,,,-3,,
1415,592,1,68,2,7020,,,-3,,
1416,593,1,5,6,7020,,,-3,,
1417,594,1,64,1,7020,,,-3,,
1418,595,1,34,7,7020,,,-3,,
1419,595,1,37,2,7020,,,-3,,
1420,595,1,16,8,7020,,,-3,,
1421,595,1,191,11,7020,,,-3,,
1422,596,1,4,6,7020,,,-3,,
1423,597,1,32,7,7020,,,-3,,
1424,598,1,247,6,7020,,,-3,,
1425,599,1,1,8,7020,,,-3,,
1426,600,1,1,8,7080,,,-3,,
1427,601,1,166,7,7080,,,-3,,
1428,602,1,313,5,7080,,,-3,,
1429,603,1,172,6,7080,,,-3,,
1430,603,1,245,10,7080,,,-3,,
1431,604,1,12,1,7140,,,-3,,
1432,605,1,6,12,7140,,,-3,,
1433,605,1,159,12,7140,,,-3,,
1434,605,1,36,3,7140,,,-3,,
1435,605,1,19,11,7140,,,-3,,
1436,605,1,63,4,7140,,,-3,,
1437,605,1,3,4,7140,,,-3,,
1438,605,1,71,6,7140,,,-3,,
1439,605,1,103,11,7140,,,-3,,
1440,606,1,43,5,7140,,,-3,,
1441,607,1,6,7,7140,,,-3,,
1442,608,1,117,8,7140,,,-3,,
1443,608,1,15,8,7140,,,-3,,
1444,608,1,263,8,7140,,,-3,,
1445,609,1,10,7,7140,,,-3,,
1446,609,1,263,8,7140,,,-3,,
1447,609,1,15,4,7140,,,-3,,
1448,610,1,246,3,7200,,,-3,,
1449,610,1,50,9,7200,,,-3,,
1450,610,1,95,8,7200,,,-3,,
1451,610,1,9,12,7200,,,-3,,
1452,610,1,434,6,7200,,,-3,,
1453,611,1,11,5,7200,,,-3,,
1454,612,1,31,6,7200,,,-3,,
1455,612,1,41,6,7200,,,-3,,
1456,613,1,175,7,7200,,,-3,,
1457,614,1,153,9,7200,,,-3,,
1458,614,1,98,6,7200,,,-3,,
1459,614,1,280,2,7200,,,-3,,
1460,615,1,425,4,7200,,,-3,,
1461,616,1,14,6,7200,,,-3,,
1462,616,1,22,2,7200,,,-3,,
1463,617,1,51,6,7260,,,-3,,
1464,617,1,348,11,7260,,,-3,,
1465,617,1,323,4,7260,,,-3,,
1466,617,1,110,4,7260,,,-3,,
1467,618,1,66,5,7260,,,-3,,
1468,618,1,156,8,7260,,,-3,,
1469,619,1,23,7,7260,,,-3,,
1470,620,1,2,8,7260,,,-3,,
1471,620,1,28,2,7260,,,-3,,
1472,620,1,15,2,7260,,,-3,,
1473,621,1,475,6,7260,,,-3,,
1474,622,1,39,4,7320,,,-3,,
1475,623,1,34,10,7320,,,-3,,
1476,624,1,11,5,7380,,,-3,,
1477,624,1,1,6,7380,,,-3,,
1478,624,1,144,6,7380,,,-3,,
1479,625,1,26,8,7380,,,-3,,
1480,625,1,48,4,7380,,,-3,,
1481,626,1,9,5,7380,,,-3,,
1482,627,1,24,8,7380,,,-3,,
1483,627,1,110,6,7380,,,-3,,
1484,627,1,22,8,7380,,,-3,,
1485,627,1,470,8,7380,,,-3,,
1486,628,1,10,1,7380,,,-3,,
1487,629,1,133,4,7380,,,-3,,
1488,629,1,276,8,7380,,,-3,,
1489,630,1,163,12,7380,,,-3,,
1490,630,1,12,11,7380,,,-3,,
1491,630,1,0,8,7380,,,-3,,
1492,630,1,391,6,7380,,,-3,,
1493,630,1,8,7,7380,,,-3,,
1494,630,1,20,6,7380,,,-3,,
1495,631,1,2,7,7380,,,-3,,
1496,631,1,22,6,7380,,,-3,,
1497,632,1,376,11,7380,,,-3,,
1498,632,1,52,4,7380,,,-3,,
1499,633,1,10,6,7380,,,-3,,
1500,633,1,109,8,7380,,,-3,,
1501,633,1,24,3,7380,,,-3,,
1502,634,1,20,6,7440,,,-3,,
1503,635,1,328,8,7440,,,-3,,
1504,635,1,2,11,7440,,,-3,,
1505,636,1,91,6,7440,,,-3,,
1506,636,1,34,11,7440,,,-3,,
1507,637,1,180,2,7440,,,-3,,
1508,637,1,119,4,7440,,,-3,,
1509,638,1,48,9,7500,,,-3,,
1510,638,1,42,10,7500,,,-3,,
1511,639,1,210,12,7500,,,-3,,
1512,639,1,3,8,7500,,,-3,,
1513,639,1,17,9,7500,,,-3,,
1514,639,1,44,7,7500,,,-3,,
1515,640,1,112,6,7500,,,-3,,
1516,640,1,12,9,7500,,,-3,,
1517,640,1,43,4,7500,,,-3,,
1518,640,1,6,4,7500,,,-3,,
1519,641,1,11,12,7560,,,-3,,
1520,641,1,10,12,7560,,,-3,,
1521,641,1,343,1,7560,,,-3,,
1522,641,1,316,6,7560,,,-3,,
1523,642,1,413,8,7560,,,-3,,
1524,643,1,41,9,7560,,,-3,,
1525,643,1,28,2,7560,,,-3,,
1526,644,1,43,3,7560,,,-3,,
1527,644,1,36,4,7560,,,-3,,
1528,645,1,174,4,7560,,,-3,,
1529,645,1,3,3,7560,,,-3,,
1530,646,1,46,2,7620,,,-3,,
1531,647,1,244,10,7620,,,-3,,
1532,648,1,68,6,7620,,,-3,,
1533,649,1,2,12,7680,,,-3,,
1534,650,1,29,8,7680,,,-3,,
1535,650,1,19,9,7680,,,-3,,
1536,650,1,31,10,7680,,,-3,,
1537,650,1,184,4,7680,,,-3,,
1538,651,1,0,11,7680,,,-3,,
1539,652,1,74,4,7680,,,-3,,
1540,653,1,240,6,7680,,,-3,,
1541,653,1,23,6,7680,,,-3,,
1542,653,1,31,6,7680,,,-3,,
1543,654,1,46,10,7680,,,-3,,
1544,655,1,170,10,7680,,,-3,,
1545,655,1,103,6,7680,,,-3,,
1546,655,1,20,1,7680,,,-3,,
1547,655,1,263,10,7680,,,-3,,
1548,656,1,93,4,7680,,,-3,,
1549,657,1,24,4,7740,,,-3,,
1550,658,1,249,5,7740,,,-3,,
1551,658,1,2,2,7740,,,-3,,
1552,658,1,36,7,7740,,,-3,,
1553,658,1,135,8,7740,,,-3,,
1554,658,1,83,6,7740,,,-3,,
1555,658,1,30,8,7740,,,-3,,
1556,659,1,162,7,7740,,,-3,,
1557,660,1,15,10,7740,,,-3,,
1558,661,1,48,3,7740,,,-3,,
1559,661,1,199,6,7740,,,-3,,
1560,662,1,44,1,7800,,,-3,,
1561,663,1,205,7,7800,,,-3,,
1562,664,1,179,7,7800,,,-3,,
1563,665,1,462,8,7800,,,-3,,
1564,666,1,62,8,7860,,,-3,,
1565,666,1,32,10,7860,,,-3,,
1566,667,1,2,12,7860,,,-3,,
1567,667,1,25,2,7860,,,-3,,
1568,667,1,42,7,7860,,,-3,,
1569,667,1,10,6,7860,,,-3,,
1570,668,1,310,4,7860,,,-3,,
1571,669,1,10,5,7860,,,-3,,
1572,669,1,5,8,7860,,,-3,,
1573,670,1,179,4,7860,,,-3,,
1574,671,1,78,10,7860,,,-3,,
1575,671,1,176,7,7860,,,-3,,
1576,671,1,434,8,7860,,,-3,,
1577,671,1,3,8,7860,,,-3,,
1578,672,1,30,6,7860,,,-3,,
1579,672,1,28,7,7860,,,-3,,
1580,672,1,123,5,7860,,,-3,,
1581,673,1,0,4,7860,,,-3,,
1582,673,1,10,3,7860,,,-3,,
1583,673,1,302,12,7860,,,-3,,
1584,674,1,25,10,7860,,,-3,,
1585,675,1,203,3,7920,,,-3,,
1586,675,1,175,1,7920,,,-3,,
1587,675,1,3,3,7920,,,-3,,
1588,676,1,96,11,7980,,,-3,,
1589,677,1,409,7,7980,,,-3,,
1590,678,1,17,3,7980,,,-3,,
1591,678,1,67,8,7980,,,-3,,
1592,678,1,290,4,7980,,,-3,,
1593,678,1,49,8,7980,,,-3,,
1594,678,1,10,4,7980,,,-3,,
1595,678,1,8,6,7980,,,-3,,
1596,679,1,13,4,7980,,,-3,,
1597,680,1,483,10,7980,,,-3,,
1598,681,1,4,10,7980,,,-3,,
1599,682,1,312,9,7980,,,-3,,
1600,682,1,241,5,7980,,,-3,,
1601,683,1,195,9,8040,,,-3,,
1602,684,1,49,2,8040,,,-3,,
1603,685,1,25,5,8040,,,-3,,
1604,685,1,47,1,8040,,,-3,,
1605,685,1,375,11,8040,,,-3,,
1606,685,1,89,3,8040,,,-3,,
1607,686,1,60,8,8040,,,-3,,
1608,687,1,61,7,8040,,,-3,,
1609,687,1,69,5,8040,,,-3,,
1610,688,1,62,4,8040,,,-3,,
1611,689,1,36,10,8100,,,-3,,
1612,689,1,23,4,8100,,,-3,,
1613,690,1,89,7,8100,,,-3,,
1614,690,1,6,6,8100,,,-3,,
1615,690,1,8,6,8100,,,-3,,
1616,690,1,24,12,8100,,,-3,,
1617,691,1,315,2,8100,,,-3,,
1618,692,1,34,10,8100,,,-3,,
1619,693,1,2,10,8100,,,-3,,
1620,693,1,91,8,8100,,,-3,,
1621,693,1,73,7,8100,,,-3,,
1622,693,1,492,2,8100,,,-3,,
1623,693,1,82,4,8100,,,-3,,
1624,694,1,131,6,8100,,,-3,,
1625,694,1,180,9,8100,,,-3,,
1626,694,1,211,11,8100,,,-3,,
1627,694,1,87,8,8100,,,-3,,
1628,695,1,14,11,8160,,,-3,,
1629,695,1,37,4,8160,,,-3,,
1630,696,1,19,10,8160,,,-3,,
1631,696,1,75,10,8160,,,-3,,
1632,697,1,202,6,8160,,,-3,,
1633,697,1,33,8,8160,,,-3,,
1634,698,1,188,7,8160,,,-3,,
1635,699,1,25,10,8160,,,-3,,
1636,699,1,0,6,8160,,,-3,,
1637,700,1,9,4,8160,,,-3,,
1638,700,1,175,2,8160,,,-3,,
1639,700,1,8,10,8160,,,-3,,
1640,700,1,277,8,8160,,,-3,,
1641,700,1,11,7,8160,,,-3,,
1642,700,1,435,8,8160,,,-3,,
1643,701,1,13,2,8160,,,-3,,
1644,701,1,18,4,8160,,,-3,,
1645,702,1,25,7,8220,,,-3,,
1646,702,1,319,4,8220,,,-3,,
1647,702,1,0,12,8220,,,-3,,
1648,702,1,277,8,8220,,,-3,,
1649,703,1,32,1,8220,,,-3,,
1650,703,1,400,4,8220,,,-3,,
1651,703,1,432,12,8220,,,-3,,
1652,703,1,1,7,8220,,,-3,,
1653,704,1,44,6,8220,,,-3,,
1654,705,1,7,12,8220,,,-3,,
1655,705,1,48,3,8220,,,-3,,
1656,705,1,309,8,8220,,,-3,,
1657,705,1,40,8,8220,,,-3,,
1658,706,1,19,8,8220,,,-3,,
1659,706,1,163,5,8220,,,-3,,
1660,707,1,74,3,8220,,,-3,,
1661,708,1,184,12,8280,,,-3,,
1662,708,1,8,10,8280,,,-3,,
1663,709,1,347,12,8340,,,-3,,
1664,709,1,295,4,8340,,,-3,,
1665,710,1,234,8,8340,,,-3,,
1666,711,1,3,11,8340,,,-3,,
1667,712,1,18,9,8340,,,-3,,
1668,713,1,86,6,8340,,,-3,,
1669,713,1,470,7,8340,,,-3,,
1670,713,1,32,8,8340,,,-3,,
1671,714,1,97,6,8340,,,-3,,
1672,715,1,11,6,8340,,,-3,,
1673,715,1,25,6,8340,,,-3,,
1674,716,1,380,6,8400,,,-3,,
1675,717,1,336,5,8400,,,-3,,
1676,718,1,17,8,8460,,,-3,,
1677,718,1,155,7,8460,,,-3,,
1678,718,1,68,9,8460,,,-3,,
1679,719,1,1,5,8460,,,-3,,
1680,720,1,1,2,8460,,,-3,,
1681,720,1,15,7,8460,,,-3,,
1682,721,1,15,6,8460,,,-3,,
1683,721,1,116,5,8460,,,-3,,
1684,721,1,228,4,8460,,,-3,,
1685,721,1,45,2,8460,,,-3,,
1686,721,1,136,5,8460,,,-3,,
1687,722,1,268,6,8460,,,-3,,
1688,723,1,92,5,8520,,,-3,,
1689,724,1,46,6,8520,,,-3,,
1690,724,1,450,3,8520,,,-3,,
1691,724,1,24,2,8520,,,-3,,
1692,725,1,28,6,8580,,,-3,,
1693,725,1,37,11,8580,,,-3,,
1694,725,1,217,9,8580,,,-3,,
1695,726,1,4,10,8580,,,-3,,
1696,727,1,1,4,8580,,,-3,,
1697,728,1,200,8,8640,,,-3,,
1698,729,1,138,6,8640,,,-3,,
1699,730,1,10,2,8700,,,-3,,
1700,731,1,39,10,8760,,,-3,,
1701,732,1,0,6,8760,,,-3,,
1702,732,1,44,8,8760,,,-3,,
1703,732,1,1,5,8760,,,-3,,
1704,733,1,163,4,8760,,,-3,,
1705,734,1,2,8,8760,,,-3,,
1706,734,1,38,5,8760,,,-3,,
1707,734,1,249,8,8760,,,-3,,
1708,734,1,44,5,8760,,,-3,,
1709,734,1,15,3,8760,,,-3,,
1710,735,1,74,4,8760,,,-3,,
1711,735,1,410,11,8760,,,-3,,
1712,735,1,6,6,8760,,,-3,,
1713,735,1,93,4,8760,,,-3,,
1714,735,1,26,5,8760,,,-3,,
1715,736,1,35,10,8760,,,-3,,
1716,737,1,126,8,8820,,,-3,,
1717,737,1,73,4,8820,,,-3,,
1718,737,1,30,8,8820,,,-3,,
1719,737,1,20,8,8820,,,-3,,
1720,738,1,59,5,8820,,,-3,,
1721,738,1,33,6,8820,,,-3,,
1722,739,1,168,12,8820,,,-3,,
1723,740,1,12,10,8820,,,-3,,
1724,741,1,344,6,8820,,,-3,,
1725,741,1,8,4,8820,,,-3,,
1726,741,1,12,2,8820,,,-3,,
1727,742,1,33,9,8820,,,-3,,
1728,743,1,9,3,8820,,,-3,,
1729,744,1,8,11,8820,,,-3,,
1730,744,1,138,8,8820,,,-3,,
1731,745,1,0,5,8880,,,-3,,
1732,745,1,65,6,8880,,,-3,,
1733,746,1,1,8,8880,,,-3,,
1734,746,1,32,4,8880,,,-3,,
1735,746,1,13,9,8880,,,-3,,
1736,747,1,20,4,8880,,,-3,,
1737,748,1,13,10,8880,,,-3,,
1738,748,1,36,5,8880,,,-3,,
1739,749,1,152,3,8880,,,-3,,
1740,749,1,342,6,8880,,,-3,,
1741,750,1,266,10,8940,,,-3,,
1742,751,1,0,8,8940,,,-3,,
1743,752,1,72,4,8940,,,-3,,
1744,753,1,56,4,8940,,,-3,,
1745,753,1,137,6,8940,,,-3,,
1746,754,1,363,8,8940,,,-3,,
1747,755,1,48,8,9000,,,-3,,
1748,755,1,245,5,9000,,,-3,,
1749,755,1,9,1,9000,,,-3,,
1750,756,1,120,12,9000,,,-3,,
1751,756,1,308,4,9000,,,-3,,
1752,756,1,7,10,9000,,,-3,,
1753,756,1,15,5,9000,,,-3,,
1754,756,1,66,12,9000,,,-3,,
1755,757,1,180,2,9000,,,-3,,
1756,758,1,273,9,9000,,,-3,,
1757,758,1,122,8,9000,,,-3,,
1758,759,1,5,8,9000,,,-3,,
1759,759,1,31,8,9000,,,-3,,
1760,759,1,9,6,9000,,,-3,,
1761,760,1,229,7,9060,,,-3,,
1762,761,1,258,12,9060,,,-3,,
1763,761,1,54,8,9060,,,-3,,
1764,761,1,145,6,9060,,,-3,,
1765,762,1,47,10,9060,,,-3,,
1766,763,1,167,7,9120,,,-3,,
1767,763,1,106,4,9120,,,-3,,
1768,763,1,362,10,9120,,,-3,,
1769,763,1,278,7,9120,,,-3,,
1770,764,1,492,1,9120,,,-3,,
1771,765,1,37,4,9120,,,-3,,
1772,766,1,9,9,9120,,,-3,,
1773,766,1,29,6,9120,,,-3,,
1774,767,1,49,6,9120,,,-3,,
1775,767,1,39,10,9120,,,-3,,
1776,767,1,37,4,9120,,,-3,,
1777,768,1,387,4,9120,,,-3,,
1778,769,1,323,2,9180,,,-3,,
1779,770,1,5,10,9240,,,-3,,
1780,770,1,12,4,9240,,,-3,,
1781,770,1,249,6,9240,,,-3,,
1782,770,1,17,6,9240,,,-3,,
1783,771,1,468,9,9240,,,-3,,
1784,772,1,10,1,9240,,,-3,,
1785,772,1,20,11,9240,,,-3,,
1786,772,1,77,4,9240,,,-3,,
1787,773,1,230,4,9240,,,-3,,
1788,773,1,46,6,9240,,,-3,,
1789,773,1,223,2,9240,,,-3,,
1790,774,1,150,7,9240,,,-3,,
1791,775,1,37,6,9240,,,-3,,
1792,775,1,54,6,9240,,,-3,,
1793,776,1,276,4,9300,,,-3,,
1794,777,1,38,3,9300,,,-3,,
1795,777,1,304,9,9300,,,-3,,
1796,777,1,41,6,9300,,,-3,,
1797,777,1,0,2,9300,,,-3,,
1798,777,1,9,5,9300,,,-3,,
1799,778,1,209,2,9360,,,-3,,
1800,779,1,173,1,9360,,,-3,,
1801,780,1,12,6,9420,,,-3,,
1802,780,1,45,11,9420,,,-3,,
1803,781,1,150,2,9420,,,-3,,
1804,781,1,65,1,9420,,,-3,,
1805,781,1,302,5,9420,,,-3,,
1806,782,1,35,10,9420,,,-3,,
1807,783,1,161,6,9480,,,-3,,
1808,784,1,121,10,9480,,,-3,,
1809,785,1,0,10,9480,,,-3,,
1810,786,1,11,2,9480,,,-3,,
1811,787,1,260,11,9480,,,-3,,
1812,788,1,48,8,9540,,,-3,,
1813,788,1,0,12,9540,,,-3,,
1814,789,1,15,4,9540,,,-3,,
1815,790,1,28,7,9540,,,-3,,
1816,790,1,23,7,9540,,,-3,,
1817,790,1,26,2,9540,,,-3,,
1818,791,1,137,4,9540,,,-3,,
1819,792,1,371,8,9540,,,-3,,
1820,792,1,19,7,9540,,,-3,,
1821,793,1,2,9,9540,,,-3,,
1822,794,1,40,3,9540,,,-3,,
1823,795,1,106,4,9540,,,-3,,
1824,795,1,12,11,9540,,,-3,,
1825,796,1,314,6,9540,,,-3,,
1826,797,1,16,9,9540,,,-3,,
1827,798,1,300,9,9600,,,-3,,
1828,799,1,12,2,9600,,,-3,,
1829,800,1,16,1,9600,,,-3,,
1830,800,1,164,12,9600,,,-3,,
1831,800,1,132,9,9600,,,-3,,
1832,800,1,39,6,9600,,,-3,,
1833,800,1,73,10,9600,,,-3,,
1834,801,1,37,10,9600,,,-3,,
1835,801,1,49,9,9600,,,-3,,
1836,801,1,155,6,9600,,,-3,,
1837,801,1,14,12,9600,,,-3,,
1838,801,1,33,6,9600,,,-3,,
1839,801,1,11,10,9600,,,-3,,
1840,802,1,121,7,9600,,,-3,,
1841,802,1,3,2,9600,,,-3,,
1842,803,1,2,4,9600,,,-3,,
1843,803,1,46,3,9600,,,-3,,
1844,803,1,386,9,9600,,,-3,,
1845,803,1,97,5,9600,,,-3,,
1846,803,1,67,11,9600,,,-3,,
1847,804,1,24,3,9600,,,-3,,
1848,805,1,484,4,9660,,,-3,,
1849,806,1,37,9,9660,,,-3,,
1850,806,1,18,9,9660,,,-3,,
1851,807,1,350,10,9660,,,-3,,
1852,807,1,174,5,9660,,,-3,,
1853,807,1,0,10,9660,,,-3,,
1854,808,1,164,10,9660,,,-3,,
1855,809,1,8,1,9720,,,-3,,
1856,809,1,61,6,9720,,,-3,,
1857,809,1,5,9,9720,,,-3,,
1858,809,1,196,6,9720,,,-3,,
1859,810,1,27,7,9720,,,-3,,
1860,810,1,11,10,9720,,,-3,,
1861,811,1,286,7,9720,,,-3,,
1862,812,1,66,7,9720,,,-3,,
1863,813,1,209,2,9720,,,-3,,
1864,814,1,6,7,9780,,,-3,,
1865,814,1,115,2,9780,,,-3,,
1866,814,1,270,10,9780,,,-3,,
1867,814,1,193,7,9780,,,-3,,
1868,814,1,313,8,9780,,,-3,,
1869,814,1,42,12,9780,,,-3,,
1870,815,1,49,8,9780,,,-3,,
1871,815,1,238,6,9780,,,-3,,
1872,816,1,47,10,9780,,,-3,,
1873,817,1,104,10,9780,,,-3,,
1874,817,1,90,10,9780,,,-3,,
1875,818,1,8,4,9780,,,-3,,
1876,818,1,3,4,9780,,,-3,,
1877,819,1,26,2,9780,,,-3,,
1878,820,1,166,10,9780,,,-3,,
1879,820,1,2,8,9780,,,-3,,
1880,821,1,215,6,9840,,,-3,,
1881,821,1,22,5,9840,,,-3,,
1882,822,1,6,8,9840,,,-3,,
1883,823,1,25,4,9840,,,-3,,
1884,824,1,60,6,9840,,,-3,,
1885,824,1,8,3,9840,,,-3,,
1886,824,1,58,2,9840,,,-3,,
1887,824,1,301,3,9840,,,-3,,
1888,824,1,84,7,9840,,,-3,,
1889,825,1,14,8,9840,,,-3,,
1890,825,1,140,3,9840,,,-3,,
1891,826,1,469,1,9840,,,-3,,
1892,826,1,250,2,9840,,,-3,,
1893,826,1,55,4,9840,,,-3,,
1894,827,1,6,8,9840,,,-3,,
1895,827,1,369,3,9840,,,-3,,
1896,828,1,40,4,9840,,,-3,,
1897,828,1,13,8,9840,,,-3,,
1898,828,1,190,11,9840,,,-3,,
1899,829,1,94,4,9840,,,-3,,
1900,830,1,62,5,9840,,,-3,,
1901,831,1,1,8,9900,,,-3,,
1902,831,1,116,8,9900,,,-3,,
1903,831,1,68,8,9900,,,-3,,
1904,831,1,16,12,9900,,,-3,,
1905,831,1,193,8,9900,,,-3,,
1906,831,1,186,1,9900,,,-3,,
1907,831,1,27,4,9900,,,-3,,
1908,832,1,449,6,9900,,,-3,,
1909,832,1,16,9,9900,,,-3,,
1910,833,1,131,8,9900,,,-3,,
1911,833,1,222,5,9900,,,-3,,
1912,834,1,71,7,9900,,,-3,,
1913,834,1,98,10,9900,,,-3,,
1914,835,1,30,7,9900,,,-3,,
1915,836,1,92,10,9900,,,-3,,
1916,836,1,291,10,9900,,,-3,,
1917,837,1,262,1,9960,,,-3,,
1918,837,1,18,2,9960,,,-3,,
1919,838,1,9,10,9960,,,-3,,
1920,839,1,99,5,9960,,,-3,,
1921,839,1,457,8,9960,,,-3,,
1922,840,1,256,2,9960,,,-3,,
1923,841,1,189,8,9960,,,-3,,
1924,841,1,354,4,9960,,,-3,,
1925,841,1,30,8,9960,,,-3,,
1926,842,1,9,4,9960,,,-3,,
1927,843,1,9,6,10020,,,-3,,
1928,844,1,0,8,10020,,,-3,,
1929,845,1,8,2,10020,,,-3,,
1930,845,1,275,3,10020,,,-3,,
1931,846,1,44,8,10020,,,-3,,
1932,847,1,410,8,10020,,,-3,,
1933,847,1,136,9,10020,,,-3,,
1934,847,1,56,6,10020,,,-3,,
1935,848,1,57,8,10020,,,-3,,
1936,849,1,43,5,10020,,,-3,,
1937,850,1,418,12,10020,,,-3,,
1938,851,1,36,10,10080,,,-3,,
1939,852,1,46,6,10080,,,-3,,
1940,852,1,332,12,10080,,,-3,,
1941,853,1,97,3,10080,,,-3,,
1942,853,1,367,4,10080,,,-3,,
1943,854,1,411,6,10080,,,-3,,
1944,855,1,110,9,10140,,,-3,,
1945,856,1,87,4,10140,,,-3,,
1946,856,1,164,9,10140,,,-3,,
1947,857,1,2,12,10140,,,-3,,
1948,857,1,265,4,10140,,,-3,,
1949,857,1,308,4,10140,,,-3,,
1950,857,1,389,12,10140,,,-3,,
1951,857,1,45,2,10140,,,-3,,
1952,858,1,3,6,10140,,,-3,,
1953,858,1,166,5,10140,,,-3,,
1954,858,1,1,4,10140,,,-3,,
1955,858,1,0,4,10140,,,-3,,
1956,858,1,434,12,10140,,,-3,,
1957,858,1,46,7,10140,,,-3,,
1958,858,1,286,8,10140,,,-3,,
1959,858,1,98,8,10140,,,-3,,
1960,859,1,31,10,10200,,,-3,,
1961,860,1,285,10,10200,,,-3,,
1962,860,1,5,6,10200,,,-3,,
1963,860,1,6,4,10200,,,-3,,
1964,860,1,123,6,10200,,,-3,,
1965,861,1,347,3,10200,,,-3,,
1966,862,1,11,4,10200,,,-3,,
1967,862,1,20,2,10200,,,-3,,
1968,863,1,98,4,10260,,,-3,,
1969,864,1,493,4,10260,,,-3,,
1970,865,1,164,8,10260,,,-3,,
1971,866,1,398,6,10260,,,-3,,
1972,866,1,35,2,10260,,,-3,,
1973,867,1,8,8,10320,,,-3,,
1974,868,1,435,6,10320,,,-3,,
1975,868,1,1,11,10320,,,-3,,
1976,869,1,65,6,10320,,,-3,,
1977,869,1,134,10,10320,,,-3,,
1978,870,1,268,9,10320,,,-3,,
1979,870,1,138,9,10320,,,-3,,
1980,871,1,3,2,10320,,,-3,,
1981,872,1,127,8,10320,,,-3,,
1982,872,1,114,2,10320,,,-3,,
1983,873,1,151,5,10380,,,-3,,
1984,873,1,62,5,10380,,,-3,,
1985,873,1,344,7,10380,,,-3,,
1986,873,1,33,8,10380,,,-3,,
1987,874,1,57,5,10380,,,-3,,
1988,874,1,18,4,10380,,,-3,,
1989,875,1,236,9,10380,,,-3,,
1990,876,1,5,5,10380,,,-3,,
1991,876,1,379,7,10380,,,-3,,
1992,877,1,16,6,10380,,,-3,,
1993,877,1,3,9,10380,,,-3,,
1994,877,1,343,7,10380,,,-3,,
1995,878,1,16,6,10440,,,-3,,
1996,878,1,8,6,10440,,,-3,,
1997,878,1,21,5,10440,,,-3,,
1998,879,1,335,9,10440,,,-3,,
1999,880,1,25,6,10440,,,-3,,
2000,880,1,10,3,10440,,,-3,,
2001,881,1,43,8,10440,,,-3,,
2002,882,1,143,10,10440,,,-3,,
2003,883,1,180,8,10500,,,-3,,
2004,883,1,372,5,10500,,,-3,,
2005,883,1,181,11,10500,,,-3,,
2006,883,1,99,11,10500,,,-3,,
2007,883,1,334,8,10500,,,-3,,
2008,883,1,59,3,10500,,,-3,,
2009,884,1,55,6,10500,,,-3,,
2010,884,1,169,5,10500,,,-3,,
2011,884,1,2,10,10500,,,-3,,
2012,884,1,25,6,10500,,,-3,,
2013,884,1,104,8,10500,,,-3,,
2014,885,1,5,6,10560,,,-3,,
2015,885,1,19,3,10560,,,-3,,
2016,886,1,29,4,10560,,,-3,,
2017,886,1,155,8,10560,,,-3,,
2018,887,1,0,8,10560,,,-3,,
2019,888,1,43,12,10560,,,-3,,
2020,888,1,379,3,10560,,,-3,,
2021,889,1,75,12,10560,,,-3,,
2022,889,1,25,6,10560,,,-3,,
2023,890,1,42,2,10560,,,-3,,
2024,890,1,211,2,10560,,,-3,,
2025,891,1,6,10,10560,,,-3,,
2026,892,1,7,6,10560,,,-3,,
2027,892,1,337,9,10560,,,-3,,
2028,892,1,78,4,10560,,,-3,,
2029,892,1,415,7,10560,,,-3,,
2030,892,1,51,4,10560,,,-3,,
2031,892,1,127,5,10560,,,-3,,
2032,893,1,76,6,10560,,,-3,,
2033,894,1,49,7,10560,,,-3,,
2034,895,1,27,12,10620,,,-3,,
2035,896,1,199,6,10620,,,-3,,
2036,896,1,16,8,10620,,,-3,,
2037,896,1,8,1,10620,,,-3,,
2038,896,1,106,9,10620,,,-3,,
2039,896,1,45,5,10620,,,-3,,
2040,896,1,282,6,10620,,,-3,,
2041,897,1,13,7,10620,,,-3,,
2042,897,1,39,6,10620,,,-3,,
2043,898,1,4,8,10680,,,-3,,
2044,898,1,11,11,10680,,,-3,,
2045,899,1,19,9,10680,,,-3,,
2046,899,1,33,10,10680,,,-3,,
2047,900,1,309,7,10680,,,-3,,
2048,901,1,187,6,10680,,,-3,,
2049,901,1,219,4,10680,,,-3,,
2050,902,1,50,5,10680,,,-3,,
2051,903,1,423,5,10680,,,-3,,
2052,903,1,0,8,10680,,,-3,,
2053,904,1,208,4,10740,,,-3,,
2054,904,1,22,6,10740,,,-3,,
2055,904,1,43,4,10740,,,-3,,
2056,905,1,1,11,10740,,,-3,,
2057,905,1,10,5,10740,,,-3,,
2058,905,1,373,11,10740,,,-3,,
2059,906,1,329,4,10740,,,-3,,
2060,906,1,39,2,10740,,,-3,,
2061,906,1,33,3,10740,,,-3,,
2062,906,1,4,6,10740,,,-3,,
2063,907,1,58,9,10800,,,-3,,
2064,907,1,12,8,10800,,,-3,,
2065,907,1,14,3,10800,,,-3,,
2066,907,1,3,8,10800,,,-3,,
2067,908,1,47,4,10800,,,-3,,
2068,908,1,214,2,10800,,,-3,,
2069,909,1,2,11,10800,,,-3,,
2070,909,1,138,10,10800,,,-3,,
2071,910,1,311,5,10800,,,-3,,
2072,910,1,4,5,10800,,,-3,,
2073,911,1,1,8,10800,,,-3,,
2074,911,1,0,8,10800,,,-3,,
2075,911,1,102,10,10800,,,-3,,
2076,911,1,14,10,10800,,,-3,,
2077,911,1,2,3,10800,,,-3,,
2078,911,1,55,6,10800,,,-3,,
2079,911,1,153,7,10800,,,-3,,
2080,912,1,90,7,10860,,,-3,,
2081,912,1,139,4,10860,,,-3,,
2082,913,1,20,8,10860,,,-3,,
2083,914,1,47,6,10860,,,-3,,
2084,914,1,191,10,10860,,,-3,,
2085,914,1,98,9,10860,,,-3,,
2086,915,1,2,6,10860,,,-3,,
2087,915,1,35,4,10860,,,-3,,
2088,915,1,415,10,10860,,,-3,,
2089,915,1,206,8,10860,,,-3,,
2090,915,1,143,5,10860,,,-3,,
2091,915,1,42,11,10860,,,-3,,
2092,916,1,1,7,10860,,,-3,,
2093,917,1,72,9,10920,,,-3,,
2094,917,1,488,6,10920,,,-3,,
2095,917,1,98,6,10920,,,-3,,
2096,917,1,365,8,10920,,,-3,,
2097,918,1,82,8,10920,,,-3,,
2098,919,1,105,11,10920,,,-3,,
2099,919,1,29,8,10920,,,-3,,
2100,919,1,26,5,10920,,,-3,,
2101,920,1,37,4,10920,,,-3,,
2102,920,1,17,10,10920,,,-3,,
2103,921,1,326,12,10920,,,-3,,
2104,921,1,148,6,10920,,,-3,,
2105,922,1,0,2,10920,,,-3,,
2106,923,1,115,8,10980,,,-3,,
2107,924,1,81,5,10980,,,-3,,
2108,925,1,243,3,11040,,,-3,,
2109,926,1,0,8,11040,,,-3,,
2110,927,1,26,3,11040,,,-3,,
2111,927,1,19,4,11040,,,-3,,
2112,928,1,0,6,11100,,,-3,,
2113,929,1,0,10,11100,,,-3,,
2114,929,1,228,10,11100,,,-3,,
2115,929,1,45,7,11100,,,-3,,
2116,930,1,486,6,11160,,,-3,,
2117,931,1,7,7,11160,,,-3,,
2118,932,1,10,4,11160,,,-3,,
2119,932,1,49,7,11160,,,-3,,
2120,933,1,36,10,11220,,,-3,,
2121,934,1,25,5,11220,,,-3,,
2122,934,1,20,8,11220,,,-3,,
2123,935,1,136,8,11220,,,-3,,
2124,935,1,8,2,11220,,,-3,,
2125,935,1,11,6,11220,,,-3,,
2126,935,1,21,8,11220,,,-3,,
2127,935,1,12,6,11220,,,-3,,
2128,935,1,77,11,11220,,,-3,,
2129,936,1,120,6,11220,,,-3,,
2130,936,1,191,6,11220,,,-3,,
2131,937,1,2,1,11280,,,-3,,
2132,937,1,1,3,11280,,,-3,,
2133,938,1,199,1,11280,,,-3,,
2134,939,1,96,6,11280,,,-3,,
2135,940,1,49,4,11280,,,-3,,
2136,940,1,1,5,11280,,,-3,,
2137,941,1,15,6,11340,,,-3,,
2138,942,1,165,10,11340,,,-3,,
2139,943,1,255,10,11340,,,-3,,
2140,943,1,146,8,11340,,,-3,,
2141,944,1,11,10,11340,,,-3,,
2142,945,1,110,12,11340,,,-3,,
2143,946,1,145,6,11340,,,-3,,
2144,947,1,317,4,11340,,,-3,,
2145,947,1,15,5,11340,,,-3,,
2146,947,1,83,8,11340,,,-3,,
2147,948,1,28,11,11400,,,-3,,
2148,949,1,0,8,11400,,,-3,,
2149,950,1,35,6,11400,,,-3,,
2150,951,1,4,8,11400,,,-3,,
2151,952,1,198,6,11460,,,-3,,
2152,953,1,231,4,11460,,,-3,,
2153,953,1,412,11,11460,,,-3,,
2154,953,1,177,3,11460,,,-3,,
2155,953,1,36,9,11460,,,-3,,
2156,954,1,12,4,11460,,,-3,,
2157,954,1,497,5,11460,,,-3,,
2158,954,1,1,4,11460,,,-3,,
2159,955,1,388,8,11460,,,-3,,
2160,955,1,432,5,11460,,,-3,,
2161,956,1,109,8,11460,,,-3,,
2162,957,1,385,11,11520,,,-3,,
2163,958,1,12,2,11520,,,-3,,
2164,958,1,404,11,11520,,,-3,,
2165,958,1,4,8,11520,,,-3,,
2166,959,1,246,12,11520,,,-3,,
2167,959,1,34,12,11520,,,-3,,
2168,960,1,89,4,11520,,,-3,,
2169,960,1,17,7,11520,,,-3,,
2170,960,1,0,6,11520,,,-3,,
2171,961,1,20,6,11520,,,-3,,
2172,962,1,14,10,11580,,,-3,,
2173,963,1,3,4,11580,,,-3,,
2174,963,1,39,6,11580,,,-3,,
2175,964,1,37,4,11580,,,-3,,
2176,964,1,18,4,11580,,,-3,,
2177,964,1,34,2,11580,,,-3,,
2178,965,1,287,5,11640,,,-3,,
2179,966,1,358,8,11640,,,-3,,
2180,967,1,39,4,11640,,,-3,,
2181,968,1,2,4,11640,,,-3,,
2182,968,1,38,4,11640,,,-3,,
2183,969,1,267,2,11700,,,-3,,
2184,970,1,21,9,11700,,,-3,,
2185,970,1,1,4,11700,,,-3,,
2186,970,1,5,7,11700,,,-3,,
2187,971,1,29,5,11700,,,-3,,
2188,971,1,433,2,11700,,,-3,,
2189,972,1,1,11,11700,,,-3,,
2190,972,1,26,1,11700,,,-3,,
2191,972,1,382,5,11700,,,-3,,
2192,973,1,154,6,11700,,,-3,,
2193,973,1,45,10,11700,,,-3,,
2194,973,1,148,5,11700,,,-3,,
2195,973,1,111,4,11700,,,-3,,
2196,974,1,116,9,11700,,,-3,,
2197,974,1,167,5,11700,,,-3,,
2198,975,1,36,8,11760,,,-3,,
2199,975,1,38,3,11760,,,-3,,
2200,975,1,20,2,11760,,,-3,,
2201,975,1,5,1,11760,,,-3,,
2202,976,1,2,10,11760,,,-3,,
2203,976,1,57,1,11760,,,-3,,
2204,977,1,44,2,11760,,,-3,,
2205,977,1,2,4,11760,,,-3,,
2206,977,1,173,8,11760,,,-3,,
2207,977,1,172,10,11760,,,-3,,
2208,977,1,83,3,11760,,,-3,,
2209,978,1,81,10,11760,,,-3,,
2210,979,1,244,3,11760,,,-3,,
2211,980,1,2,8,11820,,,-3,,
2212,981,1,4,6,11880,,,-3,,
2213,982,1,98,8,11880,,,-3,,
2214,983,1,151,6,11880,,,-3,,
2215,983,1,16,10,11880,,,-3,,
2216,984,1,23,2,11880,,,-3,,
2217,985,1,43,6,11880,,,-3,,
2218,985,1,0,4,11880,,,-3,,
2219,986,1,23,6,11940,,,-3,,
2220,986,1,367,8,11940,,,-3,,
2221,987,1,62,6,11940,,,-3,,
2222,987,1,113,6,11940,,,-3,,
2223,987,1,150,5,11940,,,-3,,
2224,987,1,74,12,11940,,,-3,,
2225,987,1,18,9,11940,,,-3,,
2226,988,1,45,12,11940,,,-3,,
2227,988,1,236,4,11940,,,-3,,
2228,988,1,0,5,11940,,,-3,,
2229,989,1,45,9,11940,,,-3,,
2230,989,1,29,5,11940,,,-3,,
2231,989,1,30,3,11940,,,-3,,
2232,990,1,12,1,11940,,,-3,,
2233,990,1,56,6,11940,,,-3,,
2234,990,1,47,6,11940,,,-3,,
2235,991,1,14,4,11940,,,-3,,
2236,991,1,396,6,11940,,,-3,,
2237,991,1,3,1,11940,,,-3,,
2238,991,1,35,2,11940,,,-3,,
2239,992,1,134,6,11940,,,-3,,
2240,992,1,426,7,11940,,,-3,,
2241,992,1,17,6,11940,,,-3,,
2242,992,1,459,2,11940,,,-3,,
2243,993,1,138,6,11940,,,-3,,
2244,993,1,63,8,11940,,,-3,,
2245,993,1,101,4,11940,,,-3,,
2246,993,1,35,6,11940,,,-3,,
2247,994,1,306,4,12060,,,-3,,
2248,995,1,412,4,12060,,,-3,,
2249,995,1,29,12,12060,,,-3,,
2250,995,1,351,2,12060,,,-3,,
2251,996,1,36,4,12060,,,-3,,
2252,996,1,79,8,12060,,,-3,,
2253,996,1,21,4,12060,,,-3,,
2254,997,1,37,6,12060,,,-3,,
2255,998,1,84,9,12060,,,-3,,
2256,999,1,146,7,12060,,,-3,,
2257,1000,1,170,12,12060,,,-3,,
2258,1001,1,4,1,12120,,,-3,,
2259,1001,1,172,10,12120,,,-3,,
2260,1001,1,133,4,12120,,,-3,,
2261,1001,1,56,10,12120,,,-3,,
2262,1001,1,20,9,12120,,,-3,,
2263,1001,1,91,6,12120,,,-3,,
2264,1002,1,19,10,12120,,,-3,,
2265,1003,1,5,5,12120,,,-3,,
2266,1004,1,23,9,12120,,,-3,,
2267,1005,1,20,6,12120,,,-3,,
2268,1005,1,45,6,12120,,,-3,,
2269,1006,1,187,7,12120,,,-3,,
2270,1007,1,181,7,12120,,,-3,,
2271,1008,1,1,10,12120,,,-3,,
2272,1008,1,51,2,12120,,,-3,,
2273,1009,1,72,8,12180,,,-3,,
2274,1009,1,180,5,12180,,,-3,,
2275,1010,1,25,10,12180,,,-3,,
2276,1011,1,136,9,12180,,,-3,,
2277,1012,1,3,8,12180,,,-3,,
2278,1013,1,99,9,12180,,,-3,,
2279,1013,1,59,7,12180,,,-3,,
2280,1014,1,25,1,12180,,,-3,,
2281,1015,1,148,6,12240,,,-3,,
2282,1016,1,41,11,12240,,,-3,,
2283,1017,1,60,3,12240,,,-3,,
2284,1017,1,99,6,12240,,,-3,,
2285,1017,1,18,4,12240,,,-3,,
2286,1018,1,3,6,12240,,,-3,,
2287,1019,1,5,10,12300,,,-3,,
2288,1019,1,34,5,12300,,,-3,,
2289,1019,1,246,7,12300,,,-3,,
2290,1020,1,44,10,12300,,,-3,,
2291,1021,1,100,7,12300,,,-3,,
2292,1021,1,284,8,12300,,,-3,,
2293,1021,1,6,6,12300,,,-3,,
2294,1021,1,47,5,12300,,,-3,,
2295,1021,1,79,8,12300,,,-3,,
2296,1022,1,231,4,12300,,,-3,,
2297,1022,1,28,7,12300,,,-3,,
2298,1023,1,174,6,12300,,,-3,,
2299,1023,1,110,6,12300,,,-3,,
2300,1023,1,19,6,12300,,,-3,,
2301,1023,1,78,4,12300,,,-3,,
2302,1024,1,45,7,12300,,,-3,,
2303,1024,1,444,4,12300,,,-3,,
2304,1025,1,5,3,12300,,,-3,,
2305,1026,1,380,8,12300,,,-3,,
2306,1026,1,45,4,12300,,,-3,,
2307,1026,1,151,10,12300,,,-3,,
2308,1027,1,34,6,12300,,,-3,,
2309,1027,1,24,10,12300,,,-3,,
2310,1027,1,20,7,12300,,,-3,,
2311,1028,1,104,6,12360,,,-3,,
2312,1029,1,1,6,12360,,,-3,,
2313,1030,1,38,5,12360,,,-3,,
2314,1031,1,112,4,12360,,,-3,,
2315,1032,1,60,8,12360,,,-3,,
2316,1033,1,81,4,12420,,,-3,,
2317,1034,1,232,6,12420,,,-3,,
2318,1034,1,182,4,12420,,,-3,,
2319,1035,1,10,12,12420,,,-3,,
2320,1036,1,69,8,12420,,,-3,,
2321,1037,1,7,1,12420,,,-3,,
2322,1038,1,50,8,12420,,,-3,,
2323,1038,1,98,4,12420,,,-3,,
2324,1038,1,368,10,12420,,,-3,,
2325,1038,1,2,8,12420,,,-3,,
2326,1039,1,9,6,12420,,,-3,,
2327,1040,1,44,7,12420,,,-3,,
2328,1041,1,87,8,12480,,,-3,,
2329,1041,1,23,6,12480,,,-3,,
2330,1041,1,0,6,12480,,,-3,,
2331,1042,1,41,10,12480,,,-3,,
2332,1043,1,145,4,12480,,,-3,,
2333,1044,1,296,4,12480,,,-3,,
2334,1045,1,164,4,12480,,,-3,,
2335,1046,1,39,12,12480,,,-3,,
2336,1047,1,306,6,12540,,,-3,,
2337,1048,1,300,10,12540,,,-3,,
2338,1049,1,110,2,12540,,,-3,,
2339,1049,1,219,4,12540,,,-3,,
2340,1050,1,84,6,12540,,,-3,,
2341,1051,1,329,6,12540,,,-3,,
2342,1052,1,194,9,12600,,,-3,,
2343,1052,1,462,5,12600,,,-3,,
2344,1053,1,178,4,12600,,,-3,,
2345,1054,1,179,4,12600,,,-3,,
2346,1055,1,28,6,12600,,,-3,,
2347,1056,1,0,10,12600,,,-3,,
2348,1056,1,31,1,12600,,,-3,,
2349,1057,1,142,2,12600,,,-3,,
2350,1058,1,196,4,12660,,,-3,,
2351,1058,1,45,6,12660,,,-3,,
2352,1058,1,363,11,12660,,,-3,,
2353,1059,1,102,8,12660,,,-3,,
2354,1060,1,4,4,12660,,,-3,,
2355,1060,1,34,4,12660,,,-3,,
2356,1061,1,0,6,12660,,,-3,,
2357,1062,1,90,9,12660,,,-3,,
2358,1063,1,49,2,12720,,,-3,,
2359,1064,1,481,10,12720,,,-3,,
2360,1065,1,433,8,12720,,,-3,,
2361,1065,1,88,2,12720,,,-3,,
2362,1066,1,7,8,12720,,,-3,,
2363,1066,1,268,1,12720,,,-3,,
2364,1066,1,217,4,12720,,,-3,,
2365,1066,1,31,12,12720,,,-3,,
2366,1067,1,54,4,12720,,,-3,,
2367,1067,1,12,11,12720,,,-3,,
2368,1067,1,7,4,12720,,,-3,,
2369,1067,1,39,5,12720,,,-3,,
2370,1068,1,177,7,12720,,,-3,,
2371,1068,1,110,4,12720,,,-3,,
2372,1068,1,464,8,12720,,,-3,,
2373,1068,1,1,4,12720,,,-3,,
2374,1068,1,47,10,12720,,,-3,,
2375,1069,1,42,12,12720,,,-3,,
2376,1069,1,15,12,12720,,,-3,,
2377,1069,1,21,6,12720,,,-3,,
2378,1070,1,25,11,12780,,,-3,,
2379,1071,1,147,8,12780,,,-3,,
2380,1071,1,304,3,12780,,,-3,,
2381,1071,1,30,6,12780,,,-3,,
2382,1072,1,5,6,12780,,,-3,,
2383,1073,1,8,11,12840,,,-3,,
2384,1073,1,2,11,12840,,,-3,,
2385,1073,1,367,6,12840,,,-3,,
2386,1074,1,4,1,12840,,,-3,,
2387,1074,1,400,10,12840,,,-3,,
2388,1074,1,214,2,12840,,,-3,,
2389,1075,1,267,12,12840,,,-3,,
2390,1075,1,448,6,12840,,,-3,,
2391,1076,1,207,6,12840,,,-3,,
2392,1076,1,145,12,12840,,,-3,,
2393,1076,1,1,8,12840,,,-3,,
2394,1077,1,378,5,12840,,,-3,,
2395,1078,1,360,4,12840,,,-3,,
2396,1078,1,196,8,12840,,,-3,,
2397,1079,1,64,9,12900,,,-3,,
2398,1079,1,63,10,12900,,,-3,,
2399,1080,1,46,5,12900,,,-3,,
2400,1080,1,262,6,12900,,,-3,,
2401,1081,1,145,5,12960,,,-3,,
2402,1082,1,23,6,12960,,,-3,,
2403,1082,1,1,7,12960,,,-3,,
2404,1082,1,185,8,12960,,,-3,,
2405,1083,1,5,9,12960,,,-3,,
2406,1083,1,214,10,12960,,,-3,,
2407,1083,1,209,11,12960,,,-3,,
2408,1083,1,27,8,12960,,,-3,,
2409,1084,1,350,9,12960,,,-3,,
2410,1084,1,349,4,12960,,,-3,,
2411,1084,1,34,5,12960,,,-3,,
2412,1084,1,221,8,12960,,,-3,,
2413,1085,1,60,4,13020,,,-3,,
2414,1085,1,334,8,13020,,,-3,,
2415,1085,1,28,4,13020,,,-3,,
2416,1086,1,28,8,13020,,,-3,,
2417,1087,1,175,2,13020,,,-3,,
2418,1087,1,29,10,13020,,,-3,,
2419,1088,1,13,8,13020,,,-3,,
2420,1089,1,41,11,13020,,,-3,,
2421,1090,1,186,8,13080,,,-3,,
2422,1090,1,90,8,13080,,,-3,,
2423,1090,1,77,6,13080,,,-3,,
2424,1091,1,9,6,13080,,,-3,,
2425,1091,1,25,7,13080,,,-3,,
2426,1092,1,37,7,13080,,,-3,,
2427,1093,1,192,8,13140,,,-3,,
2428,1094,1,12,8,13140,,,-3,,
2429,1094,1,245,4,13140,,,-3,,
2430,1094,1,282,8,13140,,,-3,,
2431,1095,1,127,2,13140,,,-3,,
2432,1096,1,246,8,13200,,,-3,,
2433,1096,1,16,5,13200,,,-3,,
2434,1096,1,17,1,13200,,,-3,,
2435,1097,1,2,11,13200,,,-3,,
2436,1097,1,17,4,13200,,,-3,,
2437,1098,1,3,8,13260,,,-3,,
2438,1099,1,122,10,13260,,,-3,,
2439,1099,1,18,8,13260,,,-3,,
2440,1100,1,264,4,13260,,,-3,,
2441,1101,1,19,4,13320,,,-3,,
2442,1101,1,261,9,13320,,,-3,,
2443,1101,1,428,9,13320,,,-3,,
2444,1101,1,462,6,13320,,,-3,,
2445,1102,1,51,4,13320,,,-3,,
2446,1102,1,8,7,13320,,,-3,,
2447,1102,1,40,7,13320,,,-3,,
2448,1102,1,122,11,13320,,,-3,,
2449,1103,1,42,9,13320,,,-3,,
2450,1104,1,6,6,13380,,,-3,,
2451,1105,1,11,5,13380,,,-3,,
2452,1106,1,19,7,13380,,,-3,,
2453,1107,1,89,6,13380,,,-3,,
2454,1107,1,23,4,13380,,,-3,,
2455,1108,1,4,6,13380,,,-3,,
2456,1109,1,38,4,13380,,,-3,,
2457,1109,1,76,4,13380,,,-3,,
2458,1110,1,1,12,13380,,,-3,,
2459,1110,1,12,8,13380,,,-3,,
2460,1111,1,142,4,13440,,,-3,,
2461,1112,1,25,2,13440,,,-3,,
2462,1112,1,82,7,13440,,,-3,,
2463,1112,1,309,2,13440,,,-3,,
2464,1112,1,128,8,13440,,,-3,,
2465,1113,1,45,5,13440,,,-3,,
2466,1114,1,92,3,13440,,,-3,,
2467,1115,1,119,8,13500,,,-3,,
2468,1116,1,48,9,13500,,,-3,,
2469,1117,1,41,9,13500,,,-3,,
2470,1117,1,0,4,13500,,,-3,,
2471,1118,1,369,4,13500,,,-3,,
2472,1118,1,48,7,13500,,,-3,,
2473,1118,1,25,5,13500,,,-3,,
2474,1119,1,158,4,13500,,,-3,,
2475,1120,1,29,2,13560,,,-3,,
2476,1121,1,1,5,13560,,,-3,,
2477,1121,1,352,4,13560,,,-3,,
2478,1121,1,2,4,13560,,,-3,,
2479,1121,1,34,6,13560,,,-3,,
2480,1122,1,10,10,13560,,,-3,,
2481,1122,1,136,7,13560,,,-3,,
2482,1123,1,38,4,13560,,,-3,,
2483,1123,1,31,6,13560,,,-3,,
2484,1123,1,24,11,13560,,,-3,,
2485,1123,1,425,6,13560,,,-3,,
2486,1123,1,4,9,13560,,,-3,,
2487,1123,1,6,10,13560,,,-3,,
2488,1123,1,8,4,13560,,,-3,,
2489,1123,1,28,8,13560,,,-3,,
2490,1124,1,15,6,13560,,,-3,,
2491,1124,1,188,8,13560,,,-3,,
2492,1125,1,26,5,13560,,,-3,,
2493,1126,1,4,1,13620,,,-3,,
2494,1127,1,149,9,13620,,,-3,,
2495,1128,1,24,3,13620,,,-3,,
2496,1128,1,379,8,13620,,,-3,,
2497,1129,1,165,10,13620,,,-3,,
2498,1129,1,27,5,13620,,,-3,,
2499,1130,1,21,5,13620,,,-3,,
2500,1131,1,21,7,13620,,,-3,,
2501,1131,1,39,5,13620,,,-3,,
2502,1132,1,176,3,13620,,,-3,,
2503,1133,1,173,8,13620,,,-3,,
2504,1134,1,51,7,13620,,,-3,,
2505,1135,1,323,12,13620,,,-3,,
2506,1135,1,13,4,13620,,,-3,,
2507,1136,1,80,8,13680,,,-3,,
2508,1136,1,0,7,13680,,,-3,,
2509,1136,1,28,12,13680,,,-3,,
2510,1136,1,58,7,13680,,,-3,,
2511,1137,1,27,4,13680,,,-3,,
2512,1138,1,12,9,13740,,,-3,,
2513,1139,1,168,3,13740,,,-3,,
2514,1140,1,7,10,13740,,,-3,,
2515,1141,1,6,10,13740,,,-3,,
2516,1141,1,4,9,13740,,,-3,,
2517,1142,1,135,6,13740,,,-3,,
2518,1142,1,18,4,13740,,,-3,,
2519,1142,1,25,5,13740,,,-3,,
2520,1143,1,17,10,13800,,,-3,,
2521,1143,1,29,4,13800,,,-3,,
2522,1143,1,3,7,13800,,,-3,,
2523,1144,1,27,8,13800,,,-3,,
2524,1145,1,128,8,13800,,,-3,,
2525,1146,1,18,2,13800,,,-3,,
2526,1147,1,173,10,13800,,,-3,,
2527,1147,1,128,8,13800,,,-3,,
2528,1147,1,6,7,13800,,,-3,,
2529,1147,1,153,5,13800,,,-3,,
2530,1148,1,187,10,13800,,,-3,,
2531,1149,1,8,2,13860,,,-3,,
2532,1150,1,34,9,13860,,,-3,,
2533,1151,1,99,8,13860,,,-3,,
2534,1152,1,155,8,13860,,,-3,,
2535,1153,1,141,6,13860,,,-3,,
2536,1153,1,375,6,13860,,,-3,,
2537,1153,1,26,3,13860,,,-3,,
2538,1154,1,19,1,13860,,,-3,,
2539,1154,1,16,9,13860,,,-3,,
2540,1155,1,42,10,13860,,,-3,,
2541,1155,1,4,9,13860,,,-3,,
2542,1155,1,2,10,13860,,,-3,,
2543,1156,1,192,6,13860,,,-3,,
2544,1157,1,17,9,13860,,,-3,,
2545,1157,1,449,9,13860,,,-3,,
2546,1157,1,75,5,13860,,,-3,,
2547,1158,1,23,8,13860,,,-3,,
2548,1159,1,48,8,13860,,,-3,,
2549,1160,1,33,8,13920,,,-3,,
2550,1161,1,249,6,13920,,,-3,,
2551,1161,1,263,8,13920,,,-3,,
2552,1161,1,384,5,13920,,,-3,,
2553,1161,1,9,4,13920,,,-3,,
2554,1162,1,17,8,13920,,,-3,,
2555,1163,1,3,8,13980,,,-3,,
2556,1163,1,76,8,13980,,,-3,,
2557,1163,1,10,9,13980,,,-3,,
2558,1164,1,7,6,13980,,,-3,,
2559,1164,1,119,4,13980,,,-3,,
2560,1165,1,16,5,13980,,,-3,,
2561,1165,1,118,4,13980,,,-3,,
2562,1165,1,87,10,13980,,,-3,,
2563,1166,1,41,7,13980,,,-3,,
2564,1166,1,201,5,13980,,,-3,,
2565,1166,1,242,10,13980,,,-3,,
2566,1166,1,5,6,13980,,,-3,,
2567,1166,1,25,6,13980,,,-3,,
2568,1166,1,3,10,13980,,,-3,,
2569,1166,1,189,3,13980,,,-3,,
2570,1166,1,38,2,13980,,,-3,,
2571,1166,1,113,4,13980,,,-3,,
2572,1167,1,98,6,13980,,,-3,,
2573,1168,1,302,8,13980,,,-3,,
2574,1168,1,188,6,13980,,,-3,,
2575,1169,1,121,3,14040,,,-3,,
2576,1169,1,25,11,14040,,,-3,,
2577,1169,1,122,12,14040,,,-3,,
2578,1169,1,80,4,14040,,,-3,,
2579,1170,1,64,1,14040,,,-3,,
2580,1170,1,39,9,14040,,,-3,,
2581,1171,1,156,1,14040,,,-3,,
2582,1171,1,13,6,14040,,,-3,,
2583,1172,1,17,6,14040,,,-3,,
2584,1173,1,111,2,14100,,,-3,,
2585,1174,1,91,8,14100,,,-3,,
2586,1175,1,3,4,14100,,,-3,,
2587,1176,1,7,1,14100,,,-3,,
2588,1176,1,277,5,14100,,,-3,,
2589,1177,1,9,8,14160,,,-3,,
2590,1178,1,157,1,14160,,,-3,,
2591,1178,1,4,4,14160,,,-3,,
2592,1178,1,207,2,14160,,,-3,,
2593,1179,1,143,1,14160,,,-3,,
2594,1180,1,15,8,14160,,,-3,,
2595,1180,1,2,4,14160,,,-3,,
2596,1181,1,147,2,14160,,,-3,,
2597,1182,1,347,10,14220,,,-3,,
2598,1183,1,23,6,14220,,,-3,,
2599,1183,1,120,6,14220,,,-3,,
2600,1184,1,158,6,14280,,,-3,,
2601,1185,1,71,5,14280,,,-3,,
2602,1185,1,177,12,14280,,,-3,,
2603,1185,1,20,8,14280,,,-3,,
2604,1186,1,263,4,14280,,,-3,,
2605,1187,1,48,10,14280,,,-3,,
2606,1187,1,450,9,14280,,,-3,,
2607,1187,1,6,8,14280,,,-3,,
2608,1188,1,106,8,14280,,,-3,,
2609,1189,1,7,6,14280,,,-3,,
2610,1190,1,103,4,14280,,,-3,,
2611,1191,1,14,11,14280,,,-3,,
2612,1191,1,0,8,14280,,,-3,,
2613,1191,1,37,4,14280,,,-3,,
2614,1191,1,263,6,14280,,,-3,,
2615,1192,1,37,6,14340,,,-3,,
2616,1193,1,37,6,14340,,,-3,,
2617,1193,1,99,2,14340,,,-3,,
2618,1193,1,64,6,14340,,,-3,,
2619,1194,1,179,8,14340,,,-3,,
2620,1195,1,88,9,14340,,,-3,,
2621,1195,1,111,8,14340,,,-3,,
2622,1195,1,1,2,14340,,,-3,,
2623,1195,1,32,11,14340,,,-3,,
2624,1196,1,19,7,14340,,,-3,,
2625,1197,1,134,2,14340,,,-3,,
2626,1198,1,437,10,14340,,,-3,,
2627,1198,1,409,6,14340,,,-3,,
2628,1199,1,9,6,14340,,,-3,,
2629,1200,1,138,3,14340,,,-3,,
2630,1201,1,7,6,14400,,,-3,,
2631,1202,1,7,3,14400,,,-3,,
2632,1202,1,103,7,14400,,,-3,,
2633,1202,1,49,6,14400,,,-3,,
2634,1203,1,22,7,14400,,,-3,,
2635,1203,1,31,7,14400,,,-3,,
2636,1203,1,11,10,14400,,,-3,,
2637,1204,1,84,10,14400,,,-3,,
2638,1205,1,31,10,14400,,,-3,,
2639,1206,1,19,6,14400,,,-3,,
2640,1207,1,117,9,14460,,,-3,,
2641,1208,1,298,8,14460,,,-3,,
2642,1209,1,271,5,14460,,,-3,,
2643,1210,1,14,8,14460,,,-3,,
2644,1211,1,4,6,14520,,,-3,,
2645,1212,1,12,8,14520,,,-3,,
2646,1212,1,214,6,14520,,,-3,,
2647,1213,1,89,8,14520,,,-3,,
2648,1214,1,30,11,14520,,,-3,,
2649,1214,1,140,7,14520,,,-3,,
2650,1214,1,12,3,14520,,,-3,,
2651,1215,1,49,12,14520,,,-3,,
2652,1216,1,11,8,14520,,,-3,,
2653,1217,1,30,4,14580,,,-3,,
2654,1217,1,69,11,14580,,,-3,,
2655,1217,1,320,5,14580,,,-3,,
2656,1218,1,49,3,14580,,,-3,,
2657,1218,1,20,3,14580,,,-3,,
2658,1218,1,40,6,14580,,,-3,,
2659,1219,1,13,6,14580,,,-3,,
2660,1219,1,210,6,14580,,,-3,,
2661,1219,1,64,11,14580,,,-3,,
2662,1220,1,408,9,14580,,,-3,,
2663,1220,1,115,8,14580,,,-3,,
2664,1221,1,12,7,14640,,,-3,,
2665,1221,1,6,6,14640,,,-3,,
2666,1222,1,14,8,14640,,,-3,,
2667,1222,1,282,1,14640,,,-3,,
2668,1223,1,44,12,14640,,,-3,,
2669,1224,1,13,4,14700,,,-3,,
2670,1224,1,386,4,14700,,,-3,,
2671,1224,1,289,8,14700,,,-3,,
2672,1224,1,11,8,14700,,,-3,,
2673,1224,1,1,9,14700,,,-3,,
2674,1224,1,270,8,14700,,,-3,,
2675,1225,1,8,7,14700,,,-3,,
2676,1226,1,146,11,14700,,,-3,,
2677,1226,1,1,4,14700,,,-3,,
2678,1226,1,34,6,14700,,,-3,,
2679,1226,1,140,12,14700,,,-3,,
2680,1226,1,4,2,14700,,,-3,,
2681,1226,1,97,3,14700,,,-3,,
2682,1227,1,21,6,14700,,,-3,,
2683,1227,1,50,9,14700,,,-3,,
2684,1228,1,48,4,14700,,,-3,,
2685,1229,1,22,10,14700,,,-3,,
2686,1229,1,424,6,14700,,,-3,,
2687,1229,1,293,6,14700,,,-3,,
2688,1229,1,31,5,14700,,,-3,,
2689,1230,1,11,4,14700,,,-3,,
2690,1231,1,1,2,14700,,,-3,,
2691,1232,1,96,10,14700,,,-3,,
2692,1233,1,216,4,14700,,,-3,,
2693,1233,1,125,6,14700,,,-3,,
2694,1233,1,39,7,14700,,,-3,,
2695,1233,1,13,7,14700,,,-3,,
2696,1234,1,16,4,14760,,,-3,,
2697,1235,1,296,4,14760,,,-3,,
2698,1236,1,14,5,14760,,,-3,,
2699,1236,1,366,9,14760,,,-3,,
2700,1236,1,5,3,14760,,,-3,,
2701,1236,1,42,10,14760,,,-3,,
2702,1237,1,43,6,14760,,,-3,,
2703,1237,1,30,8,14760,,,-3,,
2704,1238,1,243,7,14760,,,-3,,
2705,1238,1,2,11,14760,,,-3,,
2706,1238,1,1,4,14760,,,-3,,
2707,1238,1,10,8,14760,,,-3,,
2708,1238,1,13,6,14760,,,-3,,
2709,1239,1,155,10,14820,,,-3,,
2710,1240,1,420,4,14820,,,-3,,
2711,1241,1,91,4,14820,,,-3,,
2712,1242,1,138,7,14820,,,-3,,
2713,1242,1,3,4,14820,,,-3,,
2714,1242,1,29,5,14820,,,-3,,
2715,1243,1,99,12,14820,,,-3,,
2716,1243,1,38,4,14820,,,-3,,
2717,1244,1,413,12,14820,,,-3,,
2718,1244,1,21,4,14820,,,-3,,
2719,1244,1,166,7,14820,,,-3,,
2720,1244,1,74,7,14820,,,-3,,
2721,1244,1,52,10,14820,,,-3,,
2722,1244,1,9,7,14820,,,-3,,
2723,1245,1,20,9,14880,,,-3,,
2724,1245,1,10,10,14880,,,-3,,
2725,1246,1,21,10,14880,,,-3,,
2726,1246,1,71,4,14880,,,-3,,
2727,1246,1,421,9,14880,,,-3,,
2728,1246,1,65,8,14880,,,-3,,
2729,1246,1,2,4,14880,,,-3,,
2730,1246,1,102,9,14880,,,-3,,
2731,1246,1,105,7,14880,,,-3,,
2732,1246,1,183,7,14880,,,-3,,
2733,1246,1,0,6,14880,,,-3,,
2734,1246,1,141,6,14880,,,-3,,
2735,1246,1,101,10,14880,,,-3,,
2736,1246,1,360,6,14880,,,-3,,
2737,1246,1,90,6,14880,,,-3,,
2738,1247,1,36,4,14880,,,-3,,
2739,1247,1,430,2,14880,,,-3,,
2740,1247,1,385,2,14880,,,-3,,
2741,1248,1,1,5,14880,,,-3,,
2742,1248,1,140,4,14880,,,-3,,
2743,1249,1,1,10,14940,,,-3,,
2744,1250,1,59,2,14940,,,-3,,
2745,1250,1,80,8,14940,,,-3,,
2746,1251,1,33,6,14940,,,-3,,
2747,1251,1,53,6,14940,,,-3,,
2748,1252,1,480,10,14940,,,-3,,
2749,1252,1,51,10,14940,,,-3,,
2750,1253,1,16,8,14940,,,-3,,
2751,1254,1,448,7,14940,,,-3,,
2752,1254,1,445,6,14940,,,-3,,
2753,1255,1,36,4,14940,,,-3,,
2754,1256,1,267,2,14940,,,-3,,
2755,1256,1,369,12,14940,,,-3,,
2756,1257,1,29,4,15000,,,-3,,
2757,1257,1,36,5,15000,,,-3,,
2758,1257,1,283,6,15000,,,-3,,
2759,1257,1,39,9,15000,,,-3,,
2760,1258,1,45,8,15060,,,-3,,
2761,1259,1,187,7,15060,,,-3,,
2762,1260,1,37,6,15060,,,-3,,
2763,1260,1,2,10,15060,,,-3,,
2764,1260,1,74,5,15060,,,-3,,
2765,1261,1,31,6,15060,,,-3,,
2766,1262,1,0,7,15060,,,-3,,
2767,1263,1,69,8,15060,,,-3,,
2768,1263,1,53,2,15060,,,-3,,
2769,1264,1,9,10,15060,,,-3,,
2770,1264,1,296,6,15060,,,-3,,
2771,1265,1,1,5,15060,,,-3,,
2772,1265,1,0,12,15060,,,-3,,
2773,1266,1,7,4,15060,,,-3,,
2774,1266,1,28,8,15060,,,-3,,
2775,1267,1,81,2,15060,,,-3,,
2776,1267,1,494,2,15060,,,-3,,
2777,1267,1,29,6,15060,,,-3,,
2778,1267,1,27,12,15060,,,-3,,
2779,1267,1,130,7,15060,,,-3,,
2780,1268,1,4,2,15120,,,-3,,
2781,1269,1,39,6,15120,,,-3,,
2782,1269,1,145,6,15120,,,-3,,
2783,1269,1,157,12,15120,,,-3,,
2784,1270,1,82,8,15120,,,-3,,
2785,1271,1,314,9,15120,,,-3,,
2786,1272,1,38,4,15120,,,-3,,
2787,1272,1,34,10,15120,,,-3,,
2788,1273,1,102,2,15120,,,-3,,
2789,1274,1,36,12,15180,,,-3,,
2790,1275,1,25,6,15180,,,-3,,
2791,1275,1,86,12,15180,,,-3,,
2792,1275,1,44,12,15180,,,-3,,
2793,1275,1,73,8,15180,,,-3,,
2794,1275,1,36,8,15180,,,-3,,
2795,1275,1,137,10,15180,,,-3,,
2796,1275,1,177,6,15180,,,-3,,
2797,1275,1,5,4,15180,,,-3,,
2798,1276,1,40,2,15180,,,-3,,
2799,1277,1,10,4,15180,,,-3,,
2800,1278,1,30,6,15180,,,-3,,
2801,1279,1,340,9,15180,,,-3,,
2802,1280,1,15,4,15240,,,-3,,
2803,1280,1,32,6,15240,,,-3,,
2804,1280,1,0,4,15240,,,-3,,
2805,1281,1,48,9,15240,,,-3,,
2806,1282,1,38,4,15240,,,-3,,
2807,1282,1,184,9,15240,,,-3,,
2808,1282,1,264,8,15240,,,-3,,
2809,1283,1,58,7,15240,,,-3,,
2810,1283,1,31,7,15240,,,-3,,
2811,1284,1,98,7,15300,,,-3,,
2812,1285,1,454,11,15300,,,-3,,
2813,1285,1,49,6,15300,,,-3,,
2814,1286,1,3,9,15300,,,-3,,
2815,1286,1,18,6,15300,,,-3,,
2816,1286,1,11,6,15300,,,-3,,
2817,1286,1,144,6,15300,,,-3,,
2818,1287,1,2,4,15300,,,-3,,
2819,1288,1,138,10,15300,,,-3,,
2820,1288,1,0,7,15300,,,-3,,
2821,1289,1,6,9,15300,,,-3,,
2822,1289,1,458,4,15300,,,-3,,
2823,1290,1,39,9,15300,,,-3,,
2824,1291,1,415,7,15360,,,-3,,
2825,1291,1,17,7,15360,,,-3,,
2826,1292,1,21,6,15360,,,-3,,
2827,1292,1,3,9,15360,,,-3,,
2828,1292,1,35,8,15360,,,-3,,
2829,1293,1,321,6,15360,,,-3,,
2830,1293,1,26,7,15360,,,-3,,
2831,1294,1,0,2,15420,,,-3,,
2832,1294,1,454,6,15420,,,-3,,
2833,1294,1,25,2,15420,,,-3,,
2834,1295,1,225,6,15480,,,-3,,
2835,1295,1,46,6,15480,,,-3,,
2836,1295,1,169,8,15480,,,-3,,
2837,1295,1,55,3,15480,,,-3,,
2838,1295,1,135,8,15480,,,-3,,
2839,1295,1,2,10,15480,,,-3,,
2840,1296,1,9,10,15480,,,-3,,
2841,1296,1,83,8,15480,,,-3,,
2842,1297,1,490,9,15480,,,-3,,
2843,1297,1,36,6,15480,,,-3,,
2844,1298,1,5,6,15480,,,-3,,
2845,1299,1,29,8,15540,,,-3,,
2846,1299,1,14,8,15540,,,-3,,
2847,1300,1,15,10,15540,,,-3,,
2848,1301,1,183,8,15540,,,-3,,
2849,1301,1,5,5,15540,,,-3,,
2850,1302,1,46,8,15600,,,-3,,
2851,1302,1,106,3,15600,,,-3,,
2852,1302,1,147,8,15600,,,-3,,
2853,1302,1,47,10,15600,,,-3,,
2854,1302,1,145,9,15600,,,-3,,
2855,1303,1,255,4,15600,,,-3,,
2856,1303,1,102,4,15600,,,-3,,
2857,1304,1,42,4,15660,,,-3,,
2858,1304,1,104,4,15660,,,-3,,
2859,1305,1,55,9,15660,,,-3,,
2860,1306,1,9,8,15660,,,-3,,
2861,1306,1,0,2,15660,,,-3,,
2862,1306,1,444,11,15660,,,-3,,
2863,1306,1,22,6,15660,,,-3,,
2864,1306,1,39,5,15660,,,-3,,
2865,1306,1,5,6,15660,,,-3,,
2866,1307,1,21,1,15720,,,-3,,
2867,1307,1,71,10,15720,,,-3,,
2868,1308,1,24,5,15720,,,-3,,
2869,1308,1,34,6,15720,,,-3,,
2870,1308,1,386,10,15720,,,-3,,
2871,1309,1,86,7,15720,,,-3,,
2872,1309,1,269,12,15720,,,-3,,
2873,1310,1,44,6,15720,,,-3,,
2874,1310,1,343,10,15720,,,-3,,
2875,1310,1,88,7,15720,,,-3,,
2876,1310,1,11,8,15720,,,-3,,
2877,1310,1,173,8,15720,,,-3,,
2878,1310,1,180,6,15720,,,-3,,
2879,1310,1,15,7,15720,,,-3,,
2880,1310,1,16,3,15720,,,-3,,
2881,1311,1,122,6,15780,,,-3,,
2882,1311,1,11,4,15780,,,-3,,
2883,1312,1,304,8,15780,,,-3,,
2884,1313,1,4,1,15780,,,-3,,
2885,1313,1,160,6,15780,,,-3,,
2886,1313,1,32,8,15780,,,-3,,
2887,1313,1,147,2,15780,,,-3,,
2888,1313,1,89,6,15780,,,-3,,
2889,1314,1,486,12,15780,,,-3,,
2890,1315,1,30,5,15840,,,-3,,
2891,1315,1,1,8,15840,,,-3,,
2892,1315,1,22,10,15840,,,-3,,
2893,1316,1,10,4,15840,,,-3,,
2894,1316,1,39,11,15840,,,-3,,
2895,1316,1,418,6,15840,,,-3,,
2896,1317,1,56,8,15840,,,-3,,
2897,1318,1,11,6,15840,,,-3,,
2898,1318,1,18,6,15840,,,-3,,
2899,1319,1,24,3,15840,,,-3,,
2900,1319,1,460,6,15840,,,-3,,
2901,1320,1,3,4,15900,,,-3,,
2902,1320,1,22,4,15900,,,-3,,
2903,1320,1,37,4,15900,,,-3,,
2904,1321,1,312,10,15900,,,-3,,
2905,1322,1,4,8,15900,,,-3,,
2906,1323,1,9,2,15960,,,-3,,
2907,1323,1,214,8,15960,,,-3,,
2908,1324,1,41,4,15960,,,-3,,
2909,1325,1,46,3,15960,,,-3,,
2910,1325,1,1,6,15960,,,-3,,
2911,1325,1,126,7,15960,,,-3,,
2912,1326,1,20,5,16020,,,-3,,
2913,1327,1,17,6,16020,,,-3,,
2914,1328,1,470,9,16020,,,-3,,
2915,1329,1,17,5,16020,,,-3,,
2916,1330,1,1,2,16020,,,-3,,
2917,1330,1,10,6,16020,,,-3,,
2918,1330,1,448,8,16020,,,-3,,
2919,1330,1,20,10,16020,,,-3,,
2920,1331,1,31,4,16080,,,-3,,
2921,1331,1,7,2,16080,,,-3,,
2922,1332,1,35,7,16080,,,-3,,
2923,1332,1,36,4,16080,,,-3,,
2924,1333,1,137,9,16140,,,-3,,
2925,1334,1,27,9,16140,,,-3,,
2926,1334,1,43,9,16140,,,-3,,
2927,1334,1,453,6,16140,,,-3,,
2928,1334,1,91,6,16140,,,-3,,
2929,1335,1,64,6,16140,,,-3,,
2930,1336,1,16,10,16200,,,-3,,
2931,1336,1,109,2,16200,,,-3,,
2932,1336,1,8,6,16200,,,-3,,
2933,1336,1,60,12,16200,,,-3,,
2934,1337,1,52,6,16200,,,-3,,
2935,1338,1,54,4,16200,,,-3,,
2936,1338,1,46,12,16200,,,-3,,
2937,1338,1,5,11,16200,,,-3,,
2938,1338,1,33,1,16200,,,-3,,
2939,1339,1,10,6,16200,,,-3,,
2940,1340,1,17,9,16200,,,-3,,
2941,1340,1,8,9,16200,,,-3,,
2942,1341,1,44,6,16200,,,-3,,
2943,1342,1,35,4,16200,,,-3,,
2944,1343,1,24,5,16200,,,-3,,
2945,1344,1,49,2,16200,,,-3,,
2946,1344,1,35,3,16200,,,-3,,
2947,1344,1,99,7,16200,,,-3,,
2948,1345,1,60,6,16260,,,-3,,
2949,1345,1,351,11,16260,,,-3,,
2950,1345,1,40,8,16260,,,-3,,
2951,1346,1,38,2,16260,,,-3,,
2952,1346,1,200,11,16260,,,-3,,
2953,1346,1,58,8,16260,,,-3,,
2954,1347,1,25,4,16260,,,-3,,
2955,1348,1,0,7,16260,,,-3,,
2956,1349,1,135,12,16260,,,-3,,
2957,1349,1,38,2,16260,,,-3,,
2958,1350,1,8,6,16260,,,-3,,
2959,1351,1,387,8,16260,,,-3,,
2960,1351,1,3,2,16260,,,-3,,
2961,1351,1,62,9,16260,,,-3,,
2962,1352,1,194,8,16260,,,-3,,
2963,1353,1,65,7,16320,,,-3,,
2964,1353,1,30,4,16320,,,-3,,
2965,1354,1,307,2,16320,,,-3,,
2966,1354,1,76,12,16320,,,-3,,
2967,1355,1,110,7,16320,,,-3,,
2968,1355,1,0,1,16320,,,-3,,
2969,1355,1,244,7,16320,,,-3,,
2970,1356,1,29,10,16380,,,-3,,
2971,1356,1,317,2,16380,,,-3,,
2972,1357,1,31,10,16380,,,-3,,
2973,1358,1,0,3,16380,,,-3,,
2974,1359,1,1,5,16380,,,-3,,
2975,1359,1,3,11,16380,,,-3,,
2976,1359,1,362,6,16380,,,-3,,
2977,1359,1,411,5,16380,,,-3,,
2978,1359,1,325,8,16380,,,-3,,
2979,1359,1,20,6,16380,,,-3,,
2980,1359,1,333,12,16380,,,-3,,
2981,1359,1,119,10,16380,,,-3,,
2982,1360,1,28,3,16380,,,-3,,
2983,1360,1,102,4,16380,,,-3,,
2984,1360,1,39,7,16380,,,-3,,
2985,1361,1,187,12,16380,,,-3,,
2986,1361,1,25,7,16380,,,-3,,
2987,1361,1,9,6,16380,,,-3,,
2988,1361,1,33,7,16380,,,-3,,
2989,1361,1,243,7,16380,,,-3,,
2990,1362,1,159,2,16380,,,-3,,
2991,1362,1,53,11,16380,,,-3,,
2992,1362,1,3,6,16380,,,-3,,
2993,1362,1,127,8,16380,,,-3,,
2994,1363,1,350,4,16380,,,-3,,
2995,1363,1,412,10,16380,,,-3,,
2996,1363,1,54,8,16380,,,-3,,
2997,1364,1,16,2,16440,,,-3,,
2998,1365,1,101,6,16440,,,-3,,
2999,1366,1,94,4,16440,,,-3,,
3000,1367,1,6,6,16440,,,-3,,
3001,1368,1,7,6,16440,,,-3,,
3002,1369,1,329,12,16500,,,-3,,
3003,1370,1,129,7,16500,,,-3,,
3004,1371,1,10,5,16500,,,-3,,
3005,1372,1,272,8,16500,,,-3,,
3006,1373,1,0,3,16500,,,-3,,
3007,1374,1,411,8,16560,,,-3,,
3008,1375,1,75,8,16560,,,-3,,
3009,1376,1,100,7,16560,,,-3,,
3010,1377,1,0,2,16560,,,-3,,
3011,1378,1,0,4,16620,,,-3,,
3012,1378,1,493,7,16620,,,-3,,
3013,1379,1,5,9,16620,,,-3,,
3014,1379,1,37,6,16620,,,-3,,
3015,1380,1,22,9,16620,,,-3,,
3016,1381,1,185,9,16620,,,-3,,
3017,1382,1,344,9,16620,,,-3,,
3018,1382,1,18,9,16620,,,-3,,
3019,1382,1,45,10,16620,,,-3,,
3020,1382,1,15,2,16620,,,-3,,
3021,1382,1,2,4,16620,,,-3,,
3022,1383,1,55,4,16620,,,-3,,
3023,1383,1,153,8,16620,,,-3,,
3024,1383,1,303,6,16620,,,-3,,
3025,1384,1,68,6,16620,,,-3,,
3026,1384,1,5,10,16620,,,-3,,
3027,1384,1,487,4,16620,,,-3,,
3028,1385,1,1,6,16680,,,-3,,
3029,1385,1,141,7,16680,,,-3,,
3030,1386,1,285,6,16740,,,-3,,
3031,1386,1,143,8,16740,,,-3,,
3032,1386,1,15,8,16740,,,-3,,
3033,1387,1,113,10,16740,,,-3,,
3034,1388,1,44,7,16800,,,-3,,
3035,1388,1,6,5,16800,,,-3,,
3036,1388,1,42,12,16800,,,-3,,
3037,1388,1,72,5,16800,,,-3,,
3038,1389,1,21,8,16800,,,-3,,
3039,1390,1,155,9,16800,,,-3,,
3040,1390,1,111,7,16800,,,-3,,
3041,1390,1,282,9,16800,,,-3,,
3042,1391,1,1,10,16860,,,-3,,
3043,1391,1,261,6,16860,,,-3,,
3044,1392,1,171,10,16860,,,-3,,
3045,1392,1,451,5,16860,,,-3,,
3046,1392,1,212,8,16860,,,-3,,
3047,1392,1,9,4,16860,,,-3,,
3048,1393,1,16,8,16860,,,-3,,
3049,1393,1,129,8,16860,,,-3,,
3050,1393,1,6,12,16860,,,-3,,
3051,1393,1,1,5,16860,,,-3,,
3052,1394,1,76,9,16860,,,-3,,
3053,1395,1,16,10,16860,,,-3,,
3054,1395,1,88,8,16860,,,-3,,
3055,1395,1,456,6,16860,,,-3,,
3056,1396,1,330,7,16860,,,-3,,
3057,1396,1,30,4,16860,,,-3,,
3058,1397,1,7,8,16860,,,-3,,
3059,1397,1,223,4,16860,,,-3,,
3060,1398,1,338,8,16860,,,-3,,
3061,1398,1,67,10,16860,,,-3,,
3062,1399,1,72,2,16860,,,-3,,
3063,1399,1,264,7,16860,,,-3,,
3064,1400,1,57,12,16920,,,-3,,
3065,1401,1,152,9,16920,,,-3,,
3066,1402,1,18,6,16920,,,-3,,
3067,1403,1,34,8,16920,,,-3,,
3068,1404,1,272,3,16920,,,-3,,
3069,1404,1,30,1,16920,,,-3,,
3070,1404,1,219,10,16920,,,-3,,
3071,1404,1,495,4,16920,,,-3,,
3072,1404,1,435,5,16920,,,-3,,
3073,1404,1,8,9,16920,,,-3,,
3074,1405,1,2,1,16920,,,-3,,
3075,1406,1,364,10,16980,,,-3,,
3076,1407,1,1,4,16980,,,-3,,
3077,1407,1,7,9,16980,,,-3,,
3078,1407,1,202,4,16980,,,-3,,
3079,1407,1,46,11,16980,,,-3,,
3080,1408,1,22,10,16980,,,-3,,
3081,1409,1,59,7,16980,,,-3,,
3082,1410,1,14,4,16980,,,-3,,
3083,1410,1,147,10,16980,,,-3,,
3084,1411,1,116,11,17040,,,-3,,
3085,1412,1,294,6,17040,,,-3,,
3086,1413,1,46,6,17040,,,-3,,
3087,1413,1,339,4,17040,,,-3,,
3088,1413,1,11,11,17040,,,-3,,
3089,1413,1,31,8,17040,,,-3,,
3090,1413,1,58,5,17040,,,-3,,
3091,1414,1,419,2,17040,,,-3,,
3092,1415,1,36,3,17040,,,-3,,
3093,1415,1,20,3,17040,,,-3,,
3094,1416,1,213,7,17040,,,-3,,
3095,1417,1,20,6,17100,,,-3,,
3096,1418,1,16,10,17100,,,-3,,
3097,1419,1,1,9,17100,,,-3,,
3098,1419,1,419,6,17100,,,-3,,
3099,1420,1,235,6,17100,,,-3,,
3100,1420,1,20,2,17100,,,-3,,
3101,1420,1,141,6,17100,,,-3,,
3102,1421,1,494,2,17100,,,-3,,
3103,1422,1,68,10,17160,,,-3,,
3104,1423,1,106,8,17160,,,-3,,
3105,1424,1,374,7,17160,,,-3,,
3106,1424,1,11,9,17160,,,-3,,
3107,1424,1,1,8,17160,,,-3,,
3108,1424,1,22,10,17160,,,-3,,
3109,1425,1,138,8,17220,,,-3,,
3110,1425,1,383,6,17220,,,-3,,
3111,1426,1,167,1,17220,,,-3,,
3112,1426,1,36,8,17220,,,-3,,
3113,1427,1,45,4,17220,,,-3,,
3114,1428,1,354,1,17220,,,-3,,
3115,1429,1,177,6,17220,,,-3,,
3116,1429,1,67,11,17220,,,-3,,
3117,1429,1,3,3,17220,,,-3,,
3118,1430,1,17,2,17220,,,-3,,
3119,1431,1,93,10,17280,,,-3,,
3120,1431,1,77,10,17280,,,-3,,
3121,1431,1,167,6,17280,,,-3,,
3122,1431,1,54,1,17280,,,-3,,
3123,1431,1,19,2,17280,,,-3,,
3124,1432,1,14,4,17280,,,-3,,
3125,1433,1,44,2,17340,,,-3,,
3126,1433,1,53,6,17340,,,-3,,
3127,1433,1,328,8,17340,,,-3,,
3128,1434,1,356,11,17340,,,-3,,
3129,1435,1,4,4,17340,,,-3,,
3130,1435,1,16,4,17340,,,-3,,
3131,1436,1,7,2,17340,,,-3,,
3132,1436,1,205,8,17340,,,-3,,
3133,1437,1,270,10,17340,,,-3,,
3134,1437,1,172,8,17340,,,-3,,
3135,1437,1,30,12,17340,,,-3,,
3136,1438,1,1,4,17340,,,-3,,
3137,1439,1,65,9,17340,,,-3,,
3138,1440,1,349,6,17400,,,-3,,
3139,1441,1,128,8,17400,,,-3,,
3140,1441,1,45,6,17400,,,-3,,
3141,1441,1,57,5,17400,,,-3,,
3142,1441,1,31,6,17400,,,-3,,
3143,1442,1,47,7,17400,,,-3,,
3144,1442,1,312,7,17400,,,-3,,
3145,1442,1,87,3,17400,,,-3,,
3146,1443,1,65,8,17400,,,-3,,
3147,1444,1,277,9,17400,,,-3,,
3148,1445,1,22,11,17400,,,-3,,
3149,1445,1,23,6,17400,,,-3,,
3150,1445,1,54,6,17400,,,-3,,
3151,1446,1,25,9,17400,,,-3,,
3152,1446,1,14,9,17400,,,-3,,
3153,1447,1,46,11,17460,,,-3,,
3154,1448,1,2,8,17460,,,-3,,
3155,1449,1,3,7,17520,,,-3,,
3156,1450,1,10,9,17520,,,-3,,
3157,1450,1,4,2,17520,,,-3,,
3158,1451,1,176,6,17520,,,-3,,
3159,1451,1,78,7,17520,,,-3,,
3160,1451,1,12,6,17520,,,-3,,
3161,1452,1,38,6,17520,,,-3,,
3162,1452,1,40,7,17520,,,-3,,
3163,1452,1,31,7,17520,,,-3,,
3164,1452,1,7,8,17520,,,-3,,
3165,1452,1,21,10,17520,,,-3,,
3166,1453,1,433,1,17520,,,-3,,
3167,1454,1,128,2,17520,,,-3,,
3168,1455,1,4,8,17520,,,-3,,
3169,1456,1,170,12,17520,,,-3,,
3170,1457,1,8,10,17520,,,-3,,
3171,1457,1,16,4,17520,,,-3,,
3172,1458,1,220,6,17520,,,-3,,
3173,1459,1,129,8,17580,,,-3,,
3174,1460,1,13,8,17580,,,-3,,
3175,1460,1,45,10,17580,,,-3,,
3176,1460,1,32,8,17580,,,-3,,
3177,1461,1,17,7,17580,,,-3,,
3178,1461,1,398,11,17580,,,-3,,
3179,1462,1,60,6,17580,,,-3,,
3180,1462,1,113,6,17580,,,-3,,
3181,1463,1,8,6,17640,,,-3,,
3182,1463,1,72,10,17640,,,-3,,
3183,1463,1,31,12,17640,,,-3,,
3184,1463,1,36,6,17640,,,-3,,
3185,1464,1,136,4,17640,,,-3,,
3186,1464,1,6,4,17640,,,-3,,
3187,1464,1,115,4,17640,,,-3,,
3188,1464,1,22,2,17640,,,-3,,
3189,1464,1,59,8,17640,,,-3,,
3190,1465,1,26,7,17640,,,-3,,
3191,1466,1,11,6,17640,,,-3,,
3192,1467,1,18,4,17640,,,-3,,
3193,1467,1,431,6,17640,,,-3,,
3194,1467,1,389,4,17640,,,-3,,
3195,1467,1,72,6,17640,,,-3,,
3196,1467,1,213,6,17640,,,-3,,
3197,1468,1,158,1,17640,,,-3,,
3198,1469,1,159,4,17640,,,-3,,
3199,1469,1,6,4,17640,,,-3,,
3200,1469,1,433,8,17640,,,-3,,
3201,1470,1,2,4,17640,,,-3,,
3202,1471,1,79,7,17640,,,-3,,
3203,1471,1,28,6,17640,,,-3,,
3204,1471,1,11,10,17640,,,-3,,
3205,1471,1,2,7,17640,,,-3,,
3206,1472,1,33,5,17700,,,-3,,
3207,1472,1,185,2,17700,,,-3,,
3208,1473,1,93,6,17760,,,-3,,
3209,1474,1,17,8,17760,,,-3,,
3210,1474,1,489,5,17760,,,-3,,
3211,1475,1,40,12,17760,,,-3,,
3212,1475,1,26,7,17760,,,-3,,
3213,1475,1,285,6,17760,,,-3,,
3214,1475,1,442,7,17760,,,-3,,
3215,1475,1,11,8,17760,,,-3,,
3216,1476,1,46,8,17760,,,-3,,
3217,1477,1,223,10,17820,,,-3,,
3218,1478,1,109,7,17820,,,-3,,
3219,1478,1,427,7,17820,,,-3,,
3220,1478,1,31,9,17820,,,-3,,
3221,1478,1,139,5,17820,,,-3,,
3222,1478,1,48,6,17820,,,-3,,
3223,1478,1,11,7,17820,,,-3,,
3224,1479,1,345,1,17820,,,-3,,
3225,1480,1,196,10,17820,,,-3,,
3226,1481,1,175,6,17820,,,-3,,
3227,1481,1,3,2,17820,,,-3,,
3228,1481,1,79,5,17820,,,-3,,
3229,1482,1,192,6,17880,,,-3,,
3230,1482,1,287,5,17880,,,-3,,
3231,1482,1,17,2,17880,,,-3,,
3232,1483,1,146,6,17880,,,-3,,
3233,1484,1,51,11,17880,,,-3,,
3234,1484,1,5,4,17880,,,-3,,
3235,1485,1,133,2,17880,,,-3,,
3236,1485,1,36,4,17880,,,-3,,
3237,1486,1,268,8,17880,,,-3,,
3238,1486,1,2,7,17880,,,-3,,
3239,1486,1,354,5,17880,,,-3,,
3240,1486,1,259,4,17880,,,-3,,
3241,1486,1,64,8,17880,,,-3,,
3242,1487,1,46,8,17880,,,-3,,
3243,1488,1,0,1,17940,,,-3,,
3244,1489,1,36,6,17940,,,-3,,
3245,1489,1,33,4,17940,,,-3,,
3246,1489,1,43,8,17940,,,-3,,
3247,1490,1,82,10,17940,,,-3,,
3248,1491,1,18,2,17940,,,-3,,
3249,1492,1,105,6,17940,,,-3,,
3250,1492,1,14,6,17940,,,-3,,
3251,1493,1,209,6,18000,,,-3,,
3252,1493,1,96,7,18000,,,-3,,
3253,1493,1,3,12,18000,,,-3,,
3254,1494,1,23,2,18000,,,-3,,
3255,1495,1,77,5,18000,,,-3,,
3256,1496,1,254,10,18000,,,-3,,
3257,1497,1,1,4,18000,,,-3,,
3258,1498,1,120,6,18000,,,-3,,
3259,1499,1,187,11,18060,,,-3,,
3260,1500,1,8,7,18060,,,-3,,
3261,1501,1,90,6,18060,,,-3,,
3262,1502,1,297,10,18060,,,-3,,
3263,1502,1,3,8,18060,,,-3,,
3264,1503,1,43,5,18060,,,-3,,
3265,1504,1,254,3,18120,,,-3,,
3266,1504,1,27,2,18120,,,-3,,
3267,1505,1,21,4,18120,,,-3,,
3268,1505,1,4,9,18120,,,-3,,
3269,1505,1,37,6,18120,,,-3,,
3270,1506,1,81,6,18180,,,-3,,
3271,1506,1,48,10,18180,,,-3,,
3272,1506,1,2,6,18180,,,-3,,
3273,1507,1,171,3,18180,,,-3,,
3274,1508,1,266,2,18180,,,-3,,
3275,1508,1,409,7,18180,,,-3,,
3276,1509,1,14,4,18180,,,-3,,
3277,1509,1,44,6,18180,,,-3,,
3278,1510,1,51,5,18180,,,-3,,
3279,1511,1,18,7,18180,,,-3,,
3280,1512,1,4,4,18240,,,-3,,
3281,1513,1,20,3,18240,,,-3,,
3282,1513,1,0,7,18240,,,-3,,
3283,1514,1,8,8,18240,,,-3,,
3284,1514,1,2,9,18240,,,-3,,
3285,1515,1,36,5,18300,,,-3,,
3286,1515,1,0,2,18300,,,-3,,
3287,1515,1,383,5,18300,,,-3,,
3288,1516,1,228,6,18300,,,-3,,
3289,1516,1,68,10,18300,,,-3,,
3290,1517,1,47,8,18300,,,-3,,
3291,1517,1,29,2,18300,,,-3,,
3292,1518,1,156,8,18300,,,-3,,
3293,1518,1,78,3,18300,,,-3,,
3294,1518,1,116,6,18300,,,-3,,
3295,1518,1,218,5,18300,,,-3,,
3296,1519,1,71,3,18300,,,-3,,
3297,1519,1,210,6,18300,,,-3,,
3298,1520,1,6,8,18300,,,-3,,
3299,1521,1,21,4,18300,,,-3,,
3300,1521,1,12,6,18300,,,-3,,
3301,1522,1,185,12,18360,,,-3,,
3302,1522,1,294,12,18360,,,-3,,
3303,1523,1,3,6,18360,,,-3,,
3304,1523,1,362,9,18360,,,-3,,
3305,1523,1,35,8,18360,,,-3,,
3306,1524,1,88,8,18360,,,-3,,
3307,1525,1,321,6,18360,,,-3,,
3308,1526,1,2,12,18360,,,-3,,
3309,1527,1,124,4,18360,,,-3,,
3310,1527,1,232,6,18360,,,-3,,
3311,1527,1,89,6,18360,,,-3,,
3312,1527,1,12,2,18360,,,-3,,
3313,1528,1,189,9,18360,,,-3,,
3314,1529,1,406,8,18420,,,-3,,
3315,1529,1,6,10,18420,,,-3,,
3316,1530,1,42,10,18420,,,-3,,
3317,1530,1,356,6,18420,,,-3,,
3318,1531,1,13,10,18420,,,-3,,
3319,1532,1,22,8,18480,,,-3,,
3320,1533,1,8,7,18480,,,-3,,
3321,1533,1,39,4,18480,,,-3,,
3322,1534,1,49,7,18480,,,-3,,
3323,1535,1,33,6,18540,,,-3,,
3324,1535,1,189,3,18540,,,-3,,
3325,1535,1,2,8,18540,,,-3,,
3326,1536,1,404,8,18540,,,-3,,
3327,1537,1,9,7,18540,,,-3,,
3328,1537,1,14,5,18540,,,-3,,
3329,1537,1,288,4,18540,,,-3,,
3330,1537,1,4,8,18540,,,-3,,
3331,1538,1,24,7,18540,,,-3,,
3332,1539,1,114,8,18540,,,-3,,
3333,1540,1,8,3,18540,,,-3,,
3334,1541,1,5,3,18600,,,-3,,
3335,1542,1,5,10,18600,,,-3,,
3336,1542,1,108,4,18600,,,-3,,
3337,1542,1,37,7,18600,,,-3,,
3338,1542,1,8,2,18600,,,-3,,
3339,1543,1,1,10,18600,,,-3,,
3340,1544,1,61,6,18600,,,-3,,
3341,1544,1,10,8,18600,,,-3,,
3342,1545,1,1,5,18660,,,-3,,
3343,1545,1,316,7,18660,,,-3,,
3344,1546,1,18,6,18660,,,-3,,
3345,1547,1,295,6,18660,,,-3,,
3346,1547,1,487,8,18660,,,-3,,
3347,1548,1,61,7,18660,,,-3,,
3348,1548,1,96,2,18660,,,-3,,
3349,1548,1,0,2,18660,,,-3,,
3350,1548,1,12,9,18660,,,-3,,
3351,1549,1,0,4,18660,,,-3,,
3352,1549,1,137,8,18660,,,-3,,
3353,1549,1,46,10,18660,,,-3,,
3354,1550,1,32,1,18660,,,-3,,
3355,1550,1,38,8,18660,,,-3,,
3356,1550,1,41,8,18660,,,-3,,
3357,1550,1,13,4,18660,,,-3,,
3358,1551,1,0,6,18720,,,-3,,
3359,1551,1,1,7,18720,,,-3,,
3360,1551,1,37,9,18720,,,-3,,
3361,1552,1,31,5,18720,,,-3,,
3362,1552,1,78,10,18720,,,-3,,
3363,1553,1,1,4,18720,,,-3,,
3364,1554,1,35,12,18720,,,-3,,
3365,1554,1,316,6,18720,,,-3,,
3366,1555,1,27,6,18720,,,-3,,
3367,1556,1,113,6,18720,,,-3,,
3368,1556,1,173,11,18720,,,-3,,
3369,1557,1,15,4,18720,,,-3,,
3370,1557,1,173,1,18720,,,-3,,
3371,1557,1,1,4,18720,,,-3,,
3372,1558,1,6,6,18720,,,-3,,
3373,1559,1,67,4,18720,,,-3,,
3374,1559,1,32,4,18720,,,-3,,
3375,1559,1,332,10,18720,,,-3,,
3376,1559,1,52,4,18720,,,-3,,
3377,1560,1,117,7,18780,,,-3,,
3378,1560,1,185,8,18780,,,-3,,
3379,1560,1,68,10,18780,,,-3,,
3380,1560,1,0,7,18780,,,-3,,
3381,1561,1,28,9,18780,,,-3,,
3382,1562,1,329,3,18780,,,-3,,
3383,1562,1,15,7,18780,,,-3,,
3384,1562,1,220,10,18780,,,-3,,
3385,1563,1,51,9,18780,,,-3,,
3386,1563,1,84,8,18780,,,-3,,
3387,1564,1,157,6,18780,,,-3,,
3388,1565,1,95,9,18780,,,-3,,
3389,1566,1,21,6,18780,,,-3,,
3390,1566,1,5,8,18780,,,-3,,
3391,1567,1,44,3,18780,,,-3,,
3392,1568,1,4,5,18780,,,-3,,
3393,1568,1,328,6,18780,,,-3,,
3394,1568,1,8,12,18780,,,-3,,
3395,1569,1,134,4,18840,,,-3,,
3396,1569,1,7,6,18840,,,-3,,
3397,1569,1,1,3,18840,,,-3,,
3398,1570,1,3,4,18840,,,-3,,
3399,1570,1,13,12,18840,,,-3,,
3400,1570,1,109,4,18840,,,-3,,
3401,1570,1,1,7,18840,,,-3,,
3402,1571,1,332,10,18840,,,-3,,
3403,1571,1,46,3,18840,,,-3,,
3404,1572,1,366,4,18840,,,-3,,
3405,1573,1,35,6,18900,,,-3,,
3406,1573,1,322,2,18900,,,-3,,
3407,1573,1,19,8,18900,,,-3,,
3408,1573,1,130,6,18900,,,-3,,
3409,1573,1,34,7,18900,,,-3,,
3410,1574,1,256,8,18900,,,-3,,
3411,1574,1,174,2,18900,,,-3,,
3412,1574,1,37,8,18900,,,-3,,
3413,1574,1,140,4,18900,,,-3,,
3414,1575,1,197,8,18900,,,-3,,
3415,1576,1,183,10,18960,,,-3,,
3416,1576,1,170,6,18960,,,-3,,
3417,1576,1,189,5,18960,,,-3,,
3418,1577,1,358,11,18960,,,-3,,
3419,1577,1,416,6,18960,,,-3,,
3420,1577,1,9,8,18960,,,-3,,
3421,1578,1,120,7,18960,,,-3,,
3422,1578,1,3,7,18960,,,-3,,
3423,1578,1,7,2,18960,,,-3,,
3424,1578,1,4,1,18960,,,-3,,
3425,1579,1,125,5,18960,,,-3,,
3426,1580,1,21,5,18960,,,-3,,
3427,1581,1,42,6,18960,,,-3,,
3428,1581,1,9,8,18960,,,-3,,
3429,1582,1,9,11,19020,,,-3,,
3430,1582,1,484,7,19020,,,-3,,
3431,1583,1,374,1,19020,,,-3,,
3432,1583,1,260,8,19020,,,-3,,
3433,1584,1,204,2,19020,,,-3,,
3434,1585,1,2,4,19020,,,-3,,
3435,1586,1,360,4,19020,,,-3,,
3436,1587,1,31,10,19020,,,-3,,
3437,1587,1,147,1,19020,,,-3,,
3438,1588,1,268,8,19020,,,-3,,
3439,1589,1,332,4,19020,,,-3,,
3440,1589,1,303,10,19020,,,-3,,
3441,1590,1,4,6,19020,,,-3,,
3442,1590,1,419,10,19020,,,-3,,
3443,1590,1,16,2,19020,,,-3,,
3444,1591,1,2,10,19080,,,-3,,
3445,1591,1,70,11,19080,,,-3,,
3446,1591,1,15,10,19080,,,-3,,
3447,1592,1,400,10,19080,,,-3,,
3448,1592,1,83,4,19080,,,-3,,
3449,1592,1,98,6,19080,,,-3,,
3450,1592,1,4,2,19080,,,-3,,
3451,1592,1,15,7,19080,,,-3,,
3452,1593,1,0,4,19080,,,-3,,
3453,1593,1,306,5,19080,,,-3,,
3454,1593,1,465,8,19080,,,-3,,
3455,1593,1,154,7,19080,,,-3,,
3456,1594,1,184,12,19080,,,-3,,
3457,1594,1,92,6,19080,,,-3,,
3458,1594,1,15,9,19080,,,-3,,
3459,1595,1,6,4,19080,,,-3,,
3460,1596,1,6,10,19080,,,-3,,
3461,1597,1,342,6,19080,,,-3,,
3462,1598,1,3,9,19140,,,-3,,
3463,1598,1,25,6,19140,,,-3,,
3464,1598,1,10,9,19140,,,-3,,
3465,1599,1,42,5,19140,,,-3,,
3466,1599,1,61,6,19140,,,-3,,
3467,1599,1,147,10,19140,,,-3,,
3468,1600,1,22,8,19200,,,-3,,
3469,1601,1,1,6,19200,,,-3,,
3470,1602,1,6,8,19200,,,-3,,
3471,1602,1,4,8,19200,,,-3,,
3472,1603,1,460,4,19200,,,-3,,
3473,1604,1,11,5,19200,,,-3,,
3474,1605,1,3,3,19260,,,-3,,
3475,1605,1,4,6,19260,,,-3,,
3476,1606,1,34,6,19260,,,-3,,
3477,1607,1,379,8,19260,,,-3,,
3478,1608,1,15,7,19320,,,-3,,
3479,1609,1,22,3,19320,,,-3,,
3480,1609,1,46,1,19320,,,-3,,
3481,1609,1,85,8,19320,,,-3,,
3482,1610,1,404,7,19320,,,-3,,
3483,1611,1,11,4,19320,,,-3,,
3484,1612,1,127,8,19320,,,-3,,
3485,1612,1,1,12,19320,,,-3,,
3486,1613,1,4,8,19380,,,-3,,
3487,1613,1,14,7,19380,,,-3,,
3488,1613,1,3,6,19380,,,-3,,
3489,1614,1,1,4,19380,,,-3,,
3490,1615,1,21,6,19380,,,-3,,
3491,1616,1,217,8,19380,,,-3,,
3492,1616,1,379,12,19380,,,-3,,
3493,1617,1,23,6,19440,,,-3,,
3494,1617,1,235,7,19440,,,-3,,
3495,1618,1,22,12,19440,,,-3,,
3496,1619,1,74,4,19440,,,-3,,
3497,1619,1,278,6,19440,,,-3,,
3498,1620,1,21,7,19440,,,-3,,
3499,1620,1,4,4,19440,,,-3,,
3500,1620,1,439,8,19440,,,-3,,
3501,1620,1,22,6,19440,,,-3,,
3502,1620,1,41,12,19440,,,-3,,
3503,1621,1,24,6,19440,,,-3,,
3504,1621,1,0,10,19440,,,-3,,
3505,1621,1,236,8,19440,,,-3,,
3506,1622,1,9,4,19500,,,-3,,
3507,1623,1,289,9,19500,,,-3,,
3508,1623,1,47,9,19500,,,-3,,
3509,1624,1,1,12,19500,,,-3,,
3510,1624,1,19,9,19500,,,-3,,
3511,1625,1,8,8,19500,,,-3,,
3512,1625,1,78,6,19500,,,-3,,
3513,1625,1,42,7,19500,,,-3,,
3514,1625,1,15,8,19500,,,-3,,
3515,1626,1,35,8,19560,,,-3,,
3516,1627,1,13,10,19560,,,-3,,
3517,1627,1,3,4,19560,,,-3,,
3518,1628,1,2,10,19560,,,-3,,
3519,1628,1,35,6,19560,,,-3,,
3520,1628,1,41,6,19560,,,-3,,
3521,1628,1,236,4,19560,,,-3,,
3522,1628,1,121,8,19560,,,-3,,
3523,1629,1,86,7,19560,,,-3,,
3524,1630,1,34,8,19560,,,-3,,
3525,1630,1,261,5,19560,,,-3,,
3526,1631,1,13,5,19560,,,-3,,
3527,1632,1,26,10,19620,,,-3,,
3528,1632,1,18,4,19620,,,-3,,
3529,1633,1,437,4,19620,,,-3,,
3530,1633,1,23,3,19620,,,-3,,
3531,1634,1,2,4,19620,,,-3,,
3532,1635,1,178,5,19620,,,-3,,
3533,1635,1,2,12,19620,,,-3,,
3534,1635,1,115,6,19620,,,-3,,
3535,1635,1,10,4,19620,,,-3,,
3536,1636,1,434,2,19620,,,-3,,
3537,1637,1,241,9,19620,,,-3,,
3538,1637,1,5,4,19620,,,-3,,
3539,1637,1,135,5,19620,,,-3,,
3540,1637,1,22,8,19620,,,-3,,
3541,1638,1,7,6,19620,,,-3,,
3542,1638,1,135,8,19620,,,-3,,
3543,1639,1,40,6,19620,,,-3,,
3544,1640,1,0,5,19620,,,-3,,
3545,1640,1,410,7,19620,,,-3,,
3546,1640,1,18,8,19620,,,-3,,
3547,1641,1,277,8,19620,,,-3,,
3548,1641,1,27,1,19620,,,-3,,
3549,1641,1,150,8,19620,,,-3,,
3550,1641,1,98,5,19620,,,-3,,
3551,1642,1,457,4,19680,,,-3,,
3552,1642,1,310,1,19680,,,-3,,
3553,1642,1,152,8,19680,,,-3,,
3554,1642,1,210,6,19680,,,-3,,
3555,1642,1,42,10,19680,,,-3,,
3556,1643,1,254,7,19680,,,-3,,
3557,1644,1,3,11,19680,,,-3,,
3558,1644,1,123,5,19680,,,-3,,
3559,1644,1,14,10,19680,,,-3,,
3560,1644,1,0,10,19680,,,-3,,
3561,1645,1,29,4,19680,,,-3,,
3562,1646,1,2,6,19680,,,-3,,
3563,1647,1,34,7,19680,,,-3,,
3564,1648,1,102,5,19740,,,-3,,
3565,1649,1,1,5,19740,,,-3,,
3566,1650,1,25,4,19740,,,-3,,
3567,1650,1,473,7,19740,,,-3,,
3568,1650,1,32,7,19740,,,-3,,
3569,1650,1,49,8,19740,,,-3,,
3570,1651,1,9,6,19740,,,-3,,
3571,1652,1,108,7,19740,,,-3,,
3572,1652,1,46,7,19740,,,-3,,
3573,1652,1,100,7,19740,,,-3,,
3574,1653,1,34,2,19740,,,-3,,
3575,1654,1,14,2,19740,,,-3,,
3576,1655,1,26,6,19740,,,-3,,
3577,1656,1,0,5,19800,,,-3,,
3578,1656,1,32,8,19800,,,-3,,
3579,1656,1,16,5,19800,,,-3,,
3580,1657,1,67,6,19800,,,-3,,
3581,1657,1,22,6,19800,,,-3,,
3582,1657,1,171,8,19800,,,-3,,
3583,1658,1,9,4,19860,,,-3,,
3584,1659,1,2,6,19860,,,-3,,
3585,1659,1,39,4,19860,,,-3,,
3586,1659,1,14,7,19860,,,-3,,
3587,1659,1,34,7,19860,,,-3,,
3588,1659,1,149,3,19860,,,-3,,
3589,1660,1,49,8,19860,,,-3,,
3590,1661,1,229,9,19860,,,-3,,
3591,1662,1,1,8,19860,,,-3,,
3592,1662,1,46,8,19860,,,-3,,
3593,1663,1,110,8,19860,,,-3,,
3594,1663,1,67,4,19860,,,-3,,
3595,1664,1,88,6,19860,,,-3,,
3596,1665,1,120,10,19860,,,-3,,
3597,1665,1,48,12,19860,,,-3,,
3598,1665,1,18,6,19860,,,-3,,
3599,1665,1,198,9,19860,,,-3,,
3600,1666,1,5,12,19860,,,-3,,
3601,1666,1,6,10,19860,,,-3,,
3602,1666,1,250,6,19860,,,-3,,
3603,1666,1,2,12,19860,,,-3,,
3604,1666,1,14,10,19860,,,-3,,
3605,1667,1,30,10,19860,,,-3,,
3606,1667,1,39,2,19860,,,-3,,
3607,1668,1,316,12,19920,,,-3,,
3608,1669,1,31,10,19920,,,-3,,
3609,1669,1,250,6,19920,,,-3,,
3610,1670,1,43,10,19920,,,-3,,
3611,1671,1,0,5,19920,,,-3,,
3612,1672,1,138,8,19920,,,-3,,
3613,1672,1,10,10,19920,,,-3,,
3614,1673,1,39,2,19920,,,-3,,
3615,1673,1,20,10,19920,,,-3,,
3616,1674,1,189,7,19920,,,-3,,
3617,1674,1,13,6,19920,,,-3,,
3618,1675,1,33,12,19980,,,-3,,
3619,1676,1,47,5,19980,,,-3,,
3620,1676,1,51,11,19980,,,-3,,
3621,1676,1,236,12,19980,,,-3,,
3622,1676,1,1,8,19980,,,-3,,
3623,1676,1,35,9,19980,,,-3,,
3624,1676,1,128,6,19980,,,-3,,
3625,1676,1,179,4,19980,,,-3,,
3626,1676,1,217,8,19980,,,-3,,
3627,1677,1,107,1,19980,,,-3,,
3628,1677,1,2,6,19980,,,-3,,
3629,1678,1,103,8,19980,,,-3,,
3630,1679,1,67,6,19980,,,-3,,
3631,1680,1,27,2,19980,,,-3,,
3632,1680,1,321,12,19980,,,-3,,
3633,1680,1,56,10,19980,,,-3,,
3634,1681,1,12,12,20040,,,-3,,
3635,1682,1,44,2,20040,,,-3,,
3636,1682,1,5,9,20040,,,-3,,
3637,1683,1,5,12,20100,,,-3,,
3638,1684,1,7,2,20100,,,-3,,
3639,1684,1,86,4,20100,,,-3,,
3640,1684,1,1,5,20100,,,-3,,
3641,1684,1,18,7,20100,,,-3,,
3642,1684,1,165,7,20100,,,-3,,
3643,1685,1,103,8,20160,,,-3,,
3644,1685,1,186,6,20160,,,-3,,
3645,1686,1,139,6,20160,,,-3,,
3646,1686,1,49,4,20160,,,-3,,
3647,1687,1,477,12,20160,,,-3,,
3648,1688,1,16,6,20160,,,-3,,
3649,1688,1,19,4,20160,,,-3,,
3650,1688,1,10,3,20160,,,-3,,
3651,1689,1,20,10,20220,,,-3,,
3652,1689,1,0,4,20220,,,-3,,
3653,1689,1,5,10,20220,,,-3,,
3654,1690,1,315,1,20220,,,-3,,
3655,1690,1,285,6,20220,,,-3,,
3656,1690,1,62,9,20220,,,-3,,
3657,1690,1,15,12,20220,,,-3,,
3658,1690,1,10,5,20220,,,-3,,
3659,1690,1,218,6,20220,,,-3,,
3660,1691,1,418,2,20220,,,-3,,
3661,1691,1,2,9,20220,,,-3,,
3662,1692,1,400,5,20220,,,-3,,
3663,1692,1,0,9,20220,,,-3,,
3664,1692,1,275,12,20220,,,-3,,
3665,1693,1,153,6,20220,,,-3,,
3666,1694,1,206,8,20280,,,-3,,
3667,1695,1,236,5,20280,,,-3,,
3668,1695,1,18,10,20280,,,-3,,
3669,1695,1,7,4,20280,,,-3,,
3670,1696,1,30,4,20280,,,-3,,
3671,1697,1,1,2,20280,,,-3,,
3672,1697,1,464,8,20280,,,-3,,
3673,1697,1,240,6,20280,,,-3,,
3674,1697,1,22,6,20280,,,-3,,
3675,1697,1,125,10,20280,,,-3,,
3676,1697,1,382,4,20280,,,-3,,
3677,1698,1,42,12,20340,,,-3,,
3678,1698,1,7,2,20340,,,-3,,
3679,1698,1,16,6,20340,,,-3,,
3680,1699,1,30,4,20340,,,-3,,
3681,1700,1,188,1,20340,,,-3,,
3682,1700,1,26,9,20340,,,-3,,
3683,1701,1,222,5,20340,,,-3,,
3684,1702,1,43,5,20340,,,-3,,
3685,1703,1,322,8,20400,,,-3,,
3686,1703,1,43,9,20400,,,-3,,
3687,1703,1,232,7,20400,,,-3,,
3688,1703,1,0,5,20400,,,-3,,
3689,1704,1,46,11,20400,,,-3,,
3690,1705,1,64,6,20400,,,-3,,
3691,1705,1,100,10,20400,,,-3,,
3692,1706,1,377,4,20400,,,-3,,
3693,1706,1,77,10,20400,,,-3,,
3694,1707,1,389,4,20460,,,-3,,
3695,1707,1,150,9,20460,,,-3,,
3696,1707,1,38,4,20460,,,-3,,
3697,1707,1,32,5,20460,,,-3,,
3698,1708,1,22,8,20460,,,-3,,
3699,1708,1,138,10,20460,,,-3,,
3700,1708,1,336,5,20460,,,-3,,
3701,1708,1,30,6,20460,,,-3,,
3702,1709,1,96,4,20520,,,-3,,
3703,1709,1,290,10,20520,,,-3,,
3704,1710,1,28,9,20520,,,-3,,
3705,1711,1,117,10,20520,,,-3,,
3706,1712,1,2,2,20580,,,-3,,
3707,1712,1,88,5,20580,,,-3,,
3708,1713,1,14,6,20580,,,-3,,
3709,1714,1,35,11,20580,,,-3,,
3710,1715,1,14,7,20580,,,-3,,
3711,1715,1,151,6,20580,,,-3,,
3712,1716,1,138,4,20640,,,-3,,
3713,1716,1,25,9,20640,,,-3,,
3714,1716,1,32,9,20640,,,-3,,
3715,1716,1,19,8,20640,,,-3,,
3716,1716,1,17,7,20640,,,-3,,
3717,1716,1,2,4,20640,,,-3,,
3718,1716,1,8,7,20640,,,-3,,
3719,1716,1,60,10,20640,,,-3,,
3720,1717,1,18,7,20640,,,-3,,
3721,1717,1,483,4,20640,,,-3,,
3722,1717,1,108,11,20640,,,-3,,
3723,1718,1,82,4,20640,,,-3,,
3724,1718,1,166,8,20640,,,-3,,
3725,1718,1,3,1,20640,,,-3,,
3726,1718,1,21,11,20640,,,-3,,
3727,1718,1,33,5,20640,,,-3,,
3728,1719,1,97,6,20640,,,-3,,
3729,1719,1,8,4,20640,,,-3,,
3730,1719,1,73,3,20640,,,-3,,
3731,1719,1,114,2,20640,,,-3,,
3732,1720,1,315,4,20640,,,-3,,
3733,1721,1,1,6,20700,,,-3,,
3734,1721,1,52,9,20700,,,-3,,
3735,1721,1,293,11,20700,,,-3,,
3736,1721,1,453,5,20700,,,-3,,
3737,1722,1,119,6,20700,,,-3,,
3738,1723,1,7,11,20700,,,-3,,
3739,1723,1,8,6,20700,,,-3,,
3740,1723,1,6,8,20700,,,-3,,
3741,1724,1,1,8,20700,,,-3,,
3742,1724,1,0,8,20700,,,-3,,
3743,1725,1,54,7,20700,,,-3,,
3744,1726,1,120,6,20760,,,-3,,
3745,1727,1,13,7,20760,,,-3,,
3746,1728,1,2,4,20760,,,-3,,
3747,1729,1,97,10,20820,,,-3,,
3748,1729,1,37,9,20820,,,-3,,
3749,1730,1,49,4,20820,,,-3,,
3750,1731,1,2,10,20820,,,-3,,
3751,1732,1,12,11,20820,,,-3,,
3752,1732,1,84,6,20820,,,-3,,
3753,1733,1,22,8,20820,,,-3,,
3754,1734,1,308,5,20820,,,-3,,
3755,1735,1,12,6,20880,,,-3,,
3756,1736,1,51,7,20880,,,-3,,
3757,1736,1,306,9,20880,,,-3,,
3758,1736,1,115,6,20880,,,-3,,
3759,1737,1,17,10,20880,,,-3,,
3760,1738,1,112,7,20880,,,-3,,
3761,1738,1,15,4,20880,,,-3,,
3762,1739,1,2,6,20880,,,-3,,
3763,1739,1,124,11,20880,,,-3,,
3764,1740,1,15,1,20940,,,-3,,
3765,1741,1,8,8,20940,,,-3,,
3766,1741,1,493,10,20940,,,-3,,
3767,1741,1,100,9,20940,,,-3,,
3768,1742,1,7,12,20940,,,-3,,
3769,1743,1,25,10,20940,,,-3,,
3770,1744,1,20,6,20940,,,-3,,
3771,1745,1,309,5,20940,,,-3,,
3772,1746,1,96,6,20940,,,-3,,
3773,1747,1,28,10,20940,,,-3,,
3774,1748,1,495,8,20940,,,-3,,
3775,1748,1,255,8,20940,,,-3,,
3776,1749,1,10,9,21000,,,-3,,
3777,1749,1,55,6,21000,,,-3,,
3778,1750,1,12,6,21000,,,-3,,
3779,1751,1,201,10,21000,,,-3,,
3780,1751,1,4,4,21000,,,-3,,
3781,1752,1,33,2,21000,,,-3,,
3782,1753,1,39,6,21060,,,-3,,
3783,1754,1,47,4,21060,,,-3,,
3784,1754,1,186,10,21060,,,-3,,
3785,1755,1,114,6,21060,,,-3,,
3786,1756,1,17,5,21060,,,-3,,
3787,1756,1,40,8,21060,,,-3,,
3788,1756,1,63,7,21060,,,-3,,
3789,1757,1,5,11,21060,,,-3,,
3790,1757,1,56,9,21060,,,-3,,
3791,1758,1,1,6,21120,,,-3,,
3792,1758,1,106,9,21120,,,-3,,
3793,1758,1,218,4,21120,,,-3,,
3794,1758,1,189,4,21120,,,-3,,
3795,1759,1,301,4,21120,,,-3,,
3796,1760,1,48,5,21120,,,-3,,
3797,1760,1,38,2,21120,,,-3,,
3798,1761,1,233,2,21120,,,-3,,
3799,1762,1,41,8,21120,,,-3,,
3800,1763,1,418,10,21120,,,-3,,
3801,1764,1,17,8,21120,,,-3,,
3802,1764,1,463,8,21120,,,-3,,
3803,1765,1,11,1,21180,,,-3,,
3804,1766,1,158,4,21180,,,-3,,
3805,1766,1,12,8,21180,,,-3,,
3806,1767,1,22,5,21180,,,-3,,
3807,1768,1,173,12,21180,,,-3,,
3808,1769,1,98,6,21180,,,-3,,
3809,1770,1,305,10,21180,,,-3,,
3810,1771,1,207,1,21180,,,-3,,
3811,1771,1,15,12,21180,,,-3,,
3812,1772,1,246,5,21180,,,-3,,
3813,1773,1,1,8,21180,,,-3,,
3814,1773,1,14,6,21180,,,-3,,
3815,1774,1,123,4,21240,,,-3,,
3816,1775,1,106,6,21240,,,-3,,
3817,1776,1,31,7,21240,,,-3,,
3818,1776,1,107,7,21240,,,-3,,
3819,1776,1,57,8,21240,,,-3,,
3820,1777,1,279,12,21240,,,-3,,
3821,1777,1,41,11,21240,,,-3,,
3822,1778,1,40,10,21240,,,-3,,
3823,1779,1,3,8,21300,,,-3,,
3824,1779,1,117,4,21300,,,-3,,
3825,1779,1,1,6,21300,,,-3,,
3826,1779,1,256,8,21300,,,-3,,
3827,1780,1,47,9,21300,,,-3,,
3828,1781,1,254,10,21300,,,-3,,
3829,1781,1,21,10,21300,,,-3,,
3830,1782,1,179,11,21300,,,-3,,
3831,1783,1,111,6,21360,,,-3,,
3832,1784,1,45,5,21360,,,-3,,
3833,1785,1,95,5,21360,,,-3,,
3834,1785,1,315,4,21360,,,-3,,
3835,1785,1,2,9,21360,,,-3,,
3836,1785,1,14,8,21360,,,-3,,
3837,1785,1,4,6,21360,,,-3,,
3838,1786,1,21,10,21360,,,-3,,
3839,1786,1,20,4,21360,,,-3,,
3840,1786,1,431,4,21360,,,-3,,
3841,1786,1,10,12,21360,,,-3,,
3842,1787,1,469,7,21360,,,-3,,
3843,1788,1,24,8,21360,,,-3,,
3844,1789,1,202,4,21360,,,-3,,
3845,1790,1,3,3,21420,,,-3,,
3846,1791,1,29,2,21420,,,-3,,
3847,1791,1,156,5,21420,,,-3,,
3848,1792,1,140,3,21420,,,-3,,
3849,1793,1,97,8,21420,,,-3,,
3850,1794,1,489,11,21420,,,-3,,
3851,1795,1,39,10,21480,,,-3,,
3852,1796,1,33,6,21480,,,-3,,
3853,1797,1,12,6,21480,,,-3,,
3854,1797,1,2,4,21480,,,-3,,
3855,1797,1,61,10,21480,,,-3,,
3856,1797,1,3,11,21480,,,-3,,
3857,1797,1,199,6,21480,,,-3,,
3858,1797,1,37,6,21480,,,-3,,
3859,1798,1,267,2,21480,,,-3,,
3860,1799,1,36,6,21480,,,-3,,
3861,1799,1,75,6,21480,,,-3,,
3862,1800,1,17,2,21540,,,-3,,
3863,1801,1,12,7,21540,,,-3,,
3864,1802,1,41,10,21540,,,-3,,
3865,1803,1,327,10,21540,,,-3,,
3866,1804,1,148,10,21540,,,-3,,
3867,1804,1,17,6,21540,,,-3,,
3868,1805,1,357,9,21600,,,-3,,
3869,1805,1,103,4,21600,,,-3,,
3870,1805,1,286,8,21600,,,-3,,
3871,1805,1,2,6,21600,,,-3,,
3872,1805,1,35,9,21600,,,-3,,
3873,1806,1,253,6,21600,,,-3,,
3874,1806,1,475,2,21600,,,-3,,
3875,1806,1,20,4,21600,,,-3,,
3876,1806,1,31,10,21600,,,-3,,
3877,1806,1,453,6,21600,,,-3,,
3878,1807,1,45,5,21600,,,-3,,
3879,1808,1,33,4,21600,,,-3,,
3880,1808,1,3,6,21600,,,-3,,
3881,1809,1,15,6,21600,,,-3,,
3882,1810,1,135,2,21600,,,-3,,
3883,1811,1,238,7,21600,,,-3,,
3884,1811,1,297,4,21600,,,-3,,
3885,1811,1,208,2,21600,,,-3,,
3886,1811,1,3,8,21600,,,-3,,
3887,1812,1,67,10,21660,,,-3,,
3888,1813,1,88,7,21660,,,-3,,
3889,1813,1,23,4,21660,,,-3,,
3890,1814,1,31,8,21660,,,-3,,
3891,1814,1,7,4,21660,,,-3,,
3892,1815,1,16,5,21660,,,-3,,
3893,1816,1,381,3,21660,,,-3,,
3894,1817,1,11,6,21660,,,-3,,
3895,1818,1,360,9,21660,,,-3,,
3896,1819,1,38,6,21720,,,-3,,
3897,1819,1,49,7,21720,,,-3,,
3898,1820,1,461,9,21720,,,-3,,
3899,1821,1,82,2,21720,,,-3,,
3900,1822,1,25,6,21720,,,-3,,
3901,1823,1,107,7,21720,,,-3,,
3902,1823,1,13,4,21720,,,-3,,
3903,1823,1,25,6,21720,,,-3,,
3904,1824,1,374,5,21720,,,-3,,
3905,1825,1,43,10,21780,,,-3,,
3906,1826,1,103,3,21780,,,-3,,
3907,1826,1,219,4,21780,,,-3,,
3908,1827,1,141,5,21780,,,-3,,
3909,1828,1,4,10,21780,,,-3,,
3910,1828,1,30,10,21780,,,-3,,
3911,1829,1,29,8,21780,,,-3,,
3912,1830,1,36,5,21780,,,-3,,
3913,1830,1,219,4,21780,,,-3,,
3914,1831,1,139,8,21780,,,-3,,
3915,1831,1,68,2,21780,,,-3,,
3916,1831,1,18,6,21780,,,-3,,
3917,1832,1,43,8,21840,,,-3,,
3918,1832,1,3,10,21840,,,-3,,
3919,1833,1,6,2,21840,,,-3,,
3920,1833,1,162,10,21840,,,-3,,
3921,1834,1,136,10,21840,,,-3,,
3922,1835,1,286,2,21840,,,-3,,
3923,1836,1,79,12,21840,,,-3,,
3924,1837,1,470,2,21900,,,-3,,
3925,1837,1,245,6,21900,,,-3,,
3926,1838,1,337,6,21900,,,-3,,
3927,1838,1,252,4,21900,,,-3,,
3928,1839,1,105,6,21900,,,-3,,
3929,1840,1,293,9,21900,,,-3,,
3930,1841,1,25,8,21960,,,-3,,
3931,1841,1,168,6,21960,,,-3,,
3932,1842,1,6,6,21960,,,-3,,
3933,1843,1,143,2,21960,,,-3,,
3934,1843,1,10,2,21960,,,-3,,
3935,1844,1,342,2,21960,,,-3,,
3936,1844,1,18,7,21960,,,-3,,
3937,1845,1,0,6,21960,,,-3,,
3938,1845,1,347,11,21960,,,-3,,
3939,1846,1,416,8,21960,,,-3,,
3940,1846,1,40,8,21960,,,-3,,
3941,1847,1,37,6,21960,,,-3,,
3942,1848,1,60,10,21960,,,-3,,
3943,1849,1,5,10,22020,,,-3,,
3944,1849,1,201,5,22020,,,-3,,
3945,1849,1,253,4,22020,,,-3,,
3946,1849,1,24,10,22020,,,-3,,
3947,1850,1,1,3,22080,,,-3,,
3948,1851,1,4,8,22080,,,-3,,
3949,1851,1,3,3,22080,,,-3,,
3950,1852,1,423,5,22080,,,-3,,
3951,1853,1,20,5,22080,,,-3,,
3952,1854,1,153,6,22080,,,-3,,
3953,1854,1,28,6,22080,,,-3,,
3954,1855,1,275,10,22080,,,-3,,
3955,1855,1,16,2,22080,,,-3,,
3956,1855,1,1,9,22080,,,-3,,
3957,1856,1,6,4,22140,,,-3,,
3958,1856,1,17,5,22140,,,-3,,
3959,1857,1,19,2,22140,,,-3,,
3960,1858,1,20,4,22140,,,-3,,
3961,1859,1,35,8,22140,,,-3,,
3962,1859,1,466,12,22140,,,-3,,
3963,1859,1,13,8,22140,,,-3,,
3964,1860,1,6,4,22200,,,-3,,
3965,1860,1,207,11,22200,,,-3,,
3966,1860,1,178,12,22200,,,-3,,
3967,1861,1,134,7,22200,,,-3,,
3968,1861,1,11,8,22200,,,-3,,
3969,1861,1,10,8,22200,,,-3,,
3970,1862,1,32,8,22200,,,-3,,
3971,1862,1,219,10,22200,,,-3,,
3972,1862,1,76,8,22200,,,-3,,
3973,1862,1,6,5,22200,,,-3,,
3974,1863,1,153,1,22200,,,-3,,
3975,1863,1,4,7,22200,,,-3,,
3976,1863,1,31,7,22200,,,-3,,
3977,1863,1,84,10,22200,,,-3,,
3978,1863,1,3,6,22200,,,-3,,
3979,1864,1,391,5,22200,,,-3,,
3980,1864,1,26,4,22200,,,-3,,
3981,1864,1,44,5,22200,,,-3,,
3982,1865,1,5,8,22260,,,-3,,
3983,1866,1,110,6,22260,,,-3,,
3984,1867,1,382,4,22260,,,-3,,
3985,1868,1,8,6,22260,,,-3,,
3986,1869,1,4,7,22260,,,-3,,
3987,1870,1,1,2,22260,,,-3,,
3988,1871,1,37,2,22260,,,-3,,
3989,1871,1,15,7,22260,,,-3,,
3990,1871,1,17,2,22260,,,-3,,
3991,1872,1,105,4,22260,,,-3,,
3992,1873,1,409,10,22260,,,-3,,
3993,1874,1,29,3,22260,,,-3,,
3994,1875,1,69,10,22320,,,-3,,
3995,1876,1,9,6,22320,,,-3,,
3996,1877,1,3,4,22320,,,-3,,
3997,1877,1,56,4,22320,,,-3,,
3998,1877,1,57,7,22320,,,-3,,
3999,1877,1,256,2,22320,,,-3,,
4000,1878,1,58,3,22320,,,-3,,
4001,1879,1,1,10,22320,,,-3,,
4002,1879,1,18,5,22320,,,-3,,
4003,1880,1,14,6,22320,,,-3,,
4004,1880,1,429,2,22320,,,-3,,
4005,1880,1,12,4,22320,,,-3,,
4006,1880,1,91,9,22320,,,-3,,
4007,1881,1,102,6,22380,,,-3,,
4008,1882,1,22,7,22380,,,-3,,
4009,1882,1,23,2,22380,,,-3,,
4010,1882,1,0,8,22380,,,-3,,
4011,1882,1,347,9,22380,,,-3,,
4012,1882,1,168,6,22380,,,-3,,
4013,1883,1,56,6,22380,,,-3,,
4014,1883,1,32,2,22380,,,-3,,
4015,1883,1,34,4,22380,,,-3,,
4016,1884,1,92,4,22380,,,-3,,
4017,1885,1,12,6,22440,,,-3,,
4018,1886,1,9,8,22440,,,-3,,
4019,1886,1,41,4,22440,,,-3,,
4020,1886,1,14,7,22440,,,-3,,
4021,1887,1,74,4,22440,,,-3,,
4022,1887,1,18,6,22440,,,-3,,
4023,1887,1,456,4,22440,,,-3,,
4024,1887,1,200,4,22440,,,-3,,
4025,1888,1,346,3,22440,,,-3,,
4026,1889,1,85,9,22440,,,-3,,
4027,1889,1,139,8,22440,,,-3,,
4028,1890,1,43,4,22440,,,-3,,
4029,1890,1,158,8,22440,,,-3,,
4030,1890,1,403,9,22440,,,-3,,
4031,1890,1,260,3,22440,,,-3,,
4032,1890,1,11,11,22440,,,-3,,
4033,1890,1,112,5,22440,,,-3,,
4034,1891,1,3,8,22440,,,-3,,
4035,1892,1,199,5,22440,,,-3,,
4036,1892,1,1,7,22440,,,-3,,
4037,1893,1,11,10,22500,,,-3,,
4038,1894,1,139,6,22500,,,-3,,
4039,1895,1,40,10,22500,,,-3,,
4040,1895,1,5,10,22500,,,-3,,
4041,1895,1,2,5,22500,,,-3,,
4042,1896,1,2,3,22500,,,-3,,
4043,1896,1,445,9,22500,,,-3,,
4044,1897,1,29,10,22560,,,-3,,
4045,1898,1,6,2,22560,,,-3,,
4046,1898,1,3,2,22560,,,-3,,
4047,1899,1,1,5,22560,,,-3,,
4048,1900,1,433,2,22620,,,-3,,
4049,1900,1,14,6,22620,,,-3,,
4050,1900,1,13,5,22620,,,-3,,
4051,1901,1,47,8,22680,,,-3,,
4052,1902,1,84,11,22680,,,-3,,
4053,1903,1,104,1,22680,,,-3,,
4054,1904,1,307,8,22680,,,-3,,
4055,1905,1,59,8,22680,,,-3,,
4056,1905,1,6,6,22680,,,-3,,
4057,1906,1,6,11,22680,,,-3,,
4058,1906,1,11,5,22680,,,-3,,
4059,1906,1,103,12,22680,,,-3,,
4060,1906,1,0,1,22680,,,-3,,
4061,1906,1,387,9,22680,,,-3,,
4062,1907,1,13,11,22680,,,-3,,
4063,1907,1,24,8,22680,,,-3,,
4064,1907,1,56,1,22680,,,-3,,
4065,1908,1,5,12,22680,,,-3,,
4066,1908,1,24,9,22680,,,-3,,
4067,1908,1,46,4,22680,,,-3,,
4068,1908,1,51,10,22680,,,-3,,
4069,1909,1,328,3,22740,,,-3,,
4070,1910,1,42,11,22740,,,-3,,
4071,1911,1,24,8,22740,,,-3,,
4072,1911,1,96,2,22740,,,-3,,
4073,1911,1,306,10,22740,,,-3,,
4074,1911,1,65,11,22740,,,-3,,
4075,1911,1,18,6,22740,,,-3,,
4076,1911,1,12,6,22740,,,-3,,
4077,1912,1,227,7,22740,,,-3,,
4078,1913,1,63,3,22740,,,-3,,
4079,1914,1,109,6,22740,,,-3,,
4080,1914,1,21,6,22740,,,-3,,
4081,1915,1,10,2,22800,,,-3,,
4082,1916,1,347,3,22800,,,-3,,
4083,1916,1,82,9,22800,,,-3,,
4084,1917,1,90,4,22800,,,-3,,
4085,1917,1,171,8,22800,,,-3,,
4086,1917,1,48,10,22800,,,-3,,
4087,1918,1,119,7,22800,,,-3,,
4088,1919,1,414,6,22800,,,-3,,
4089,1919,1,14,6,22800,,,-3,,
4090,1920,1,403,6,22800,,,-3,,
4091,1920,1,171,12,22800,,,-3,,
4092,1921,1,208,4,22860,,,-3,,
4093,1921,1,36,10,22860,,,-3,,
4094,1921,1,123,5,22860,,,-3,,
4095,1921,1,106,4,22860,,,-3,,
4096,1921,1,23,4,22860,,,-3,,
4097,1922,1,114,6,22860,,,-3,,
4098,1922,1,8,3,22860,,,-3,,
4099,1922,1,235,4,22860,,,-3,,
4100,1922,1,10,9,22860,,,-3,,
4101,1922,1,341,6,22860,,,-3,,
4102,1923,1,242,6,22860,,,-3,,
4103,1924,1,8,6,22860,,,-3,,
4104,1925,1,196,11,22860,,,-3,,
4105,1926,1,41,4,22860,,,-3,,
4106,1927,1,45,8,22920,,,-3,,
4107,1927,1,34,6,22920,,,-3,,
4108,1928,1,40,6,22920,,,-3,,
4109,1929,1,110,5,22920,,,-3,,
4110,1929,1,24,10,22920,,,-3,,
4111,1930,1,91,6,22920,,,-3,,
4112,1931,1,13,6,22980,,,-3,,
4113,1932,1,105,5,22980,,,-3,,
4114,1933,1,30,10,22980,,,-3,,
4115,1933,1,14,3,22980,,,-3,,
4116,1933,1,44,4,22980,,,-3,,
4117,1933,1,185,6,22980,,,-3,,
4118,1934,1,123,9,22980,,,-3,,
4119,1935,1,43,2,22980,,,-3,,
4120,1935,1,153,3,22980,,,-3,,
4121,1935,1,304,4,22980,,,-3,,
4122,1936,1,22,10,22980,,,-3,,
4123,1936,1,4,8,22980,,,-3,,
4124,1936,1,1,4,22980,,,-3,,
4125,1937,1,195,7,22980,,,-3,,
4126,1938,1,28,4,22980,,,-3,,
4127,1938,1,284,5,22980,,,-3,,
4128,1938,1,308,8,22980,,,-3,,
4129,1939,1,94,8,22980,,,-3,,
4130,1940,1,185,1,23040,,,-3,,
4131,1941,1,7,8,23040,,,-3,,
4132,1942,1,8,7,23040,,,-3,,
4133,1943,1,16,11,23040,,,-3,,
4134,1943,1,9,11,23040,,,-3,,
4135,1943,1,2,3,23040,,,-3,,
4136,1944,1,135,6,23040,,,-3,,
4137,1944,1,44,5,23040,,,-3,,
4138,1945,1,28,9,23040,,,-3,,
4139,1945,1,13,12,23040,,,-3,,
4140,1946,1,149,6,23040,,,-3,,
4141,1946,1,1,6,23040,,,-3,,
4142,1946,1,69,6,23040,,,-3,,
4143,1946,1,452,4,23040,,,-3,,
4144,1946,1,44,12,23040,,,-3,,
4145,1946,1,6,6,23040,,,-3,,
4146,1947,1,4,4,23100,,,-3,,
4147,1948,1,476,6,23100,,,-3,,
4148,1949,1,164,3,23100,,,-3,,
4149,1950,1,164,12,23100,,,-3,,
4150,1951,1,398,4,23100,,,-3,,
4151,1951,1,3,9,23100,,,-3,,
4152,1951,1,138,7,23100,,,-3,,
4153,1951,1,58,12,23100,,,-3,,
4154,1951,1,106,9,23100,,,-3,,
4155,1951,1,230,3,23100,,,-3,,
4156,1952,1,23,10,23100,,,-3,,
4157,1952,1,14,4,23100,,,-3,,
4158,1953,1,129,10,23100,,,-3,,
4159,1953,1,42,5,23100,,,-3,,
4160,1954,1,467,8,23160,,,-3,,
4161,1955,1,499,4,23160,,,-3,,
4162,1956,1,21,6,23160,,,-3,,
4163,1957,1,63,7,23220,,,-3,,
4164,1958,1,43,6,23220,,,-3,,
4165,1959,1,94,7,23220,,,-3,,
4166,1959,1,17,2,23220,,,-3,,
4167,1959,1,43,4,23220,,,-3,,
4168,1960,1,326,4,23220,,,-3,,
4169,1961,1,0,6,23220,,,-3,,
4170,1962,1,145,6,23280,,,-3,,
4171,1963,1,45,6,23280,,,-3,,
4172,1963,1,140,6,23280,,,-3,,
4173,1964,1,301,6,23280,,,-3,,
4174,1965,1,243,1,23280,,,-3,,
4175,1966,1,31,8,23340,,,-3,,
4176,1966,1,36,9,23340,,,-3,,
4177,1966,1,114,9,23340,,,-3,,
4178,1967,1,236,7,23340,,,-3,,
4179,1967,1,15,10,23340,,,-3,,
4180,1967,1,30,5,23340,,,-3,,
4181,1967,1,82,8,23340,,,-3,,
4182,1968,1,43,8,23340,,,-3,,
4183,1969,1,150,4,23340,,,-3,,
4184,1970,1,26,12,23340,,,-3,,
4185,1970,1,49,10,23340,,,-3,,
4186,1971,1,161,10,23340,,,-3,,
4187,1971,1,37,4,23340,,,-3,,
4188,1972,1,1,8,23340,,,-3,,
4189,1973,1,179,6,23340,,,-3,,
4190,1974,1,1,8,23340,,,-3,,
4191,1974,1,17,10,23340,,,-3,,
4192,1974,1,446,6,23340,,,-3,,
4193,1974,1,140,6,23340,,,-3,,
4194,1974,1,348,2,23340,,,-3,,
4195,1975,1,154,2,23400,,,-3,,
4196,1976,1,103,7,23400,,,-3,,
4197,1976,1,47,7,23400,,,-3,,
4198,1976,1,33,11,23400,,,-3,,
4199,1977,1,25,4,23460,,,-3,,
4200,1978,1,27,8,23460,,,-3,,
4201,1979,1,0,6,23460,,,-3,,
4202,1980,1,45,5,23460,,,-3,,
4203,1981,1,57,9,23460,,,-3,,
4204,1982,1,64,4,23460,,,-3,,
4205,1983,1,19,8,23520,,,-3,,
4206,1984,1,228,4,23520,,,-3,,
4207,1985,1,11,4,23520,,,-3,,
4208,1985,1,10,8,23520,,,-3,,
4209,1985,1,2,7,23520,,,-3,,
4210,1985,1,188,12,23520,,,-3,,
4211,1985,1,440,6,23520,,,-3,,
4212,1986,1,132,9,23520,,,-3,,
4213,1986,1,257,6,23520,,,-3,,
4214,1986,1,22,4,23520,,,-3,,
4215,1986,1,143,10,23520,,,-3,,
4216,1987,1,466,7,23520,,,-3,,
4217,1988,1,281,2,23520,,,-3,,
4218,1988,1,23,4,23520,,,-3,,
4219,1988,1,35,9,23520,,,-3,,
4220,1988,1,28,4,23520,,,-3,,
4221,1988,1,14,9,23520,,,-3,,
4222,1989,1,13,5,23580,,,-3,,
4223,1989,1,164,12,23580,,,-3,,
4224,1990,1,29,5,23580,,,-3,,
4225,1991,1,144,4,23580,,,-3,,
4226,1991,1,251,6,23580,,,-3,,
4227,1992,1,0,6,23580,,,-3,,
4228,1992,1,69,3,23580,,,-3,,
4229,1993,1,15,1,23580,,,-3,,
4230,1994,1,52,8,23580,,,-3,,
4231,1995,1,168,10,23580,,,-3,,
4232,1996,1,173,6,23580,,,-3,,
4233,1996,1,171,5,23580,,,-3,,
4234,1997,1,6,12,23580,,,-3,,
4235,1998,1,481,2,23640,,,-3,,
4236,1999,1,176,8,23640,,,-3,,
4237,1999,1,448,6,23640,,,-3,,
4238,1999,1,208,11,23640,,,-3,,
4239,1999,1,169,10,23640,,,-3,,
4240,2000,1,83,8,23640,,,-3,,
4241,2000,1,17,8,23640,,,-3,,
4242,2001,1,214,6,23700,,,-3,,
4243,2002,1,4,10,23700,,,-3,,
4244,2003,1,122,7,23700,,,-3,,
4245,2004,1,2,11,23700,,,-3,,
4246,2004,1,301,11,23700,,,-3,,
4247,2004,1,19,8,23700,,,-3,,
4248,2004,1,97,6,23700,,,-3,,
4249,2005,1,14,12,23700,,,-3,,
4250,2006,1,263,9,23700,,,-3,,
4251,2007,1,40,11,23700,,,-3,,
4252,2007,1,8,6,23700,,,-3,,
4253,2008,1,52,3,23760,,,-3,,
4254,2009,1,5,4,23760,,,-3,,
4255,2009,1,467,9,23760,,,-3,,
4256,2010,1,71,10,23760,,,-3,,
4257,2011,1,69,4,23820,,,-3,,
4258,2012,1,0,4,23820,,,-3,,
4259,2013,1,127,1,23820,,,-3,,
4260,2014,1,157,6,23820,,,-3,,
4261,2014,1,54,5,23820,,,-3,,
4262,2014,1,49,5,23820,,,-3,,
4263,2014,1,4,8,23820,,,-3,,
4264,2014,1,68,2,23820,,,-3,,
4265,2014,1,33,3,23820,,,-3,,
4266,2015,1,314,10,23880,,,-3,,
4267,2016,1,6,12,23880,,,-3,,
4268,2016,1,9,5,23880,,,-3,,
4269,2017,1,10,8,23940,,,-3,,
4270,2018,1,0,10,23940,,,-3,,
4271,2019,1,2,8,23940,,,-3,,
4272,2020,1,31,2,23940,,,-3,,
4273,2020,1,91,10,23940,,,-3,,
4274,2020,1,2,6,23940,,,-3,,
4275,2021,1,23,9,23940,,,-3,,
4276,2022,1,0,8,23940,,,-3,,
4277,2022,1,63,9,23940,,,-3,,
4278,2022,1,41,5,23940,,,-3,,
4279,2023,1,278,4,24000,,,-3,,
4280,2023,1,0,8,24000,,,-3,,
4281,2023,1,23,3,24000,,,-3,,
4282,2023,1,494,3,24000,,,-3,,
4283,2024,1,316,6,24000,,,-3,,
4284,2025,1,53,5,24000,,,-3,,
4285,2025,1,13,7,24000,,,-3,,
4286,2025,1,16,6,24000,,,-3,,
4287,2026,1,17,6,24060,,,-3,,
4288,2027,1,36,7,24060,,,-3,,
4289,2028,1,2,4,24060,,,-3,,
4290,2029,1,33,6,24060,,,-3,,
4291,2029,1,371,11,24060,,,-3,,
4292,2029,1,47,2,24060,,,-3,,
4293,2029,1,435,7,24060,,,-3,,
4294,2029,1,80,8,24060,,,-3,,
4295,2029,1,427,6,24060,,,-3,,
4296,2030,1,25,8,24060,,,-3,,
4297,2031,1,45,5,24120,,,-3,,
4298,2032,1,3,3,24120,,,-3,,
4299,2033,1,34,8,24120,,,-3,,
4300,2033,1,37,6,24120,,,-3,,
4301,2033,1,311,4,24120,,,-3,,
4302,2034,1,19,4,24120,,,-3,,
4303,2035,1,14,8,24120,,,-3,,
4304,2035,1,7,9,24120,,,-3,,
4305,2036,1,39,7,24120,,,-3,,
4306,2036,1,18,4,24120,,,-3,,
4307,2036,1,32,4,24120,,,-3,,
4308,2037,1,255,3,24180,,,-3,,
4309,2037,1,266,4,24180,,,-3,,
4310,2037,1,44,6,24180,,,-3,,
4311,2037,1,37,6,24180,,,-3,,
4312,2037,1,23,7,24180,,,-3,,
4313,2037,1,168,6,24180,,,-3,,
4314,2037,1,54,10,24180,,,-3,,
4315,2038,1,244,4,24180,,,-3,,
4316,2039,1,78,8,24180,,,-3,,
4317,2040,1,61,8,24180,,,-3,,
4318,2040,1,5,2,24180,,,-3,,
4319,2041,1,54,9,24180,,,-3,,
4320,2042,1,148,11,24180,,,-3,,
4321,2043,1,2,4,24180,,,-3,,
4322,2043,1,20,4,24180,,,-3,,
4323,2044,1,118,12,24240,,,-3,,
4324,2045,1,66,10,24240,,,-3,,
4325,2045,1,38,5,24240,,,-3,,
4326,2046,1,12,9,24240,,,-3,,
4327,2046,1,27,2,24240,,,-3,,
4328,2046,1,152,4,24240,,,-3,,
4329,2047,1,67,4,24240,,,-3,,
4330,2047,1,101,9,24240,,,-3,,
4331,2047,1,140,2,24240,,,-3,,
4332,2047,1,19,12,24240,,,-3,,
4333,2047,1,90,6,24240,,,-3,,
4334,2047,1,10,6,24240,,,-3,,
4335,2047,1,45,8,24240,,,-3,,
4336,2048,1,14,8,24240,,,-3,,
4337,2049,1,80,5,24240,,,-3,,
4338,2050,1,471,5,24240,,,-3,,
4339,2050,1,10,4,24240,,,-3,,
4340,2051,1,255,7,24240,,,-3,,
4341,2051,1,38,6,24240,,,-3,,
4342,2051,1,310,6,24240,,,-3,,
4343,2052,1,314,1,24300,,,-3,,
4344,2052,1,6,8,24300,,,-3,,
4345,2052,1,21,3,24300,,,-3,,
4346,2053,1,111,8,24300,,,-3,,
4347,2054,1,2,5,24300,,,-3,,
4348,2054,1,71,1,24300,,,-3,,
4349,2054,1,11,12,24300,,,-3,,
4350,2054,1,12,5,24300,,,-3,,
4351,2054,1,470,6,24300,,,-3,,
4352,2054,1,87,6,24300,,,-3,,
4353,2054,1,5,1,24300,,,-3,,
4354,2054,1,6,6,24300,,,-3,,
4355,2054,1,273,12,24300,,,-3,,
4356,2054,1,9,9,24300,,,-3,,
4357,2054,1,28,10,24300,,,-3,,
4358,2054,1,37,6,24300,,,-3,,
4359,2054,1,8,3,24300,,,-3,,
4360,2055,1,157,6,24300,,,-3,,
4361,2055,1,18,6,24300,,,-3,,
4362,2055,1,25,6,24300,,,-3,,
4363,2055,1,114,8,24300,,,-3,,
4364,2056,1,3,8,24300,,,-3,,
4365,2057,1,152,10,24360,,,-3,,
4366,2058,1,173,10,24360,,,-3,,
4367,2058,1,76,6,24360,,,-3,,
4368,2058,1,194,7,24360,,,-3,,
4369,2058,1,1,9,24360,,,-3,,
4370,2058,1,150,1,24360,,,-3,,
4371,2058,1,29,1,24360,,,-3,,
4372,2059,1,237,12,24360,,,-3,,
4373,2059,1,18,5,24360,,,-3,,
4374,2059,1,43,7,24360,,,-3,,
4375,2060,1,98,4,24480,,,-3,,
4376,2061,1,69,12,24480,,,-3,,
4377,2062,1,214,8,24480,,,-3,,
4378,2062,1,1,6,24480,,,-3,,
4379,2062,1,2,4,24480,,,-3,,
4380,2062,1,125,10,24480,,,-3,,
4381,2063,1,11,6,24480,,,-3,,
4382,2063,1,34,12,24480,,,-3,,
4383,2064,1,20,8,24480,,,-3,,
4384,2065,1,210,2,24480,,,-3,,
4385,2066,1,40,5,24480,,,-3,,
4386,2067,1,251,9,24480,,,-3,,
4387,2068,1,491,8,24480,,,-3,,
4388,2068,1,339,5,24480,,,-3,,
4389,2069,1,10,3,24480,,,-3,,
4390,2069,1,60,6,24480,,,-3,,
4391,2070,1,18,10,24480,,,-3,,
4392,2071,1,167,4,24480,,,-3,,
4393,2072,1,3,3,24480,,,-3,,
4394,2073,1,114,8,24480,,,-3,,
4395,2073,1,260,7,24480,,,-3,,
4396,2074,1,31,10,24480,,,-3,,
4397,2075,1,0,6,24540,,,-3,,
4398,2075,1,146,6,24540,,,-3,,
4399,2076,1,21,6,24540,,,-3,,
4400,2076,1,296,8,24540,,,-3,,
4401,2076,1,440,10,24540,,,-3,,
4402,2077,1,2,10,24540,,,-3,,
4403,2078,1,1,5,24540,,,-3,,
4404,2078,1,116,7,24540,,,-3,,
4405,2078,1,28,12,24540,,,-3,,
4406,2079,1,31,5,24540,,,-3,,
4407,2080,1,240,6,24540,,,-3,,
4408,2081,1,47,10,24600,,,-3,,
4409,2082,1,28,10,24600,,,-3,,
4410,2083,1,29,11,24600,,,-3,,
4411,2084,1,53,2,24600,,,-3,,
4412,2085,1,30,8,24660,,,-3,,
4413,2086,1,33,2,24660,,,-3,,
4414,2086,1,493,2,24660,,,-3,,
4415,2087,1,27,6,24660,,,-3,,
4416,2087,1,218,10,24660,,,-3,,
4417,2088,1,71,4,24660,,,-3,,
4418,2088,1,4,2,24660,,,-3,,
4419,2088,1,25,3,24660,,,-3,,
4420,2088,1,273,6,24660,,,-3,,
4421,2089,1,69,10,24660,,,-3,,
4422,2090,1,64,8,24660,,,-3,,
4423,2090,1,5,10,24660,,,-3,,
4424,2091,1,3,4,24720,,,-3,,
4425,2092,1,32,3,24720,,,-3,,
4426,2093,1,221,8,24720,,,-3,,
4427,2093,1,439,2,24720,,,-3,,
4428,2094,1,17,5,24720,,,-3,,
4429,2095,1,61,8,24720,,,-3,,
4430,2095,1,392,2,24720,,,-3,,
4431,2096,1,2,2,24720,,,-3,,
4432,2097,1,62,5,24720,,,-3,,
4433,2097,1,35,3,24720,,,-3,,
4434,2098,1,175,9,24720,,,-3,,
4435,2099,1,1,4,24780,,,-3,,
4436,2099,1,112,12,24780,,,-3,,
4437,2099,1,193,7,24780,,,-3,,
4438,2099,1,427,7,24780,,,-3,,
4439,2099,1,33,9,24780,,,-3,,
4440,2100,1,59,4,24780,,,-3,,
4441,2101,1,9,5,24780,,,-3,,
4442,2102,1,183,9,24780,,,-3,,
4443,2102,1,488,10,24780,,,-3,,
4444,2102,1,8,6,24780,,,-3,,
4445,2103,1,498,7,24780,,,-3,,
4446,2104,1,455,8,24780,,,-3,,
4447,2105,1,87,4,24840,,,-3,,
4448,2105,1,9,4,24840,,,-3,,
4449,2106,1,193,1,24840,,,-3,,
4450,2106,1,9,8,24840,,,-3,,
4451,2107,1,411,12,24840,,,-3,,
4452,2108,1,240,10,24840,,,-3,,
4453,2108,1,81,4,24840,,,-3,,
4454,2108,1,40,4,24840,,,-3,,
4455,2108,1,42,6,24840,,,-3,,
4456,2108,1,28,5,24840,,,-3,,
4457,2108,1,8,6,24840,,,-3,,
4458,2108,1,89,5,24840,,,-3,,
4459,2108,1,98,4,24840,,,-3,,
4460,2108,1,113,4,24840,,,-3,,
4461,2108,1,18,6,24840,,,-3,,
4462,2109,1,23,3,24900,,,-3,,
4463,2109,1,8,8,24900,,,-3,,
4464,2109,1,2,12,24900,,,-3,,
4465,2110,1,3,8,24900,,,-3,,
4466,2111,1,23,6,24900,,,-3,,
4467,2112,1,157,3,24900,,,-3,,
4468,2112,1,27,6,24900,,,-3,,
4469,2113,1,70,4,24900,,,-3,,
4470,2113,1,316,4,24900,,,-3,,
4471,2114,1,9,7,24900,,,-3,,
4472,2115,1,5,7,24900,,,-3,,
4473,2115,1,49,2,24900,,,-3,,
4474,2115,1,77,4,24900,,,-3,,
4475,2116,1,0,9,24960,,,-3,,
4476,2116,1,145,7,24960,,,-3,,
4477,2116,1,9,4,24960,,,-3,,
4478,2116,1,35,6,24960,,,-3,,
4479,2116,1,92,8,24960,,,-3,,
4480,2116,1,17,6,24960,,,-3,,
4481,2116,1,98,6,24960,,,-3,,
4482,2117,1,1,6,24960,,,-3,,
4483,2117,1,15,9,24960,,,-3,,
4484,2117,1,95,5,24960,,,-3,,
4485,2117,1,183,4,24960,,,-3,,
4486,2118,1,116,6,24960,,,-3,,
4487,2119,1,186,9,24960,,,-3,,
4488,2120,1,9,10,24960,,,-3,,
4489,2120,1,114,8,24960,,,-3,,
4490,2121,1,16,8,25020,,,-3,,
4491,2122,1,300,8,25020,,,-3,,
4492,2123,1,46,8,25080,,,-3,,
4493,2124,1,5,4,25080,,,-3,,
4494,2124,1,330,8,25080,,,-3,,
4495,2125,1,88,12,25080,,,-3,,
4496,2125,1,65,10,25080,,,-3,,
4497,2125,1,111,8,25080,,,-3,,
4498,2125,1,195,6,25080,,,-3,,
4499,2126,1,90,5,25080,,,-3,,
4500,2127,1,5,10,25140,,,-3,,
4501,2128,1,1,7,25140,,,-3,,
4502,2129,1,171,10,25140,,,-3,,
4503,2129,1,29,4,25140,,,-3,,
4504,2129,1,347,6,25140,,,-3,,
4505,2130,1,163,2,25200,,,-3,,
4506,2130,1,21,10,25200,,,-3,,
4507,2130,1,277,9,25200,,,-3,,
4508,2131,1,43,4,25200,,,-3,,
4509,2132,1,390,8,25200,,,-3,,
4510,2133,1,73,10,25200,,,-3,,
4511,2134,1,417,2,25200,,,-3,,
4512,2134,1,115,5,25200,,,-3,,
4513,2135,1,75,8,25200,,,-3,,
4514,2135,1,203,6,25200,,,-3,,
4515,2135,1,77,6,25200,,,-3,,
4516,2136,1,297,12,25200,,,-3,,
4517,2137,1,32,10,25260,,,-3,,
4518,2138,1,9,4,25260,,,-3,,
4519,2138,1,402,8,25260,,,-3,,
4520,2138,1,1,10,25260,,,-3,,
4521,2138,1,0,8,25260,,,-3,,
4522,2139,1,0,8,25260,,,-3,,
4523,2139,1,8,5,25260,,,-3,,
4524,2139,1,2,4,25260,,,-3,,
4525,2139,1,139,8,25260,,,-3,,
4526,2140,1,38,10,25260,,,-3,,
4527,2141,1,66,5,25260,,,-3,,
4528,2141,1,12,9,25260,,,-3,,
4529,2141,1,31,8,25260,,,-3,,
4530,2141,1,14,10,25260,,,-3,,
4531,2141,1,72,6,25260,,,-3,,
4532,2142,1,10,8,25260,,,-3,,
4533,2142,1,118,2,25260,,,-3,,
4534,2143,1,0,4,25260,,,-3,,
4535,2144,1,4,5,25260,,,-3,,
4536,2145,1,12,6,25260,,,-3,,
4537,2145,1,43,10,25260,,,-3,,
4538,2145,1,58,2,25260,,,-3,,
4539,2146,1,111,7,25320,,,-3,,
4540,2146,1,105,3,25320,,,-3,,
4541,2147,1,25,9,25320,,,-3,,
4542,2147,1,35,1,25320,,,-3,,
4543,2147,1,22,6,25320,,,-3,,
4544,2147,1,79,4,25320,,,-3,,
4545,2147,1,136,6,25320,,,-3,,
4546,2148,1,5,7,25320,,,-3,,
4547,2149,1,113,8,25320,,,-3,,
4548,2149,1,29,12,25320,,,-3,,
4549,2150,1,174,8,25320,,,-3,,
4550,2150,1,211,6,25320,,,-3,,
4551,2150,1,24,6,25320,,,-3,,
4552,2150,1,44,3,25320,,,-3,,
4553,2150,1,9,3,25320,,,-3,,
4554,2150,1,43,2,25320,,,-3,,
4555,2151,1,4,9,25320,,,-3,,
4556,2151,1,5,4,25320,,,-3,,
4557,2152,1,9,11,25320,,,-3,,
4558,2152,1,10,4,25320,,,-3,,
4559,2153,1,26,10,25320,,,-3,,
4560,2153,1,20,6,25320,,,-3,,
4561,2153,1,41,2,25320,,,-3,,
4562,2154,1,146,7,25320,,,-3,,
4563,2154,1,181,4,25320,,,-3,,
4564,2155,1,146,8,25380,,,-3,,
4565,2155,1,26,8,25380,,,-3,,
4566,2155,1,336,12,25380,,,-3,,
4567,2155,1,217,1,25380,,,-3,,
4568,2155,1,270,10,25380,,,-3,,
4569,2156,1,56,7,25380,,,-3,,
4570,2157,1,226,10,25440,,,-3,,
4571,2157,1,120,6,25440,,,-3,,
4572,2158,1,60,8,25440,,,-3,,
4573,2159,1,137,4,25440,,,-3,,
4574,2159,1,36,7,25440,,,-3,,
4575,2160,1,126,4,25440,,,-3,,
4576,2160,1,235,2,25440,,,-3,,
4577,2160,1,20,2,25440,,,-3,,
4578,2160,1,62,5,25440,,,-3,,
4579,2160,1,426,9,25440,,,-3,,
4580,2160,1,76,5,25440,,,-3,,
4581,2160,1,7,3,25440,,,-3,,
4582,2161,1,8,6,25500,,,-3,,
4583,2162,1,112,12,25500,,,-3,,
4584,2162,1,353,10,25500,,,-3,,
4585,2163,1,45,8,25500,,,-3,,
4586,2163,1,21,5,25500,,,-3,,
4587,2164,1,15,10,25500,,,-3,,
4588,2165,1,5,2,25500,,,-3,,
4589,2166,1,55,4,25500,,,-3,,
4590,2167,1,157,3,25560,,,-3,,
4591,2167,1,307,10,25560,,,-3,,
4592,2167,1,1,6,25560,,,-3,,
4593,2167,1,13,9,25560,,,-3,,
4594,2168,1,5,2,25560,,,-3,,
4595,2168,1,3,10,25560,,,-3,,
4596,2168,1,361,10,25560,,,-3,,
4597,2168,1,301,7,25560,,,-3,,
4598,2169,1,1,9,25560,,,-3,,
4599,2169,1,31,1,25560,,,-3,,
4600,2170,1,72,1,25560,,,-3,,
4601,2171,1,117,10,25560,,,-3,,
4602,2172,1,3,10,25620,,,-3,,
4603,2172,1,1,11,25620,,,-3,,
4604,2172,1,118,4,25620,,,-3,,
4605,2173,1,7,6,25620,,,-3,,
4606,2174,1,10,4,25620,,,-3,,
4607,2175,1,145,3,25620,,,-3,,
4608,2175,1,13,10,25620,,,-3,,
4609,2175,1,493,9,25620,,,-3,,
4610,2175,1,43,10,25620,,,-3,,
4611,2175,1,188,4,25620,,,-3,,
4612,2175,1,418,4,25620,,,-3,,
4613,2176,1,4,1,25620,,,-3,,
4614,2177,1,443,12,25680,,,-3,,
4615,2177,1,412,7,25680,,,-3,,
4616,2178,1,7,4,25680,,,-3,,
4617,2178,1,13,2,25680,,,-3,,
4618,2179,1,171,8,25680,,,-3,,
4619,2179,1,457,12,25680,,,-3,,
4620,2179,1,173,12,25680,,,-3,,
4621,2180,1,3,9,25680,,,-3,,
4622,2180,1,2,11,25680,,,-3,,
4623,2180,1,227,8,25680,,,-3,,
4624,2181,1,17,4,25740,,,-3,,
4625,2181,1,27,10,25740,,,-3,,
4626,2182,1,6,4,25740,,,-3,,
4627,2183,1,223,7,25740,,,-3,,
4628,2183,1,2,8,25740,,,-3,,
4629,2183,1,35,6,25740,,,-3,,
4630,2183,1,210,4,25740,,,-3,,
4631,2183,1,21,5,25740,,,-3,,
4632,2184,1,332,6,25740,,,-3,,
4633,2184,1,37,7,25740,,,-3,,
4634,2184,1,241,7,25740,,,-3,,
4635,2184,1,114,8,25740,,,-3,,
4636,2185,1,190,2,25740,,,-3,,
4637,2185,1,468,4,25740,,,-3,,
4638,2185,1,86,10,25740,,,-3,,
4639,2186,1,89,2,25740,,,-3,,
4640,2187,1,42,10,25740,,,-3,,
4641,2187,1,435,11,25740,,,-3,,
4642,2188,1,28,2,25800,,,-3,,
4643,2188,1,15,6,25800,,,-3,,
4644,2189,1,45,9,25800,,,-3,,
4645,2189,1,78,4,25800,,,-3,,
4646,2190,1,112,8,25800,,,-3,,
4647,2191,1,54,10,25800,,,-3,,
4648,2192,1,21,8,25800,,,-3,,
4649,2192,1,171,8,25800,,,-3,,
4650,2192,1,349,7,25800,,,-3,,
4651,2192,1,10,4,25800,,,-3,,
4652,2192,1,29,6,25800,,,-3,,
4653,2193,1,47,3,25800,,,-3,,
4654,2193,1,82,6,25800,,,-3,,
4655,2193,1,40,3,25800,,,-3,,
4656,2194,1,65,2,25800,,,-3,,
4657,2195,1,392,4,25800,,,-3,,
4658,2196,1,39,6,25860,,,-3,,
4659,2197,1,247,12,25860,,,-3,,
4660,2198,1,466,8,25860,,,-3,,
4661,2199,1,123,6,25860,,,-3,,
4662,2199,1,63,4,25860,,,-3,,
4663,2200,1,368,6,25920,,,-3,,
4664,2201,1,1,4,25920,,,-3,,
4665,2201,1,351,6,25920,,,-3,,
4666,2202,1,434,6,25920,,,-3,,
4667,2203,1,345,4,25920,,,-3,,
4668,2204,1,35,8,25920,,,-3,,
4669,2205,1,379,7,25920,,,-3,,
4670,2206,1,41,2,25980,,,-3,,
4671,2206,1,129,7,25980,,,-3,,
4672,2207,1,39,10,25980,,,-3,,
4673,2207,1,2,4,25980,,,-3,,
4674,2207,1,128,4,25980,,,-3,,
4675,2207,1,182,4,25980,,,-3,,
4676,2208,1,287,12,25980,,,-3,,
4677,2208,1,3,7,25980,,,-3,,
4678,2209,1,43,9,25980,,,-3,,
4679,2210,1,74,10,25980,,,-3,,
4680,2210,1,1,8,25980,,,-3,,
4681,2211,1,88,7,26040,,,-3,,
4682,2212,1,388,3,26040,,,-3,,
4683,2213,1,65,4,26100,,,-3,,
4684,2214,1,35,5,26100,,,-3,,
4685,2215,1,84,4,26100,,,-3,,
4686,2216,1,17,8,26100,,,-3,,
4687,2217,1,143,2,26100,,,-3,,
4688,2217,1,153,9,26100,,,-3,,
4689,2218,1,48,8,26160,,,-3,,
4690,2219,1,20,6,26160,,,-3,,
4691,2220,1,23,4,26160,,,-3,,
4692,2221,1,329,10,26160,,,-3,,
4693,2221,1,438,7,26160,,,-3,,
4694,2222,1,202,3,26160,,,-3,,
4695,2222,1,196,8,26160,,,-3,,
4696,2223,1,24,4,26160,,,-3,,
4697,2224,1,183,12,26160,,,-3,,
4698,2225,1,22,4,26160,,,-3,,
4699,2225,1,0,8,26160,,,-3,,
4700,2226,1,27,4,26160,,,-3,,
4701,2227,1,17,10,26220,,,-3,,
4702,2228,1,11,10,26220,,,-3,,
4703,2229,1,416,7,26220,,,-3,,
4704,2230,1,126,8,26280,,,-3,,
4705,2230,1,94,8,26280,,,-3,,
4706,2230,1,77,8,26280,,,-3,,
4707,2231,1,93,10,26280,,,-3,,
4708,2232,1,16,6,26280,,,-3,,
4709,2233,1,10,6,26280,,,-3,,
4710,2234,1,13,10,26280,,,-3,,
4711,2235,1,191,7,26280,,,-3,,
4712,2236,1,10,6,26280,,,-3,,
4713,2237,1,19,6,26280,,,-3,,
4714,2238,1,34,6,26280,,,-3,,
4715,2239,1,0,11,26340,,,-3,,
4716,2239,1,173,7,26340,,,-3,,
4717,2239,1,9,4,26340,,,-3,,
4718,2240,1,36,10,26340,,,-3,,
4719,2241,1,29,8,26340,,,-3,,
4720,2242,1,41,8,26340,,,-3,,
4721,2242,1,291,8,26340,,,-3,,
4722,2243,1,119,4,26340,,,-3,,
4723,2243,1,9,6,26340,,,-3,,
4724,2244,1,10,5,26400,,,-3,,
4725,2244,1,3,6,26400,,,-3,,
4726,2245,1,149,7,26400,,,-3,,
4727,2246,1,0,8,26400,,,-3,,
4728,2246,1,109,4,26400,,,-3,,
4729,2246,1,21,8,26400,,,-3,,
4730,2247,1,15,7,26400,,,-3,,
4731,2248,1,4,6,26400,,,-3,,
4732,2249,1,1,10,26400,,,-3,,
4733,2250,1,326,2,26400,,,-3,,
4734,2250,1,230,5,26400,,,-3,,
4735,2250,1,149,6,26400,,,-3,,
4736,2250,1,3,7,26400,,,-3,,
4737,2250,1,66,5,26400,,,-3,,
4738,2250,1,9,4,26400,,,-3,,
4739,2251,1,1,6,26400,,,-3,,
4740,2252,1,418,5,26400,,,-3,,
4741,2252,1,0,6,26400,,,-3,,
4742,2253,1,2,6,26400,,,-3,,
4743,2254,1,166,10,26400,,,-3,,
4744,2254,1,13,2,26400,,,-3,,
4745,2255,1,9,7,26400,,,-3,,
4746,2255,1,0,7,26400,,,-3,,
4747,2255,1,160,6,26400,,,-3,,
4748,2255,1,64,4,26400,,,-3,,
4749,2256,1,67,6,26460,,,-3,,
4750,2257,1,349,4,26460,,,-3,,
4751,2258,1,0,10,26460,,,-3,,
4752,2259,1,132,8,26460,,,-3,,
4753,2259,1,99,5,26460,,,-3,,
4754,2259,1,146,7,26460,,,-3,,
4755,2260,1,3,5,26460,,,-3,,
4756,2260,1,47,12,26460,,,-3,,
4757,2260,1,29,9,26460,,,-3,,
4758,2261,1,373,10,26460,,,-3,,
4759,2262,1,48,8,26520,,,-3,,
4760,2263,1,3,6,26520,,,-3,,
4761,2263,1,38,3,26520,,,-3,,
4762,2264,1,6,6,26520,,,-3,,
4763,2265,1,438,7,26520,,,-3,,
4764,2265,1,77,5,26520,,,-3,,
4765,2265,1,82,6,26520,,,-3,,
4766,2265,1,9,6,26520,,,-3,,
4767,2266,1,284,8,26520,,,-3,,
4768,2266,1,10,4,26520,,,-3,,
4769,2267,1,3,5,26520,,,-3,,
4770,2267,1,491,8,26520,,,-3,,
4771,2267,1,301,9,26520,,,-3,,
4772,2268,1,120,6,26580,,,-3,,
4773,2269,1,48,6,26580,,,-3,,
4774,2269,1,187,4,26580,,,-3,,
4775,2270,1,22,2,26580,,,-3,,
4776,2270,1,94,3,26580,,,-3,,
4777,2270,1,52,6,26580,,,-3,,
4778,2271,1,349,12,26580,,,-3,,
4779,2272,1,14,8,26640,,,-3,,
4780,2273,1,466,4,26640,,,-3,,
4781,2273,1,75,10,26640,,,-3,,
4782,2274,1,38,8,26640,,,-3,,
4783,2275,1,415,4,26640,,,-3,,
4784,2275,1,100,6,26640,,,-3,,
4785,2276,1,192,8,26640,,,-3,,
4786,2276,1,2,2,26640,,,-3,,
4787,2276,1,58,3,26640,,,-3,,
4788,2276,1,367,7,26640,,,-3,,
4789,2277,1,0,1,26640,,,-3,,
4790,2278,1,281,6,26640,,,-3,,
4791,2278,1,53,3,26640,,,-3,,
4792,2278,1,18,8,26640,,,-3,,
4793,2278,1,179,1,26640,,,-3,,
4794,2278,1,2,10,26640,,,-3,,
4795,2279,1,70,6,26640,,,-3,,
4796,2279,1,41,2,26640,,,-3,,
4797,2280,1,21,12,26700,,,-3,,
4798,2280,1,101,9,26700,,,-3,,
4799,2280,1,153,6,26700,,,-3,,
4800,2281,1,284,2,26700,,,-3,,
4801,2282,1,6,6,26700,,,-3,,
4802,2282,1,17,6,26700,,,-3,,
4803,2283,1,142,4,26700,,,-3,,
4804,2283,1,268,12,26700,,,-3,,
4805,2283,1,45,6,26700,,,-3,,
4806,2284,1,24,5,26700,,,-3,,
4807,2285,1,405,7,26760,,,-3,,
4808,2286,1,310,3,26760,,,-3,,
4809,2287,1,39,8,26760,,,-3,,
4810,2287,1,290,9,26760,,,-3,,
4811,2287,1,28,10,26760,,,-3,,
4812,2288,1,67,3,26760,,,-3,,
4813,2288,1,74,8,26760,,,-3,,
4814,2288,1,0,6,26760,,,-3,,
4815,2288,1,282,6,26760,,,-3,,
4816,2289,1,466,2,26760,,,-3,,
4817,2290,1,359,12,26820,,,-3,,
4818,2290,1,69,4,26820,,,-3,,
4819,2291,1,188,8,26820,,,-3,,
4820,2292,1,11,2,26820,,,-3,,
4821,2292,1,44,8,26820,,,-3,,
4822,2293,1,47,2,26820,,,-3,,
4823,2293,1,191,2,26820,,,-3,,
4824,2293,1,216,6,26820,,,-3,,
4825,2294,1,0,10,26880,,,-3,,
4826,2294,1,14,3,26880,,,-3,,
4827,2295,1,4,3,26880,,,-3,,
4828,2295,1,397,9,26880,,,-3,,
4829,2296,1,385,6,26880,,,-3,,
4830,2296,1,338,6,26880,,,-3,,
4831,2297,1,189,1,26880,,,-3,,
4832,2297,1,92,6,26880,,,-3,,
4833,2298,1,86,1,26880,,,-3,,
4834,2299,1,223,4,26880,,,-3,,
4835,2300,1,367,11,26880,,,-3,,
4836,2301,1,39,8,26880,,,-3,,
4837,2302,1,204,2,26880,,,-3,,
4838,2303,1,181,10,26880,,,-3,,
4839,2304,1,128,8,26940,,,-3,,
4840,2305,1,17,10,26940,,,-3,,
4841,2306,1,2,10,26940,,,-3,,
4842,2306,1,13,10,26940,,,-3,,
4843,2306,1,129,8,26940,,,-3,,
4844,2307,1,36,8,26940,,,-3,,
4845,2307,1,12,9,26940,,,-3,,
4846,2308,1,97,8,26940,,,-3,,
4847,2308,1,86,7,26940,,,-3,,
4848,2308,1,8,1,26940,,,-3,,
4849,2309,1,36,6,27000,,,-3,,
4850,2310,1,222,10,27000,,,-3,,
4851,2311,1,2,4,27000,,,-3,,
4852,2311,1,6,4,27000,,,-3,,
4853,2311,1,11,5,27000,,,-3,,
4854,2311,1,39,11,27000,,,-3,,
4855,2312,1,230,6,27000,,,-3,,
4856,2313,1,296,5,27000,,,-3,,
4857,2314,1,111,2,27000,,,-3,,
4858,2314,1,74,4,27000,,,-3,,
4859,2314,1,298,4,27000,,,-3,,
4860,2314,1,126,10,27000,,,-3,,
4861,2314,1,237,3,27000,,,-3,,
4862,2315,1,24,4,27060,,,-3,,
4863,2316,1,26,3,27060,,,-3,,
4864,2317,1,356,12,27060,,,-3,,
4865,2317,1,290,7,27060,,,-3,,
4866,2317,1,16,6,27060,,,-3,,
4867,2318,1,27,6,27060,,,-3,,
4868,2319,1,27,6,27060,,,-3,,
4869,2319,1,321,4,27060,,,-3,,
4870,2319,1,4,3,27060,,,-3,,
4871,2320,1,21,9,27060,,,-3,,
4872,2320,1,29,4,27060,,,-3,,
4873,2321,1,315,7,27060,,,-3,,
4874,2321,1,12,3,27060,,,-3,,
4875,2321,1,29,8,27060,,,-3,,
4876,2322,1,189,6,27120,,,-3,,
4877,2322,1,463,6,27120,,,-3,,
4878,2323,1,88,12,27120,,,-3,,
4879,2324,1,20,5,27120,,,-3,,
4880,2324,1,364,4,27120,,,-3,,
4881,2324,1,30,6,27120,,,-3,,
4882,2324,1,99,9,27120,,,-3,,
4883,2325,1,330,9,27120,,,-3,,
4884,2326,1,24,10,27180,,,-3,,
4885,2326,1,151,10,27180,,,-3,,
4886,2326,1,89,5,27180,,,-3,,
4887,2327,1,222,6,27180,,,-3,,
4888,2328,1,98,4,27180,,,-3,,
4889,2328,1,100,10,27180,,,-3,,
4890,2329,1,3,2,27180,,,-3,,
4891,2329,1,339,6,27180,,,-3,,
4892,2330,1,217,12,27180,,,-3,,
4893,2330,1,33,6,27180,,,-3,,
4894,2330,1,12,2,27180,,,-3,,
4895,2330,1,43,8,27180,,,-3,,
4896,2331,1,6,9,27180,,,-3,,
4897,2331,1,119,12,27180,,,-3,,
4898,2331,1,79,4,27180,,,-3,,
4899,2332,1,37,4,27180,,,-3,,
4900,2332,1,80,6,27180,,,-3,,
4901,2333,1,49,1,27240,,,-3,,
4902,2334,1,196,8,27240,,,-3,,
4903,2334,1,10,11,27240,,,-3,,
4904,2334,1,26,4,27240,,,-3,,
4905,2334,1,25,6,27240,,,-3,,
4906,2335,1,39,4,27240,,,-3,,
4907,2335,1,427,2,27240,,,-3,,
4908,2336,1,256,4,27240,,,-3,,
4909,2336,1,262,5,27240,,,-3,,
4910,2337,1,1,4,27240,,,-3,,
4911,2337,1,112,3,27240,,,-3,,
4912,2337,1,184,9,27240,,,-3,,
4913,2337,1,12,5,27240,,,-3,,
4914,2337,1,42,5,27240,,,-3,,
4915,2338,1,1,6,27240,,,-3,,
4916,2338,1,179,5,27240,,,-3,,
4917,2338,1,62,7,27240,,,-3,,
4918,2339,1,10,4,27300,,,-3,,
4919,2340,1,487,6,27300,,,-3,,
4920,2341,1,149,9,27300,,,-3,,
4921,2342,1,448,12,27360,,,-3,,
4922,2342,1,54,10,27360,,,-3,,
4923,2343,1,39,5,27360,,,-3,,
4924,2343,1,25,4,27360,,,-3,,
4925,2344,1,32,12,27420,,,-3,,
4926,2345,1,3,5,27420,,,-3,,
4927,2345,1,260,8,27420,,,-3,,
4928,2345,1,30,8,27420,,,-3,,
4929,2346,1,390,7,27420,,,-3,,
4930,2346,1,433,8,27420,,,-3,,
4931,2347,1,69,1,27420,,,-3,,
4932,2348,1,168,5,27420,,,-3,,
4933,2349,1,20,2,27420,,,-3,,
4934,2349,1,84,5,27420,,,-3,,
4935,2350,1,13,8,27480,,,-3,,
4936,2350,1,298,8,27480,,,-3,,
4937,2350,1,64,2,27480,,,-3,,
4938,2350,1,146,8,27480,,,-3,,
4939,2350,1,125,4,27480,,,-3,,
4940,2351,1,32,2,27480,,,-3,,
4941,2351,1,57,7,27480,,,-3,,
4942,2351,1,362,4,27480,,,-3,,
4943,2351,1,13,8,27480,,,-3,,
4944,2351,1,71,10,27480,,,-3,,
4945,2352,1,46,9,27480,,,-3,,
4946,2352,1,216,7,27480,,,-3,,
4947,2352,1,282,4,27480,,,-3,,
4948,2353,1,471,2,27480,,,-3,,
4949,2353,1,183,6,27480,,,-3,,
4950,2354,1,5,6,27480,,,-3,,
4951,2355,1,14,8,27480,,,-3,,
4952,2355,1,75,3,27480,,,-3,,
4953,2355,1,345,8,27480,,,-3,,
4954,2355,1,29,7,27480,,,-3,,
4955,2355,1,6,6,27480,,,-3,,
4956,2356,1,242,6,27540,,,-3,,
4957,2357,1,96,10,27540,,,-3,,
4958,2357,1,33,6,27540,,,-3,,
4959,2358,1,86,8,27540,,,-3,,
4960,2359,1,3,7,27540,,,-3,,
4961,2359,1,59,4,27540,,,-3,,
4962,2360,1,47,2,27600,,,-3,,
4963,2361,1,36,7,27600,,,-3,,
4964,2362,1,25,6,27600,,,-3,,
4965,2362,1,203,5,27600,,,-3,,
4966,2363,1,34,5,27600,,,-3,,
4967,2363,1,54,4,27600,,,-3,,
4968,2363,1,168,5,27600,,,-3,,
4969,2363,1,447,8,27600,,,-3,,
4970,2363,1,45,7,27600,,,-3,,
4971,2364,1,26,6,27600,,,-3,,
4972,2364,1,58,8,27600,,,-3,,
4973,2364,1,86,7,27600,,,-3,,
4974,2365,1,29,8,27600,,,-3,,
4975,2365,1,42,1,27600,,,-3,,
4976,2365,1,142,10,27600,,,-3,,
4977,2365,1,20,4,27600,,,-3,,
4978,2365,1,278,3,27600,,,-3,,
4979,2365,1,131,10,27600,,,-3,,
4980,2366,1,27,2,27600,,,-3,,
4981,2367,1,33,12,27660,,,-3,,
4982,2367,1,144,7,27660,,,-3,,
4983,2367,1,107,2,27660,,,-3,,
4984,2367,1,12,6,27660,,,-3,,
4985,2367,1,2,8,27660,,,-3,,
4986,2367,1,89,4,27660,,,-3,,
4987,2368,1,3,8,27660,,,-3,,
4988,2368,1,195,10,27660,,,-3,,
4989,2368,1,335,6,27660,,,-3,,
4990,2368,1,18,8,27660,,,-3,,
4991,2369,1,4,10,27660,,,-3,,
4992,2369,1,19,6,27660,,,-3,,
4993,2369,1,33,9,27660,,,-3,,
4994,2369,1,114,10,27660,,,-3,,
4995,2369,1,1,3,27660,,,-3,,
4996,2369,1,12,8,27660,,,-3,,
4997,2369,1,462,4,27660,,,-3,,
4998,2369,1,5,4,27660,,,-3,,
4999,2369,1,68,5,27660,,,-3,,
5000,2370,1,51,2,27660,,,-3,,
5001,2370,1,11,6,27660,,,-3,,
5002,2371,1,55,2,27660,,,-3,,
5003,2371,1,27,8,27660,,,-3,,
5004,2371,1,5,12,27660,,,-3,,
5005,2372,1,1,3,27660,,,-3,,
5006,2372,1,20,8,27660,,,-3,,
5007,2373,1,30,8,27720,,,-3,,
5008,2374,1,27,4,27720,,,-3,,
5009,2375,1,39,6,27720,,,-3,,
5010,2375,1,12,2,27720,,,-3,,
5011,2375,1,43,12,27720,,,-3,,
5012,2376,1,46,8,27720,,,-3,,
5013,2377,1,23,10,27720,,,-3,,
5014,2378,1,97,6,27720,,,-3,,
5015,2379,1,9,1,27720,,,-3,,
5016,2379,1,8,8,27720,,,-3,,
5017,2380,1,43,5,27720,,,-3,,
5018,2381,1,21,4,27720,,,-3,,
5019,2382,1,4,10,27720,,,-3,,
5020,2383,1,45,7,27780,,,-3,,
5021,2383,1,20,11,27780,,,-3,,
5022,2384,1,3,5,27780,,,-3,,
5023,2384,1,32,6,27780,,,-3,,
5024,2385,1,7,6,27780,,,-3,,
5025,2385,1,172,8,27780,,,-3,,
5026,2386,1,134,4,27780,,,-3,,
5027,2387,1,4,6,27780,,,-3,,
5028,2388,1,175,5,27780,,,-3,,
5029,2389,1,17,4,27840,,,-3,,
5030,2389,1,9,4,27840,,,-3,,
5031,2389,1,367,8,27840,,,-3,,
5032,2389,1,19,8,27840,,,-3,,
5033,2389,1,8,5,27840,,,-3,,
5034,2389,1,48,1,27840,,,-3,,
5035,2389,1,21,2,27840,,,-3,,
5036,2390,1,62,8,27840,,,-3,,
5037,2391,1,4,3,27840,,,-3,,
5038,2391,1,35,7,27840,,,-3,,
5039,2391,1,31,4,27840,,,-3,,
5040,2392,1,166,12,27840,,,-3,,
5041,2393,1,428,7,27900,,,-3,,
5042,2393,1,92,12,27900,,,-3,,
5043,2393,1,189,2,27900,,,-3,,
5044,2394,1,19,2,27900,,,-3,,
5045,2395,1,88,10,27900,,,-3,,
5046,2395,1,221,2,27900,,,-3,,
5047,2396,1,208,1,27900,,,-3,,
5048,2396,1,224,11,27900,,,-3,,
5049,2396,1,30,9,27900,,,-3,,
5050,2397,1,3,3,27900,,,-3,,
5051,2397,1,333,4,27900,,,-3,,
5052,2397,1,205,6,27900,,,-3,,
5053,2397,1,93,5,27900,,,-3,,
5054,2398,1,285,1,27900,,,-3,,
5055,2399,1,75,2,27900,,,-3,,
5056,2400,1,336,8,27900,,,-3,,
5057,2401,1,107,3,27960,,,-3,,
5058,2401,1,7,6,27960,,,-3,,
5059,2401,1,97,7,27960,,,-3,,
5060,2402,1,16,1,27960,,,-3,,
5061,2403,1,168,8,27960,,,-3,,
5062,2403,1,23,4,27960,,,-3,,
5063,2403,1,86,12,27960,,,-3,,
5064,2404,1,230,9,27960,,,-3,,
5065,2405,1,54,3,28020,,,-3,,
5066,2405,1,108,8,28020,,,-3,,
5067,2406,1,20,8,28020,,,-3,,
5068,2407,1,23,5,28020,,,-3,,
5069,2408,1,3,3,28020,,,-3,,
5070,2408,1,32,7,28020,,,-3,,
5071,2409,1,294,6,28020,,,-3,,
5072,2410,1,59,1,28080,,,-3,,
5073,2411,1,4,9,28080,,,-3,,
5074,2411,1,11,10,28080,,,-3,,
5075,2411,1,0,7,28080,,,-3,,
5076,2411,1,27,6,28080,,,-3,,
5077,2412,1,158,8,28080,,,-3,,
5078,2412,1,9,5,28080,,,-3,,
5079,2412,1,12,9,28080,,,-3,,
5080,2412,1,98,4,28080,,,-3,,
5081,2412,1,10,3,28080,,,-3,,
5082,2413,1,15,6,28080,,,-3,,
5083,2414,1,464,6,28140,,,-3,,
5084,2415,1,5,10,28140,,,-3,,
5085,2415,1,220,8,28140,,,-3,,
5086,2416,1,1,9,28140,,,-3,,
5087,2417,1,55,6,28200,,,-3,,
5088,2418,1,2,4,28200,,,-3,,
5089,2419,1,1,8,28200,,,-3,,
5090,2420,1,0,4,28260,,,-3,,
5091,2420,1,102,8,28260,,,-3,,
5092,2421,1,411,8,28260,,,-3,,
5093,2422,1,31,10,28260,,,-3,,
5094,2423,1,291,9,28260,,,-3,,
5095,2424,1,4,1,28260,,,-3,,
5096,2425,1,102,8,28260,,,-3,,
5097,2426,1,7,3,28320,,,-3,,
5098,2426,1,113,10,28320,,,-3,,
5099,2426,1,22,9,28320,,,-3,,
5100,2427,1,9,6,28320,,,-3,,
5101,2428,1,233,1,28320,,,-3,,
5102,2428,1,107,9,28320,,,-3,,
5103,2428,1,23,12,28320,,,-3,,
5104,2429,1,417,6,28380,,,-3,,
5105,2429,1,19,6,28380,,,-3,,
5106,2429,1,32,8,28380,,,-3,,
5107,2430,1,15,6,28380,,,-3,,
5108,2430,1,82,10,28380,,,-3,,
5109,2430,1,22,6,28380,,,-3,,
5110,2430,1,11,7,28380,,,-3,,
5111,2430,1,39,6,28380,,,-3,,
5112,2430,1,76,5,28380,,,-3,,
5113,2430,1,372,4,28380,,,-3,,
5114,2431,1,294,8,28380,,,-3,,
5115,2431,1,19,4,28380,,,-3,,
5116,2431,1,23,6,28380,,,-3,,
5117,2432,1,10,9,28440,,,-3,,
5118,2433,1,94,2,28440,,,-3,,
5119,2434,1,254,9,28440,,,-3,,
5120,2435,1,190,8,28440,,,-3,,
5121,2435,1,23,11,28440,,,-3,,
5122,2436,1,123,4,28440,,,-3,,
5123,2436,1,112,1,28440,,,-3,,
5124,2437,1,62,8,28440,,,-3,,
5125,2438,1,121,5,28440,,,-3,,
5126,2438,1,118,3,28440,,,-3,,
5127,2439,1,28,3,28440,,,-3,,
5128,2440,1,13,2,28500,,,-3,,
5129,2441,1,193,10,28500,,,-3,,
5130,2442,1,83,4,28500,,,-3,,
5131,2443,1,38,8,28500,,,-3,,
5132,2443,1,50,8,28500,,,-3,,
5133,2444,1,325,7,28560,,,-3,,
5134,2444,1,2,12,28560,,,-3,,
5135,2444,1,9,5,28560,,,-3,,
5136,2444,1,1,8,28560,,,-3,,
5137,2445,1,187,6,28560,,,-3,,
5138,2445,1,313,4,28560,,,-3,,
5139,2446,1,358,8,28560,,,-3,,
5140,2447,1,173,10,28560,,,-3,,
5141,2448,1,443,8,28560,,,-3,,
5142,2449,1,46,9,28560,,,-3,,
5143,2450,1,15,6,28560,,,-3,,
5144,2450,1,9,12,28560,,,-3,,
5145,2451,1,43,8,28620,,,-3,,
5146,2451,1,10,11,28620,,,-3,,
5147,2452,1,25,12,28620,,,-3,,
5148,2452,1,133,12,28620,,,-3,,
5149,2453,1,37,3,28620,,,-3,,
5150,2453,1,98,6,28620,,,-3,,
5151,2453,1,10,7,28620,,,-3,,
5152,2454,1,24,6,28620,,,-3,,
5153,2454,1,272,8,28620,,,-3,,
5154,2454,1,47,2,28620,,,-3,,
5155,2455,1,39,8,28680,,,-3,,
5156,2455,1,21,6,28680,,,-3,,
5157,2456,1,67,10,28680,,,-3,,
5158,2456,1,23,8,28680,,,-3,,
5159,2457,1,20,5,28680,,,-3,,
5160,2458,1,0,4,28740,,,-3,,
5161,2458,1,19,8,28740,,,-3,,
5162,2458,1,11,3,28740,,,-3,,
5163,2458,1,388,6,28740,,,-3,,
5164,2458,1,312,10,28740,,,-3,,
5165,2459,1,23,4,28740,,,-3,,
5166,2459,1,108,9,28740,,,-3,,
5167,2459,1,0,4,28740,,,-3,,
5168,2459,1,3,4,28740,,,-3,,
5169,2459,1,32,4,28740,,,-3,,
5170,2459,1,83,5,28740,,,-3,,
5171,2460,1,32,2,28740,,,-3,,
5172,2460,1,249,9,28740,,,-3,,
5173,2460,1,39,2,28740,,,-3,,
5174,2461,1,38,10,28740,,,-3,,
5175,2462,1,3,1,28740,,,-3,,
5176,2462,1,1,3,28740,,,-3,,
5177,2463,1,3,6,28800,,,-3,,
5178,2463,1,2,4,28800,,,-3,,
5179,2463,1,265,6,28800,,,-3,,
5180,2464,1,290,6,28800,,,-3,,
5181,2464,1,30,10,28800,,,-3,,
5182,2465,1,140,4,28800,,,-3,,
5183,2466,1,102,8,28800,,,-3,,
5184,2466,1,150,7,28800,,,-3,,
5185,2467,1,9,10,28800,,,-3,,
5186,2468,1,28,4,28860,,,-3,,
5187,2469,1,171,6,28860,,,-3,,
5188,2469,1,48,9,28860,,,-3,,
5189,2469,1,59,6,28860,,,-3,,
5190,2470,1,80,1,28860,,,-3,,
5191,2471,1,302,4,28920,,,-3,,
5192,2472,1,98,3,28920,,,-3,,
5193,2473,1,10,10,28920,,,-3,,
5194,2474,1,119,6,28920,,,-3,,
5195,2474,1,25,4,28920,,,-3,,
5196,2474,1,2,12,28920,,,-3,,
5197,2475,1,31,12,28920,,,-3,,
5198,2475,1,8,7,28920,,,-3,,
5199,2475,1,3,6,28920,,,-3,,
5200,2476,1,43,8,28920,,,-3,,
5201,2476,1,30,7,28920,,,-3,,
5202,2476,1,8,4,28920,,,-3,,
5203,2476,1,28,6,28920,,,-3,,
5204,2476,1,11,6,28920,,,-3,,
5205,2476,1,3,12,28920,,,-3,,
5206,2477,1,58,11,28920,,,-3,,
5207,2478,1,53,6,28920,,,-3,,
5208,2478,1,201,10,28920,,,-3,,
5209,2479,1,54,7,28980,,,-3,,
5210,2479,1,13,4,28980,,,-3,,
5211,2480,1,148,9,28980,,,-3,,
5212,2481,1,435,7,28980,,,-3,,
5213,2481,1,3,5,28980,,,-3,,
5214,2481,1,375,7,28980,,,-3,,
5215,2481,1,34,3,28980,,,-3,,
5216,2482,1,210,5,28980,,,-3,,
5217,2482,1,7,10,28980,,,-3,,
5218,2483,1,18,2,29040,,,-3,,
5219,2484,1,4,1,29040,,,-3,,
5220,2485,1,22,7,29040,,,-3,,
5221,2485,1,72,4,29040,,,-3,,
5222,2485,1,180,2,29040,,,-3,,
5223,2486,1,22,6,29040,,,-3,,
5224,2486,1,424,4,29040,,,-3,,
5225,2486,1,61,8,29040,,,-3,,
5226,2486,1,115,4,29040,,,-3,,
5227,2486,1,2,3,29040,,,-3,,
5228,2487,1,474,9,29100,,,-3,,
5229,2488,1,14,2,29100,,,-3,,
5230,2488,1,31,7,29100,,,-3,,
5231,2488,1,56,5,29100,,,-3,,
5232,2489,1,35,4,29100,,,-3,,
5233,2489,1,155,5,29100,,,-3,,
5234,2490,1,383,1,29100,,,-3,,
5235,2490,1,140,8,29100,,,-3,,
5236,2491,1,55,3,29160,,,-3,,
5237,2491,1,40,7,29160,,,-3,,
5238,2491,1,42,10,29160,,,-3,,
5239,2491,1,0,4,29160,,,-3,,
5240,2492,1,197,2,29160,,,-3,,
5241,2492,1,8,3,29160,,,-3,,
5242,2492,1,79,8,29160,,,-3,,
5243,2493,1,67,4,29160,,,-3,,
5244,2493,1,249,6,29160,,,-3,,
5245,2494,1,73,6,29160,,,-3,,
5246,2494,1,342,4,29160,,,-3,,
5247,2495,1,175,2,29220,,,-3,,
5248,2495,1,349,5,29220,,,-3,,
5249,2495,1,9,9,29220,,,-3,,
5250,2496,1,9,2,29220,,,-3,,
5251,2496,1,8,2,29220,,,-3,,
5252,2496,1,4,4,29220,,,-3,,
5253,2497,1,124,6,29220,,,-3,,
5254,2498,1,3,10,29220,,,-3,,
5255,2498,1,393,8,29220,,,-3,,
5256,2498,1,27,10,29220,,,-3,,
5257,2499,1,114,6,29220,,,-3,,
5258,2500,1,56,12,29220,,,-3,,
5259,2501,1,440,8,29220,,,-3,,
5260,2501,1,34,6,29220,,,-3,,
5261,2501,1,0,8,29220,,,-3,,
5262,2502,1,238,9,29220,,,-3,,
5263,2502,1,98,6,29220,,,-3,,
5264,2502,1,432,10,29220,,,-3,,
5265,2503,1,45,4,29220,,,-3,,
5266,2503,1,1,10,29220,,,-3,,
5267,2504,1,84,8,29280,,,-3,,
5268,2504,1,94,2,29280,,,-3,,
5269,2504,1,69,6,29280,,,-3,,
5270,2505,1,24,12,29280,,,-3,,
5271,2505,1,298,7,29280,,,-3,,
5272,2506,1,362,9,29280,,,-3,,
5273,2507,1,27,1,29280,,,-3,,
5274,2507,1,37,8,29280,,,-3,,
5275,2508,1,20,4,29280,,,-3,,
5276,2509,1,44,3,29280,,,-3,,
5277,2509,1,1,4,29280,,,-3,,
5278,2510,1,180,5,29340,,,-3,,
5279,2511,1,33,6,29340,,,-3,,
5280,2511,1,14,7,29340,,,-3,,
5281,2511,1,15,6,29340,,,-3,,
5282,2511,1,68,7,29340,,,-3,,
5283,2512,1,148,4,29340,,,-3,,
5284,2512,1,208,2,29340,,,-3,,
5285,2512,1,167,7,29340,,,-3,,
5286,2512,1,13,7,29340,,,-3,,
5287,2512,1,16,4,29340,,,-3,,
5288,2513,1,83,8,29340,,,-3,,
5289,2514,1,48,3,29340,,,-3,,
5290,2514,1,19,7,29340,,,-3,,
5291,2515,1,34,2,29340,,,-3,,
5292,2515,1,52,5,29340,,,-3,,
5293,2516,1,37,12,29400,,,-3,,
5294,2516,1,8,9,29400,,,-3,,
5295,2517,1,28,5,29400,,,-3,,
5296,2518,1,2,11,29400,,,-3,,
5297,2518,1,15,7,29400,,,-3,,
5298,2518,1,280,2,29400,,,-3,,
5299,2519,1,22,5,29400,,,-3,,
5300,2520,1,37,8,29400,,,-3,,
5301,2520,1,13,8,29400,,,-3,,
5302,2521,1,66,12,29400,,,-3,,
5303,2522,1,497,9,29400,,,-3,,
5304,2522,1,24,6,29400,,,-3,,
5305,2523,1,3,2,29400,,,-3,,
5306,2523,1,26,10,29400,,,-3,,
5307,2523,1,5,7,29400,,,-3,,
5308,2523,1,31,8,29400,,,-3,,
5309,2524,1,112,6,29460,,,-3,,
5310,2524,1,51,2,29460,,,-3,,
5311,2525,1,144,9,29460,,,-3,,
5312,2526,1,147,10,29460,,,-3,,
5313,2527,1,31,10,29460,,,-3,,
5314,2528,1,44,9,29460,,,-3,,
5315,2528,1,195,4,29460,,,-3,,
5316,2529,1,73,6,29460,,,-3,,
5317,2529,1,313,8,29460,,,-3,,
5318,2529,1,316,1,29460,,,-3,,
5319,2530,1,411,10,29520,,,-3,,
5320,2531,1,153,12,29520,,,-3,,
5321,2532,1,110,9,29520,,,-3,,
5322,2533,1,59,9,29520,,,-3,,
5323,2534,1,11,10,29520,,,-3,,
5324,2535,1,5,8,29520,,,-3,,
5325,2535,1,0,9,29520,,,-3,,
5326,2536,1,166,9,29580,,,-3,,
5327,2537,1,133,6,29580,,,-3,,
5328,2538,1,18,4,29580,,,-3,,
5329,2538,1,11,2,29580,,,-3,,
5330,2538,1,17,9,29580,,,-3,,
5331,2538,1,45,2,29580,,,-3,,
5332,2538,1,30,6,29580,,,-3,,
5333,2538,1,82,3,29580,,,-3,,
5334,2539,1,30,8,29580,,,-3,,
5335,2539,1,11,2,29580,,,-3,,
5336,2540,1,37,8,29580,,,-3,,
5337,2540,1,14,8,29580,,,-3,,
5338,2540,1,493,8,29580,,,-3,,
5339,2540,1,9,6,29580,,,-3,,
5340,2541,1,126,6,29640,,,-3,,
5341,2541,1,48,8,29640,,,-3,,
5342,2541,1,132,1,29640,,,-3,,
5343,2541,1,20,7,29640,,,-3,,
5344,2541,1,40,6,29640,,,-3,,
5345,2541,1,82,10,29640,,,-3,,
5346,2541,1,7,4,29640,,,-3,,
5347,2541,1,46,3,29640,,,-3,,
5348,2542,1,8,6,29640,,,-3,,
5349,2542,1,355,7,29640,,,-3,,
5350,2543,1,199,6,29640,,,-3,,
5351,2544,1,12,10,29700,,,-3,,
5352,2544,1,30,12,29700,,,-3,,
5353,2545,1,4,8,29700,,,-3,,
5354,2545,1,14,5,29700,,,-3,,
5355,2546,1,22,11,29700,,,-3,,
5356,2546,1,26,1,29700,,,-3,,
5357,2546,1,46,5,29700,,,-3,,
5358,2547,1,157,8,29760,,,-3,,
5359,2547,1,28,6,29760,,,-3,,
5360,2547,1,115,10,29760,,,-3,,
5361,2547,1,17,10,29760,,,-3,,
5362,2548,1,139,9,29760,,,-3,,
5363,2549,1,23,11,29820,,,-3,,
5364,2549,1,52,8,29820,,,-3,,
5365,2550,1,466,4,29820,,,-3,,
5366,2551,1,181,12,29820,,,-3,,
5367,2551,1,46,9,29820,,,-3,,
5368,2552,1,71,4,29880,,,-3,,
5369,2552,1,114,6,29880,,,-3,,
5370,2552,1,15,7,29880,,,-3,,
5371,2553,1,48,4,29880,,,-3,,
5372,2554,1,84,2,29940,,,-3,,
5373,2554,1,20,4,29940,,,-3,,
5374,2555,1,327,8,29940,,,-3,,
5375,2556,1,404,4,29940,,,-3,,
5376,2556,1,76,12,29940,,,-3,,
5377,2557,1,27,7,29940,,,-3,,
5378,2558,1,177,4,29940,,,-3,,
5379,2559,1,262,4,29940,,,-3,,
5380,2559,1,98,4,29940,,,-3,,
5381,2560,1,25,4,29940,,,-3,,
5382,2561,1,264,10,29940,,,-3,,
5383,2561,1,16,8,29940,,,-3,,
5384,2561,1,40,12,29940,,,-3,,
5385,2562,1,38,7,30000,,,-3,,
5386,2562,1,35,6,30000,,,-3,,
5387,2563,1,70,8,30000,,,-3,,
5388,2564,1,46,8,30000,,,-3,,
5389,2564,1,169,9,30000,,,-3,,
5390,2564,1,13,9,30000,,,-3,,
5391,2564,1,77,5,30000,,,-3,,
5392,2564,1,7,4,30000,,,-3,,
5393,2564,1,168,10,30000,,,-3,,
5394,2564,1,177,10,30000,,,-3,,
5395,2564,1,185,8,30000,,,-3,,
5396,2565,1,0,11,30000,,,-3,,
5397,2566,1,21,9,30000,,,-3,,
5398,2566,1,49,4,30000,,,-3,,
5399,2567,1,263,10,30060,,,-3,,
5400,2568,1,30,3,30060,,,-3,,
5401,2569,1,161,6,30060,,,-3,,
5402,2569,1,349,8,30060,,,-3,,
5403,2569,1,101,6,30060,,,-3,,
5404,2570,1,53,6,30060,,,-3,,
5405,2571,1,49,8,30060,,,-3,,
5406,2571,1,50,7,30060,,,-3,,
5407,2572,1,214,6,30060,,,-3,,
5408,2572,1,34,8,30060,,,-3,,
5409,2573,1,0,10,30120,,,-3,,
5410,2574,1,15,2,30120,,,-3,,
5411,2574,1,51,3,30120,,,-3,,
5412,2575,1,288,5,30120,,,-3,,
5413,2576,1,149,8,30120,,,-3,,
5414,2577,1,117,5,30120,,,-3,,
5415,2577,1,72,6,30120,,,-3,,
5416,2577,1,31,7,30120,,,-3,,
5417,2578,1,95,5,30120,,,-3,,
5418,2579,1,395,8,30120,,,-3,,
5419,2579,1,229,9,30120,,,-3,,
5420,2580,1,5,2,30180,,,-3,,
5421,2580,1,32,4,30180,,,-3,,
5422,2580,1,59,6,30180,,,-3,,
5423,2580,1,7,2,30180,,,-3,,
5424,2581,1,1,6,30180,,,-3,,
5425,2581,1,23,6,30180,,,-3,,
5426,2581,1,12,12,30180,,,-3,,
5427,2582,1,3,4,30180,,,-3,,
5428,2583,1,172,8,30180,,,-3,,
5429,2583,1,11,4,30180,,,-3,,
5430,2583,1,346,5,30180,,,-3,,
5431,2583,1,35,10,30180,,,-3,,
5432,2583,1,305,10,30180,,,-3,,
5433,2583,1,113,2,30180,,,-3,,
5434,2584,1,119,4,30180,,,-3,,
5435,2584,1,182,5,30180,,,-3,,
5436,2584,1,360,8,30180,,,-3,,
5437,2585,1,249,8,30240,,,-3,,
5438,2586,1,162,5,30240,,,-3,,
5439,2586,1,6,6,30240,,,-3,,
5440,2586,1,184,8,30240,,,-3,,
5441,2587,1,2,6,30240,,,-3,,
5442,2587,1,10,8,30240,,,-3,,
5443,2588,1,17,5,30240,,,-3,,
5444,2588,1,116,8,30240,,,-3,,
5445,2589,1,15,7,30240,,,-3,,
5446,2589,1,9,8,30240,,,-3,,
5447,2590,1,103,3,30240,,,-3,,
5448,2591,1,28,11,30240,,,-3,,
5449,2591,1,61,4,30240,,,-3,,
5450,2592,1,53,6,30300,,,-3,,
5451,2592,1,40,5,30300,,,-3,,
5452,2593,1,144,6,30300,,,-3,,
5453,2593,1,0,12,30300,,,-3,,
5454,2593,1,262,11,30300,,,-3,,
5455,2593,1,12,2,30300,,,-3,,
5456,2593,1,18,11,30300,,,-3,,
5457,2593,1,103,10,30300,,,-3,,
5458,2593,1,23,6,30300,,,-3,,
5459,2593,1,17,12,30300,,,-3,,
5460,2594,1,384,10,30300,,,-3,,
5461,2594,1,62,8,30300,,,-3,,
5462,2594,1,84,6,30300,,,-3,,
5463,2595,1,20,10,30300,,,-3,,
5464,2596,1,39,6,30300,,,-3,,
5465,2597,1,39,9,30300,,,-3,,
5466,2597,1,92,9,30300,,,-3,,
5467,2598,1,3,4,30300,,,-3,,
5468,2598,1,64,5,30300,,,-3,,
5469,2598,1,41,9,30300,,,-3,,
5470,2599,1,1,7,30300,,,-3,,
5471,2600,1,48,8,30300,,,-3,,
5472,2600,1,214,1,30300,,,-3,,
5473,2601,1,489,7,30360,,,-3,,
5474,2601,1,135,7,30360,,,-3,,
5475,2602,1,160,7,30360,,,-3,,
5476,2603,1,31,10,30360,,,-3,,
5477,2603,1,1,12,30360,,,-3,,
5478,2604,1,5,8,30420,,,-3,,
5479,2604,1,75,5,30420,,,-3,,
5480,2604,1,8,10,30420,,,-3,,
5481,2604,1,1,6,30420,,,-3,,
5482,2604,1,130,7,30420,,,-3,,
5483,2605,1,13,5,30420,,,-3,,
5484,2605,1,111,3,30420,,,-3,,
5485,2605,1,10,8,30420,,,-3,,
5486,2606,1,103,3,30420,,,-3,,
5487,2607,1,46,6,30480,,,-3,,
5488,2608,1,411,8,30480,,,-3,,
5489,2608,1,7,4,30480,,,-3,,
5490,2608,1,455,12,30480,,,-3,,
5491,2608,1,122,4,30480,,,-3,,
5492,2609,1,24,3,30480,,,-3,,
5493,2610,1,124,10,30480,,,-3,,
5494,2611,1,94,11,30540,,,-3,,
5495,2612,1,126,9,30540,,,-3,,
5496,2613,1,38,9,30540,,,-3,,
5497,2613,1,66,7,30540,,,-3,,
5498,2613,1,78,3,30540,,,-3,,
5499,2614,1,68,2,30540,,,-3,,
5500,2614,1,446,8,30540,,,-3,,
5501,2615,1,2,7,30540,,,-3,,
5502,2616,1,242,2,30600,,,-3,,
5503,2617,1,31,3,30600,,,-3,,
5504,2617,1,118,4,30600,,,-3,,
5505,2618,1,33,10,30600,,,-3,,
5506,2619,1,8,6,30600,,,-3,,
5507,2619,1,26,3,30600,,,-3,,
5508,2619,1,144,12,30600,,,-3,,
5509,2620,1,240,4,30600,,,-3,,
5510,2621,1,165,3,30600,,,-3,,
5511,2622,1,321,6,30600,,,-3,,
5512,2622,1,479,8,30600,,,-3,,
5513,2623,1,36,6,30600,,,-3,,
5514,2623,1,239,4,30600,,,-3,,
5515,2624,1,474,8,30660,,,-3,,
5516,2625,1,3,4,30660,,,-3,,
5517,2626,1,264,8,30660,,,-3,,
5518,2627,1,74,6,30660,,,-3,,
5519,2628,1,13,12,30720,,,-3,,
5520,2628,1,4,4,30720,,,-3,,
5521,2629,1,45,3,30720,,,-3,,
5522,2630,1,16,8,30720,,,-3,,
5523,2630,1,14,11,30720,,,-3,,
5524,2630,1,347,3,30720,,,-3,,
5525,2630,1,131,8,30720,,,-3,,
5526,2631,1,190,12,30720,,,-3,,
5527,2632,1,115,2,30720,,,-3,,
5528,2632,1,133,6,30720,,,-3,,
5529,2632,1,50,7,30720,,,-3,,
5530,2632,1,105,6,30720,,,-3,,
5531,2633,1,462,10,30720,,,-3,,
5532,2633,1,37,4,30720,,,-3,,
5533,2633,1,2,6,30720,,,-3,,
5534,2634,1,2,6,30720,,,-3,,
5535,2635,1,156,10,30780,,,-3,,
5536,2636,1,14,8,30780,,,-3,,
5537,2636,1,411,7,30780,,,-3,,
5538,2637,1,0,7,30780,,,-3,,
5539,2638,1,204,6,30780,,,-3,,
5540,2639,1,96,10,30840,,,-3,,
5541,2640,1,96,4,30840,,,-3,,
5542,2640,1,44,8,30840,,,-3,,
5543,2640,1,16,2,30840,,,-3,,
5544,2640,1,34,2,30840,,,-3,,
5545,2641,1,1,2,30840,,,-3,,
5546,2641,1,15,8,30840,,,-3,,
5547,2642,1,121,2,30840,,,-3,,
5548,2642,1,10,6,30840,,,-3,,
5549,2642,1,33,10,30840,,,-3,,
5550,2642,1,239,6,30840,,,-3,,
5551,2642,1,8,11,30840,,,-3,,
5552,2642,1,22,2,30840,,,-3,,
5553,2642,1,17,8,30840,,,-3,,
5554,2643,1,225,4,30900,,,-3,,
5555,2643,1,10,3,30900,,,-3,,
5556,2644,1,126,8,30900,,,-3,,
5557,2644,1,81,8,30900,,,-3,,
5558,2644,1,22,8,30900,,,-3,,
5559,2644,1,368,7,30900,,,-3,,
5560,2645,1,11,11,30900,,,-3,,
5561,2646,1,168,10,30960,,,-3,,
5562,2646,1,37,11,30960,,,-3,,
5563,2646,1,28,11,30960,,,-3,,
5564,2646,1,14,8,30960,,,-3,,
5565,2647,1,11,11,30960,,,-3,,
5566,2648,1,35,4,30960,,,-3,,
5567,2648,1,28,12,30960,,,-3,,
5568,2648,1,255,7,30960,,,-3,,
5569,2649,1,113,10,30960,,,-3,,
5570,2649,1,0,8,30960,,,-3,,
5571,2649,1,149,5,30960,,,-3,,
5572,2650,1,33,8,30960,,,-3,,
5573,2650,1,104,7,30960,,,-3,,
5574,2651,1,427,11,30960,,,-3,,
5575,2651,1,321,5,30960,,,-3,,
5576,2651,1,23,6,30960,,,-3,,
5577,2652,1,36,8,31020,,,-3,,
5578,2652,1,151,6,31020,,,-3,,
5579,2653,1,107,7,31020,,,-3,,
5580,2654,1,1,12,31020,,,-3,,
5581,2655,1,12,6,31020,,,-3,,
5582,2656,1,14,8,31020,,,-3,,
5583,2656,1,25,6,31020,,,-3,,
5584,2657,1,256,3,31020,,,-3,,
5585,2657,1,1,10,31020,,,-3,,
5586,2657,1,3,10,31020,,,-3,,
5587,2658,1,242,4,31080,,,-3,,
5588,2659,1,104,9,31080,,,-3,,
5589,2660,1,192,3,31080,,,-3,,
5590,2661,1,197,10,31080,,,-3,,
5591,2661,1,64,8,31080,,,-3,,
5592,2662,1,434,2,31080,,,-3,,
5593,2662,1,221,7,31080,,,-3,,
5594,2663,1,125,7,31080,,,-3,,
5595,2664,1,209,8,31080,,,-3,,
5596,2664,1,48,5,31080,,,-3,,
5597,2664,1,9,4,31080,,,-3,,
5598,2664,1,45,8,31080,,,-3,,
5599,2664,1,64,4,31080,,,-3,,
5600,2664,1,0,8,31080,,,-3,,
5601,2665,1,32,8,31140,,,-3,,
5602,2665,1,45,6,31140,,,-3,,
5603,2665,1,48,5,31140,,,-3,,
5604,2666,1,370,4,31140,,,-3,,
5605,2666,1,130,6,31140,,,-3,,
5606,2666,1,40,4,31140,,,-3,,
5607,2666,1,41,11,31140,,,-3,,
5608,2666,1,167,11,31140,,,-3,,
5609,2667,1,378,8,31140,,,-3,,
5610,2667,1,257,10,31140,,,-3,,
