sequence_id,order_id,order_type,item_id,item_quantity,order_arrival
1,-100,1,154,6,0
2,-100,1,3,4,0
3,-99,1,493,9,0
4,-98,1,191,7,0
5,-97,1,290,4,0
6,-96,1,63,4,0
7,-95,1,1,2,0
8,-94,1,152,8,0
9,-93,1,24,6,0
10,-92,1,26,10,0
11,-92,1,456,12,0
12,-92,1,28,7,0
13,-92,1,114,9,0
14,-91,1,92,4,0
15,-90,1,1,5,0
16,-89,1,0,5,0
17,-88,1,424,4,0
18,-88,1,87,7,0
19,-88,1,30,7,0
20,-87,1,114,4,0
21,-86,1,73,5,0
22,-86,1,105,4,0
23,-85,1,138,1,0
24,-84,1,26,4,0
25,-83,1,151,8,0
26,-82,1,117,7,0
27,-81,1,21,6,0
28,-81,1,44,3,0
29,-80,1,26,6,0
30,-79,1,32,5,0
31,-79,1,14,8,0
32,-78,1,205,7,0
33,-78,1,56,6,0
34,-77,1,17,4,0
35,-77,1,2,7,0
36,-76,1,130,6,0
37,-76,1,97,10,0
38,-75,1,28,4,0
39,-75,1,7,5,0
40,-74,1,48,8,0
41,-73,1,1,2,0
42,-73,1,207,4,0
43,-73,1,432,6,0
44,-73,1,119,4,0
45,-72,1,39,10,0
46,-71,1,454,12,0
47,-71,1,6,10,0
48,-71,1,27,10,0
49,-71,1,33,8,0
50,-71,1,37,3,0
51,-71,1,164,6,0
52,-71,1,157,8,0
53,-70,1,6,1,0
54,-69,1,131,6,0
55,-68,1,11,6,0
56,-68,1,50,4,0
57,-68,1,7,2,0
58,-67,1,167,6,0
59,-66,1,3,6,0
60,-65,1,431,7,0
61,-65,1,39,7,0
62,-65,1,168,2,0
63,-64,1,225,8,0
64,-63,1,72,8,0
65,-63,1,66,6,0
66,-62,1,16,9,0
67,-61,1,35,2,0
68,-60,1,372,12,0
69,-60,1,8,11,0
70,-60,1,356,11,0
71,-60,1,36,11,0
72,-60,1,30,6,0
73,-59,1,491,4,0
74,-58,1,38,6,0
75,-57,1,138,8,0
76,-56,1,6,8,0
77,-56,1,73,5,0
78,-56,1,2,4,0
79,-55,1,57,10,0
80,-55,1,443,4,0
81,-55,1,191,9,0
82,-55,1,4,8,0
83,-54,1,0,8,0
84,-53,1,30,1,0
85,-53,1,19,5,0
86,-52,1,28,6,0
87,-52,1,23,8,0
88,-51,1,27,4,0
89,-51,1,188,6,0
90,-51,1,76,6,0
91,-51,1,1,11,0
92,-50,1,138,2,0
93,-50,1,151,7,0
94,-50,1,38,7,0
95,-50,1,2,5,0
96,-49,1,1,7,0
97,-49,1,131,3,0
98,-49,1,128,4,0
99,-49,1,3,8,0
100,-49,1,285,2,0
101,-49,1,253,8,0
102,-49,1,72,6,0
103,-48,1,64,8,0
104,-47,1,21,8,0
105,-46,1,110,3,0
106,-45,1,31,5,0
107,-45,1,17,10,0
108,-45,1,35,6,0
109,-45,1,20,7,0
110,-45,1,8,5,0
111,-45,1,3,6,0
112,-45,1,154,3,0
113,-44,1,22,6,0
114,-44,1,15,6,0
115,-44,1,0,7,0
116,-43,1,16,6,0
117,-42,1,389,3,0
118,-42,1,67,4,0
119,-42,1,46,8,0
120,-42,1,4,12,0
121,-42,1,152,4,0
122,-41,1,25,2,0
123,-41,1,12,8,0
124,-41,1,53,6,0
125,-41,1,17,10,0
126,-40,1,54,10,0
127,-40,1,4,4,0
128,-40,1,77,2,0
129,-39,1,6,9,0
130,-38,1,25,4,0
131,-37,1,316,12,0
132,-37,1,157,3,0
133,-37,1,36,9,0
134,-37,1,59,2,0
135,-37,1,12,7,0
136,-37,1,87,8,0
137,-37,1,133,10,0
138,-37,1,44,6,0
139,-36,1,227,4,0
140,-35,1,377,9,0
141,-35,1,189,4,0
142,-35,1,436,11,0
143,-34,1,230,6,0
144,-34,1,101,6,0
145,-33,1,46,10,0
146,-32,1,315,6,0
147,-32,1,42,1,0
148,-32,1,119,11,0
149,-32,1,462,10,0
150,-32,1,126,5,0
151,-32,1,38,8,0
152,-32,1,49,4,0
153,-32,1,39,7,0
154,-31,1,97,8,0
155,-31,1,373,7,0
156,-31,1,6,8,0
157,-30,1,162,8,0
158,-30,1,401,5,0
159,-29,1,10,8,0
160,-29,1,3,4,0
161,-28,1,256,8,0
162,-28,1,166,10,0
163,-27,1,12,5,0
164,-26,1,23,5,0
165,-26,1,22,8,0
166,-26,1,2,6,0
167,-25,1,27,8,0
168,-25,1,96,5,0
169,-25,1,231,8,0
170,-24,1,114,6,0
171,-24,1,31,8,0
172,-23,1,147,2,0
173,-22,1,71,6,0
174,-21,1,5,4,0
175,-20,1,4,4,0
176,-19,1,249,9,0
177,-18,1,481,9,0
178,-18,1,27,2,0
179,-18,1,36,8,0
180,-18,1,8,6,0
181,-18,1,53,12,0
182,-17,1,62,4,0
183,-16,1,144,6,0
184,-16,1,27,6,0
185,-15,1,45,9,0
186,-14,1,14,7,0
187,-13,1,26,8,0
188,-13,1,200,11,0
189,-12,1,88,3,0
190,-12,1,162,8,0
191,-12,1,45,7,0
192,-12,1,136,2,0
193,-12,1,13,8,0
194,-12,1,10,7,0
195,-11,1,229,10,0
196,-10,1,72,4,0
197,-10,1,1,8,0
198,-10,1,13,8,0
199,-10,1,9,11,0
200,-10,1,489,8,0
201,-9,1,100,4,0
202,-9,1,450,2,0
203,-8,1,0,11,0
204,-8,1,134,3,0
205,-7,1,402,12,0
206,-6,1,61,6,0
207,-5,1,177,2,0
208,-4,1,16,3,0
209,-3,1,46,4,0
210,-3,1,11,8,0
211,-3,1,221,9,0
212,-3,1,160,9,0
213,-2,1,0,5,0
214,-1,1,422,8,0
215,0,1,29,10,60
216,1,1,8,7,60
217,1,1,293,10,60
218,1,1,9,2,60
219,2,1,2,6,60
220,3,1,99,7,60
221,3,1,8,9,60
222,3,1,27,5,60
223,3,1,329,10,60
224,3,1,56,10,60
225,3,1,40,8,60
226,4,1,11,11,60
227,5,1,138,11,60
228,5,1,426,7,60
229,5,1,214,12,60
230,6,1,89,8,120
231,6,1,471,1,120
232,7,1,22,10,120
233,8,1,180,6,120
234,9,1,45,4,120
235,9,1,12,2,120
236,10,1,1,6,180
237,11,1,2,1,180
238,11,1,37,5,180
239,11,1,32,9,180
240,12,1,174,12,180
241,13,1,61,12,180
242,14,1,18,5,180
243,14,1,48,6,180
244,15,1,212,7,180
245,16,1,29,10,240
246,17,1,35,2,240
247,17,1,59,6,240
248,17,1,183,3,240
249,17,1,25,8,240
250,18,1,39,9,240
251,18,1,12,2,240
252,18,1,28,6,240
253,19,1,203,9,240
254,20,1,140,2,240
255,20,1,135,3,240
256,20,1,8,2,240
257,20,1,172,10,240
258,21,1,267,7,300
259,22,1,3,8,300
260,22,1,28,2,300
261,23,1,41,10,300
262,23,1,50,7,300
263,24,1,475,3,300
264,24,1,333,10,300
265,25,1,243,1,300
266,25,1,43,6,300
267,26,1,25,1,300
268,26,1,397,7,300
269,26,1,44,3,300
270,27,1,13,9,300
271,28,1,8,12,300
272,29,1,63,8,300
273,29,1,57,6,300
274,29,1,332,1,300
275,29,1,148,6,300
276,29,1,53,8,300
277,29,1,9,7,300
278,30,1,140,8,300
279,30,1,147,6,300
280,31,1,441,11,300
281,32,1,185,4,360
282,33,1,41,2,360
283,34,1,188,12,420
284,35,1,96,10,420
285,35,1,487,12,420
286,35,1,88,10,420
287,35,1,41,4,420
288,36,1,422,7,420
289,37,1,10,9,480
290,37,1,14,8,480
291,37,1,260,12,480
292,37,1,391,12,480
293,37,1,188,8,480
294,37,1,198,10,480
295,38,1,49,2,480
296,38,1,14,7,480
297,39,1,30,5,480
298,39,1,66,6,480
299,40,1,13,6,480
300,41,1,24,8,480
301,41,1,13,7,480
302,41,1,156,6,480
303,41,1,402,12,480
304,42,1,30,6,480
305,43,1,459,10,540
306,44,1,34,11,540
307,44,1,8,2,540
308,44,1,181,10,540
309,45,1,40,5,540
310,45,1,21,10,540
311,46,1,467,1,540
312,47,1,307,9,540
313,47,1,5,4,540
314,48,1,17,12,540
315,49,1,254,8,540
316,49,1,147,4,540
317,50,1,44,4,600
318,50,1,5,6,600
319,50,1,51,11,600
320,50,1,8,10,600
321,51,1,332,6,600
322,51,1,21,7,600
323,51,1,85,6,600
324,52,1,273,12,600
325,53,1,470,5,600
326,53,1,86,6,600
327,53,1,6,10,600
328,53,1,218,12,600
329,54,1,166,5,600
330,55,1,191,2,660
331,56,1,155,7,660
332,56,1,13,4,660
333,56,1,67,5,660
334,56,1,106,8,660
335,57,1,25,4,720
336,58,1,46,8,720
337,59,1,67,8,720
338,59,1,40,6,720
339,60,1,193,9,720
340,61,1,451,2,720
341,61,1,69,5,720
342,62,1,2,3,780
343,63,1,11,8,780
344,64,1,22,4,780
345,64,1,71,10,780
346,64,1,44,6,780
347,65,1,23,6,780
348,66,1,1,7,840
349,67,1,77,6,840
350,68,1,45,3,840
351,68,1,35,2,840
352,68,1,2,4,840
353,68,1,132,4,840
354,68,1,341,3,840
355,68,1,72,10,840
356,69,1,5,2,840
357,70,1,85,8,840
358,71,1,296,12,900
359,72,1,77,6,900
360,73,1,260,10,900
361,74,1,1,8,900
362,75,1,32,10,900
363,75,1,50,12,900
364,75,1,466,12,900
365,76,1,62,6,900
366,76,1,6,4,900
367,76,1,70,4,900
368,77,1,407,10,900
369,78,1,6,1,960
370,78,1,0,4,960
371,78,1,141,3,960
372,79,1,169,5,960
373,80,1,19,7,960
374,81,1,13,2,960
375,82,1,36,4,960
376,82,1,1,4,960
377,83,1,31,10,960
378,84,1,472,6,960
379,84,1,71,7,960
380,84,1,5,9,960
381,85,1,95,2,1020
382,85,1,0,10,1020
383,86,1,30,12,1020
384,87,1,83,4,1020
385,88,1,101,8,1020
386,89,1,119,7,1020
387,90,1,194,6,1080
388,91,1,20,5,1080
389,91,1,45,3,1080
390,91,1,478,6,1080
391,92,1,127,11,1080
392,93,1,413,10,1080
393,93,1,8,7,1080
394,93,1,3,3,1080
395,93,1,40,5,1080
396,93,1,2,10,1080
397,94,1,112,4,1140
398,95,1,353,8,1140
399,96,1,228,2,1140
400,96,1,0,7,1140
401,97,1,1,10,1140
402,98,1,45,1,1200
403,98,1,29,10,1200
404,98,1,11,5,1200
405,99,1,230,6,1200
406,100,1,1,11,1200
407,100,1,2,6,1200
408,100,1,257,4,1200
409,100,1,23,7,1200
410,100,1,41,9,1200
411,100,1,33,11,1200
412,100,1,11,5,1200
413,100,1,20,6,1200
414,101,1,4,10,1200
415,102,1,6,6,1200
416,103,1,61,8,1200
417,104,1,397,7,1200
418,105,1,22,8,1200
419,106,1,145,10,1200
420,107,1,11,8,1200
421,108,1,30,9,1200
422,109,1,474,8,1260
423,110,1,36,1,1260
424,110,1,3,8,1260
425,111,1,52,8,1260
426,111,1,7,2,1260
427,112,1,92,6,1260
428,112,1,83,7,1260
429,112,1,125,3,1260
430,113,1,404,10,1260
431,114,1,32,5,1260
432,115,1,185,2,1260
433,115,1,51,2,1260
434,116,1,43,6,1260
435,117,1,375,9,1260
436,117,1,7,12,1260
437,118,1,144,10,1320
438,118,1,29,10,1320
439,119,1,1,2,1320
440,119,1,56,8,1320
441,119,1,27,4,1320
442,119,1,172,5,1320
443,119,1,325,11,1320
444,120,1,2,2,1380
445,120,1,66,2,1380
446,121,1,23,3,1380
447,121,1,20,8,1380
448,121,1,200,5,1380
449,122,1,4,5,1380
450,122,1,62,5,1380
451,122,1,142,4,1380
452,122,1,151,8,1380
453,123,1,79,8,1380
454,123,1,54,6,1380
455,124,1,28,1,1380
456,124,1,182,9,1380
457,124,1,143,6,1380
458,124,1,201,5,1380
459,124,1,29,6,1380
460,125,1,16,10,1440
461,126,1,32,10,1440
462,127,1,424,5,1500
463,127,1,15,9,1500
464,127,1,460,6,1500
465,128,1,38,9,1500
466,129,1,126,6,1500
467,130,1,1,7,1500
468,130,1,30,6,1500
469,131,1,14,8,1560
470,131,1,55,9,1560
471,131,1,8,4,1560
472,131,1,156,8,1560
473,131,1,50,10,1560
474,131,1,43,8,1560
475,132,1,39,9,1560
476,133,1,2,8,1560
477,133,1,1,12,1560
478,134,1,13,1,1560
479,135,1,43,4,1560
480,135,1,8,6,1560
481,136,1,12,12,1620
482,136,1,16,6,1620
483,136,1,447,8,1620
484,136,1,18,4,1620
485,136,1,6,6,1620
486,136,1,418,4,1620
487,137,1,142,1,1620
488,137,1,52,12,1620
489,137,1,14,10,1620
490,138,1,14,10,1620
491,139,1,3,2,1620
492,140,1,453,12,1620
493,141,1,19,8,1620
494,141,1,58,6,1620
495,141,1,1,12,1620
496,142,1,278,10,1680
497,142,1,127,5,1680
498,143,1,379,9,1680
499,144,1,62,8,1680
500,145,1,2,7,1680
501,146,1,150,4,1680
502,146,1,9,8,1680
503,146,1,200,7,1680
504,146,1,1,3,1680
505,146,1,419,12,1680
506,147,1,5,7,1680
507,147,1,10,10,1680
508,148,1,129,8,1680
509,149,1,119,8,1680
510,150,1,9,6,1740
511,151,1,91,10,1740
512,152,1,481,3,1740
513,152,1,25,11,1740
514,152,1,0,6,1740
515,153,1,336,8,1740
516,153,1,2,9,1740
517,153,1,0,6,1740
518,154,1,439,8,1740
519,155,1,20,8,1740
520,156,1,304,8,1740
521,156,1,17,8,1740
522,156,1,470,3,1740
523,157,1,167,4,1740
524,157,1,40,4,1740
525,158,1,478,5,1800
526,159,1,69,3,1800
527,160,1,73,4,1800
528,161,1,404,8,1800
529,162,1,293,8,1800
530,163,1,13,5,1800
531,163,1,43,11,1800
532,163,1,253,9,1800
533,164,1,22,4,1800
534,164,1,43,4,1800
535,164,1,403,2,1800
536,165,1,96,2,1800
537,165,1,132,10,1800
538,165,1,186,3,1800
539,165,1,14,9,1800
540,166,1,127,4,1800
541,166,1,4,4,1800
542,167,1,475,10,1860
543,168,1,0,9,1860
544,168,1,75,4,1860
545,168,1,309,10,1860
546,169,1,7,6,1860
547,170,1,126,4,1860
548,171,1,19,10,1860
549,171,1,160,11,1860
550,171,1,9,8,1860
551,171,1,42,12,1860
552,172,1,11,8,1860
553,173,1,91,10,1920
554,174,1,104,8,1920
555,175,1,100,6,1920
556,175,1,424,8,1920
557,175,1,14,9,1920
558,176,1,47,2,1920
559,176,1,475,8,1920
560,177,1,119,4,1920
561,177,1,201,10,1920
562,177,1,14,2,1920
563,178,1,44,7,1920
564,178,1,10,4,1920
565,179,1,78,12,1980
566,180,1,4,10,1980
567,181,1,270,8,1980
568,182,1,15,2,1980
569,182,1,3,7,1980
570,182,1,29,12,1980
571,182,1,276,6,1980
572,183,1,37,2,1980
573,183,1,9,5,1980
574,184,1,263,6,1980
575,185,1,161,3,1980
576,185,1,78,2,1980
577,185,1,52,9,1980
578,186,1,273,6,2040
579,186,1,28,3,2040
580,187,1,33,8,2040
581,188,1,4,6,2040
582,188,1,454,4,2040
583,188,1,0,7,2040
584,188,1,172,4,2040
585,188,1,123,8,2040
586,188,1,107,6,2040
587,188,1,131,5,2040
588,189,1,44,10,2040
589,190,1,267,8,2100
590,190,1,2,8,2100
591,191,1,17,9,2100
592,192,1,42,6,2100
593,192,1,28,12,2100
594,192,1,21,10,2100
595,192,1,29,11,2100
596,193,1,18,5,2100
597,193,1,379,11,2100
598,194,1,138,7,2160
599,195,1,18,5,2160
600,196,1,76,6,2160
601,197,1,111,7,2160
602,198,1,53,4,2160
603,198,1,7,10,2160
604,199,1,262,12,2160
605,200,1,29,6,2160
606,200,1,15,4,2160
607,200,1,1,5,2160
608,201,1,32,8,2160
609,201,1,46,5,2160
610,202,1,10,6,2220
611,203,1,48,8,2220
612,203,1,8,4,2220
613,204,1,113,11,2220
614,204,1,41,9,2220
615,204,1,165,7,2220
616,204,1,69,6,2220
617,204,1,1,8,2220
618,204,1,26,11,2220
619,204,1,27,5,2220
620,205,1,11,3,2220
621,205,1,454,6,2220
622,206,1,399,5,2220
623,206,1,2,5,2220
624,207,1,13,2,2280
625,208,1,447,12,2280
626,208,1,53,8,2280
627,208,1,3,9,2280
628,209,1,403,1,2340
629,210,1,30,8,2340
630,211,1,6,9,2340
631,212,1,59,11,2340
632,213,1,44,2,2340
633,213,1,109,6,2340
634,213,1,29,10,2340
635,214,1,218,3,2340
636,214,1,9,3,2340
637,214,1,13,1,2340
638,214,1,24,9,2340
639,215,1,461,8,2400
640,215,1,56,12,2400
641,216,1,276,10,2400
642,217,1,388,2,2400
643,218,1,155,10,2400
644,219,1,56,10,2400
645,219,1,107,5,2400
646,220,1,35,3,2400
647,220,1,367,5,2400
648,220,1,15,4,2400
649,220,1,4,3,2400
650,220,1,8,10,2400
651,220,1,37,1,2400
652,220,1,14,9,2400
653,221,1,330,3,2400
654,222,1,2,6,2460
655,222,1,11,4,2460
656,223,1,10,11,2460
657,223,1,246,8,2460
658,223,1,45,12,2460
659,223,1,17,4,2460
660,224,1,40,8,2460
661,224,1,18,2,2460
662,224,1,402,4,2460
663,224,1,37,8,2460
664,225,1,10,5,2460
665,225,1,153,7,2460
666,225,1,267,8,2460
667,226,1,193,6,2460
668,226,1,10,8,2460
669,226,1,5,7,2460
670,227,1,290,7,2520
671,228,1,119,8,2520
672,229,1,488,9,2520
673,229,1,12,12,2520
674,230,1,353,9,2580
675,231,1,2,8,2580
676,231,1,0,11,2580
677,232,1,3,8,2580
678,233,1,39,2,2580
679,234,1,30,4,2580
680,234,1,38,3,2580
681,234,1,11,8,2580
682,234,1,42,7,2580
683,234,1,21,2,2580
684,234,1,5,2,2580
685,234,1,17,9,2580
686,234,1,22,11,2580
687,234,1,33,5,2580
688,234,1,37,8,2580
689,235,1,5,4,2580
690,236,1,75,2,2640
691,237,1,459,12,2700
692,237,1,25,6,2700
693,238,1,32,6,2700
694,239,1,24,4,2700
695,240,1,6,4,2700
696,241,1,34,4,2700
697,242,1,78,1,2700
698,243,1,52,3,2700
699,243,1,335,8,2700
700,243,1,208,12,2700
701,244,1,15,3,2760
702,244,1,26,2,2760
703,244,1,2,5,2760
704,245,1,329,1,2760
705,246,1,100,6,2760
706,246,1,319,10,2760
707,247,1,412,1,2760
708,248,1,94,2,2760
709,248,1,52,3,2760
710,248,1,13,4,2760
711,249,1,78,11,2820
712,250,1,75,6,2820
713,250,1,23,7,2820
714,251,1,2,7,2820
715,252,1,20,6,2880
716,253,1,216,6,2880
717,254,1,200,10,2880
718,255,1,116,8,2880
719,255,1,298,4,2880
720,255,1,33,3,2880
721,255,1,161,12,2880
722,255,1,36,9,2880
723,255,1,120,12,2880
724,255,1,18,6,2880
725,255,1,45,6,2880
726,255,1,39,8,2880
727,256,1,1,2,2880
728,256,1,7,5,2880
729,256,1,362,12,2880
730,256,1,443,10,2880
731,257,1,210,4,2940
732,258,1,26,4,2940
733,258,1,72,8,2940
734,258,1,328,4,2940
735,258,1,0,4,2940
736,259,1,13,8,2940
737,260,1,6,4,2940
738,260,1,36,10,2940
739,261,1,52,4,3000
740,261,1,172,10,3000
741,261,1,413,6,3000
742,262,1,143,4,3000
743,262,1,118,4,3000
744,263,1,153,10,3000
745,264,1,467,9,3060
746,265,1,0,6,3060
747,266,1,33,3,3060
748,267,1,1,8,3060
749,267,1,396,6,3060
750,267,1,434,3,3060
751,268,1,56,7,3120
752,269,1,155,8,3120
753,270,1,131,9,3120
754,270,1,70,4,3120
755,270,1,4,8,3120
756,270,1,103,6,3120
757,271,1,21,8,3120
758,271,1,482,4,3120
759,272,1,4,8,3120
760,272,1,43,9,3120
761,272,1,8,7,3120
762,272,1,56,9,3120
763,273,1,17,9,3180
764,274,1,197,12,3180
765,274,1,77,8,3180
766,274,1,33,4,3180
767,275,1,37,4,3180
768,275,1,7,6,3180
769,276,1,142,12,3180
770,276,1,268,5,3180
771,276,1,2,8,3180
772,277,1,94,12,3180
773,278,1,159,4,3180
774,278,1,0,2,3180
775,278,1,39,2,3180
776,278,1,239,4,3180
777,278,1,29,5,3180
778,278,1,49,6,3180
779,279,1,164,8,3180
780,280,1,37,8,3240
781,280,1,5,2,3240
782,280,1,58,5,3240
783,281,1,427,5,3240
784,282,1,102,5,3240
785,283,1,105,10,3240
786,284,1,1,7,3240
787,284,1,6,8,3240
788,284,1,2,2,3240
789,284,1,9,4,3240
790,285,1,37,4,3240
791,286,1,17,1,3240
792,286,1,9,5,3240
793,286,1,8,12,3240
794,287,1,162,12,3240
795,287,1,193,8,3240
796,287,1,284,4,3240
797,287,1,379,4,3240
798,287,1,17,4,3240
799,288,1,92,4,3300
800,289,1,490,9,3300
801,290,1,8,2,3300
802,290,1,47,4,3300
803,290,1,27,9,3300
804,291,1,1,4,3360
805,292,1,295,5,3360
806,293,1,21,6,3420
807,294,1,40,2,3420
808,294,1,384,4,3420
809,295,1,38,4,3420
810,296,1,8,11,3420
811,296,1,64,4,3420
812,296,1,86,7,3420
813,297,1,2,6,3420
814,298,1,210,6,3420
815,299,1,465,8,3420
816,300,1,283,4,3420
817,300,1,292,12,3420
818,300,1,31,6,3420
819,300,1,43,8,3420
820,300,1,6,10,3420
821,301,1,145,6,3480
822,302,1,326,6,3480
823,302,1,221,7,3480
824,302,1,105,5,3480
825,303,1,168,6,3480
826,303,1,0,7,3480
827,304,1,0,7,3480
828,304,1,8,7,3480
829,305,1,40,7,3480
830,305,1,322,7,3480
831,305,1,42,3,3480
832,305,1,343,8,3480
833,305,1,1,10,3480
834,306,1,20,5,3480
835,306,1,3,8,3480
836,306,1,49,2,3480
837,307,1,292,8,3480
838,308,1,61,6,3480
839,308,1,5,2,3480
840,308,1,4,12,3480
841,309,1,3,7,3480
842,310,1,37,10,3480
843,310,1,116,12,3480
844,311,1,20,2,3480
845,312,1,6,12,3480
846,312,1,42,12,3480
847,312,1,74,5,3480
848,313,1,1,1,3540
849,313,1,16,10,3540
850,314,1,369,8,3540
851,314,1,20,5,3540
852,315,1,488,6,3540
853,315,1,32,6,3540
854,316,1,449,8,3540
855,316,1,3,11,3540
856,317,1,202,3,3540
857,318,1,90,10,3540
858,319,1,13,12,3540
859,319,1,4,4,3540
860,320,1,46,4,3540
861,320,1,1,8,3540
862,321,1,474,4,3540
863,322,1,3,4,3600
864,323,1,0,6,3600
865,324,1,161,6,3660
866,325,1,28,2,3660
867,326,1,7,2,3660
868,327,1,21,12,3660
869,327,1,47,4,3660
870,327,1,32,2,3660
871,327,1,78,8,3660
872,327,1,122,8,3660
873,328,1,86,10,3660
874,328,1,13,5,3660
875,328,1,381,2,3660
876,328,1,70,6,3660
877,329,1,317,2,3660
878,329,1,276,8,3660
879,330,1,44,9,3660
880,331,1,13,1,3720
881,332,1,46,8,3720
882,333,1,315,7,3720
883,333,1,174,5,3720
884,334,1,189,9,3780
885,335,1,211,8,3780
886,335,1,201,10,3780
887,335,1,16,2,3780
888,336,1,60,7,3780
889,336,1,85,2,3780
890,336,1,0,2,3780
891,336,1,138,10,3780
892,337,1,0,3,3780
893,338,1,293,3,3840
894,338,1,13,6,3840
895,338,1,125,4,3840
896,338,1,151,8,3840
897,339,1,381,10,3840
898,340,1,3,6,3840
899,340,1,60,8,3840
900,340,1,34,11,3840
901,340,1,26,10,3840
902,341,1,77,2,3840
903,342,1,73,10,3840
904,342,1,1,4,3840
905,343,1,385,2,3840
906,343,1,464,11,3840
907,343,1,7,4,3840
908,344,1,416,4,3840
909,345,1,3,6,3900
910,346,1,375,8,3900
911,346,1,22,7,3900
912,346,1,278,6,3900
913,346,1,17,4,3900
914,347,1,5,7,3900
915,347,1,98,7,3900
916,348,1,60,8,3900
917,348,1,5,8,3900
918,348,1,115,9,3900
919,348,1,326,8,3900
920,348,1,392,6,3900
921,348,1,10,10,3900
922,348,1,89,3,3900
923,349,1,23,10,3900
924,350,1,340,6,3960
925,351,1,188,5,3960
926,351,1,7,12,3960
927,351,1,45,6,3960
928,351,1,63,10,3960
929,352,1,47,1,3960
930,352,1,139,12,3960
931,352,1,376,7,3960
932,353,1,5,4,4020
933,354,1,11,8,4020
934,355,1,1,4,4020
935,356,1,145,2,4020
936,357,1,22,6,4020
937,357,1,339,2,4020
938,358,1,24,5,4080
939,359,1,14,10,4080
940,359,1,22,6,4080
941,360,1,155,1,4080
942,360,1,15,10,4080
943,361,1,165,9,4080
944,361,1,1,10,4080
945,361,1,41,4,4080
946,361,1,181,4,4080
947,362,1,4,6,4080
948,363,1,301,6,4080
949,364,1,475,2,4080
950,365,1,242,10,4080
951,365,1,24,6,4080
952,366,1,77,11,4140
953,366,1,26,6,4140
954,366,1,34,6,4140
955,366,1,5,12,4140
956,367,1,0,7,4140
957,368,1,99,4,4140
958,369,1,18,9,4140
959,369,1,26,3,4140
960,370,1,10,1,4140
961,371,1,4,5,4200
962,371,1,2,5,4200
963,372,1,137,8,4200
964,372,1,133,4,4200
965,372,1,249,3,4200
966,373,1,6,12,4200
967,373,1,42,9,4200
968,373,1,94,6,4200
969,373,1,176,4,4200
970,374,1,151,5,4260
971,374,1,363,5,4260
972,374,1,37,6,4260
973,375,1,2,4,4260
974,376,1,47,6,4260
975,377,1,486,1,4260
976,378,1,107,5,4260
977,378,1,121,8,4260
978,379,1,15,8,4260
979,380,1,44,5,4260
980,380,1,8,6,4260
981,380,1,142,6,4260
982,381,1,39,6,4320
983,381,1,22,10,4320
984,381,1,99,2,4320
985,381,1,109,5,4320
986,381,1,6,6,4320
987,382,1,462,2,4320
988,382,1,37,5,4320
989,382,1,20,10,4320
990,383,1,68,11,4320
991,383,1,168,8,4320
992,384,1,19,2,4380
993,385,1,69,9,4380
994,385,1,283,12,4380
995,386,1,399,8,4380
996,387,1,484,2,4380
997,387,1,46,9,4380
998,387,1,32,7,4380
999,388,1,86,1,4380
1000,389,1,364,6,4380
1001,390,1,493,4,4380
1002,390,1,236,3,4380
1003,391,1,63,4,4380
1004,392,1,45,2,4440
1005,393,1,127,4,4440
1006,393,1,109,5,4440
1007,394,1,219,12,4440
1008,395,1,208,1,4440
1009,396,1,131,6,4440
1010,396,1,13,7,4440
1011,397,1,8,2,4500
1012,398,1,80,10,4500
1013,399,1,75,6,4500
1014,399,1,238,5,4500
1015,400,1,28,2,4560
1016,400,1,7,6,4560
1017,400,1,78,11,4560
1018,400,1,5,6,4560
1019,401,1,118,10,4560
1020,402,1,191,2,4560
1021,403,1,173,3,4560
1022,403,1,1,5,4560
1023,403,1,318,2,4560
1024,404,1,5,6,4560
1025,405,1,62,11,4560
1026,406,1,87,7,4620
1027,407,1,495,7,4680
1028,408,1,7,4,4680
1029,408,1,144,8,4680
1030,408,1,8,2,4680
1031,408,1,68,6,4680
1032,408,1,402,7,4680
1033,408,1,0,6,4680
1034,408,1,336,1,4680
1035,408,1,9,6,4680
1036,408,1,238,6,4680
1037,408,1,22,12,4680
1038,409,1,80,8,4680
1039,409,1,105,2,4680
1040,410,1,7,6,4680
1041,410,1,58,12,4680
1042,411,1,291,6,4740
1043,411,1,162,2,4740
1044,411,1,2,4,4740
1045,411,1,8,7,4740
1046,412,1,2,8,4740
1047,413,1,49,6,4740
1048,414,1,1,6,4740
1049,415,1,22,2,4800
1050,415,1,489,12,4800
1051,415,1,294,4,4800
1052,415,1,138,3,4800
1053,415,1,368,10,4800
1054,415,1,341,9,4800
1055,416,1,359,6,4800
1056,416,1,4,5,4800
1057,416,1,9,7,4800
1058,417,1,11,11,4800
1059,418,1,4,4,4860
1060,418,1,441,5,4860
1061,419,1,6,10,4860
1062,420,1,4,7,4860
1063,420,1,93,2,4860
1064,421,1,18,5,4860
1065,421,1,11,6,4860
1066,422,1,3,7,4860
1067,422,1,104,12,4860
1068,423,1,109,5,4860
1069,424,1,106,11,4860
1070,424,1,7,8,4860
1071,424,1,39,6,4860
1072,424,1,232,7,4860
1073,424,1,60,9,4860
1074,424,1,58,8,4860
1075,424,1,102,10,4860
1076,424,1,3,5,4860
1077,425,1,7,8,4860
1078,425,1,45,5,4860
1079,426,1,394,5,4920
1080,427,1,199,12,4920
1081,428,1,31,2,4920
1082,428,1,24,10,4920
1083,428,1,330,8,4920
1084,429,1,67,12,4920
1085,430,1,132,10,4920
1086,431,1,0,6,4920
1087,431,1,42,9,4920
1088,432,1,27,5,4920
1089,432,1,18,2,4920
1090,432,1,43,10,4920
1091,433,1,289,10,4920
1092,434,1,263,4,4980
1093,435,1,155,8,4980
1094,435,1,48,4,4980
1095,436,1,6,3,4980
1096,437,1,2,2,4980
1097,438,1,28,9,5040
1098,438,1,24,2,5040
1099,438,1,44,5,5040
1100,439,1,34,5,5040
1101,439,1,36,6,5040
1102,440,1,131,1,5040
1103,441,1,33,6,5040
1104,441,1,372,8,5040
1105,442,1,43,7,5040
1106,442,1,110,4,5040
1107,442,1,166,11,5040
1108,442,1,179,4,5040
1109,443,1,8,6,5040
1110,444,1,23,12,5040
1111,444,1,384,2,5040
1112,445,1,53,6,5040
1113,446,1,17,8,5100
1114,447,1,4,9,5100
1115,448,1,201,8,5100
1116,449,1,292,4,5100
1117,449,1,28,9,5100
1118,450,1,403,1,5100
1119,450,1,341,5,5100
1120,450,1,2,8,5100
1121,450,1,67,6,5100
1122,450,1,179,10,5100
1123,450,1,181,12,5100
1124,451,1,37,6,5100
1125,452,1,14,8,5160
1126,453,1,17,6,5160
1127,454,1,34,4,5160
1128,454,1,216,6,5160
1129,454,1,12,4,5160
1130,454,1,472,8,5160
1131,455,1,181,5,5160
1132,455,1,56,6,5160
1133,455,1,27,10,5160
1134,455,1,16,8,5160
1135,455,1,74,6,5160
1136,455,1,11,8,5160
1137,456,1,177,8,5220
1138,456,1,16,4,5220
1139,456,1,46,2,5220
1140,456,1,208,5,5220
1141,457,1,29,11,5220
1142,457,1,81,4,5220
1143,458,1,42,7,5220
1144,458,1,198,6,5220
1145,458,1,80,6,5220
1146,459,1,46,6,5220
1147,459,1,201,6,5220
1148,460,1,26,6,5220
1149,460,1,203,9,5220
1150,461,1,7,4,5280
1151,462,1,42,8,5280
1152,463,1,41,9,5280
1153,463,1,338,8,5280
1154,464,1,5,7,5280
1155,465,1,395,12,5340
1156,466,1,181,7,5340
1157,466,1,118,6,5340
1158,466,1,73,9,5340
1159,466,1,402,9,5340
1160,467,1,168,8,5340
1161,468,1,291,10,5340
1162,469,1,17,3,5340
1163,469,1,18,7,5340
1164,469,1,449,8,5340
1165,469,1,169,9,5340
1166,470,1,155,2,5340
1167,471,1,386,7,5400
1168,472,1,103,7,5400
1169,472,1,128,6,5400
1170,472,1,285,4,5400
1171,473,1,33,8,5400
1172,473,1,123,2,5400
1173,473,1,32,3,5400
1174,473,1,37,5,5400
1175,474,1,35,8,5460
1176,475,1,17,5,5460
1177,476,1,7,6,5460
1178,477,1,0,8,5460
1179,477,1,111,5,5460
1180,478,1,21,5,5460
1181,479,1,118,12,5460
1182,479,1,133,3,5460
1183,479,1,105,10,5460
1184,480,1,36,2,5460
1185,480,1,0,8,5460
1186,480,1,47,4,5460
1187,481,1,12,4,5520
1188,481,1,7,6,5520
1189,481,1,2,4,5520
1190,482,1,55,10,5520
1191,483,1,8,9,5520
1192,483,1,2,9,5520
1193,484,1,127,3,5580
1194,485,1,41,5,5580
1195,485,1,9,4,5580
1196,486,1,31,8,5580
1197,487,1,6,10,5640
1198,487,1,10,9,5640
1199,487,1,18,10,5640
1200,488,1,109,10,5640
1201,489,1,39,8,5640
1202,489,1,127,6,5640
1203,489,1,51,4,5640
1204,489,1,114,10,5640
1205,489,1,46,2,5640
1206,489,1,134,8,5640
1207,489,1,36,4,5640
1208,490,1,90,6,5640
1209,490,1,431,2,5640
1210,490,1,346,9,5640
1211,490,1,54,1,5640
1212,491,1,5,3,5640
1213,492,1,46,6,5640
1214,492,1,0,7,5640
1215,493,1,337,8,5640
1216,494,1,0,4,5640
1217,494,1,387,8,5640
1218,495,1,146,6,5640
1219,496,1,131,9,5700
1220,497,1,20,4,5700
1221,497,1,93,10,5700
1222,498,1,223,9,5700
1223,499,1,20,8,5700
1224,500,1,113,8,5700
1225,500,1,188,4,5700
1226,500,1,483,12,5700
1227,500,1,348,10,5700
1228,500,1,7,8,5700
1229,500,1,154,9,5700
1230,501,1,200,5,5760
1231,502,1,80,2,5760
1232,503,1,35,4,5760
1233,504,1,44,3,5760
1234,504,1,17,5,5760
1235,504,1,16,6,5760
1236,504,1,91,8,5760
1237,504,1,144,6,5760
1238,504,1,22,4,5760
1239,505,1,361,6,5760
1240,506,1,238,5,5760
1241,507,1,204,2,5760
1242,508,1,389,5,5820
1243,509,1,11,12,5820
1244,510,1,469,7,5820
1245,511,1,164,8,5820
1246,511,1,72,6,5820
1247,512,1,33,9,5820
1248,512,1,19,7,5820
1249,512,1,5,3,5820
1250,513,1,5,2,5820
1251,514,1,0,8,5820
1252,515,1,59,4,5880
1253,515,1,7,7,5880
1254,515,1,308,10,5880
1255,515,1,61,3,5880
1256,515,1,75,1,5880
1257,515,1,20,7,5880
1258,515,1,89,6,5880
1259,515,1,107,5,5880
1260,515,1,25,6,5880
1261,516,1,82,2,5880
1262,516,1,453,10,5880
1263,516,1,139,11,5880
1264,516,1,47,3,5880
1265,517,1,6,4,5880
1266,518,1,22,6,5880
1267,519,1,46,8,5880
1268,520,1,5,6,5880
1269,520,1,281,8,5880
1270,521,1,113,11,5880
1271,522,1,27,7,5880
1272,523,1,150,2,5940
1273,524,1,92,5,5940
1274,524,1,149,8,5940
1275,525,1,337,2,5940
1276,525,1,19,4,5940
1277,526,1,212,12,5940
1278,527,1,41,10,5940
1279,528,1,19,4,5940
1280,528,1,136,11,5940
1281,529,1,48,12,5940
1282,529,1,5,9,5940
1283,529,1,6,12,5940
1284,530,1,32,5,6000
1285,531,1,7,8,6000
1286,532,1,46,6,6000
1287,532,1,31,10,6000
1288,532,1,11,5,6000
1289,533,1,44,4,6000
1290,533,1,6,2,6000
1291,533,1,106,8,6000
1292,534,1,13,8,6000
1293,534,1,2,8,6000
1294,534,1,308,10,6000
1295,535,1,9,4,6060
1296,535,1,76,6,6060
1297,535,1,81,6,6060
1298,535,1,41,5,6060
1299,535,1,48,5,6060
1300,535,1,12,5,6060
1301,535,1,28,10,6060
1302,535,1,7,8,6060
1303,536,1,346,11,6060
1304,536,1,21,6,6060
1305,537,1,68,8,6060
1306,537,1,309,11,6060
1307,537,1,21,6,6060
1308,537,1,25,12,6060
1309,538,1,0,12,6120
1310,539,1,288,10,6120
1311,540,1,0,10,6120
1312,540,1,231,5,6120
1313,541,1,31,7,6120
1314,542,1,24,6,6120
1315,543,1,437,3,6120
1316,543,1,148,8,6120
1317,544,1,37,7,6120
1318,544,1,18,8,6120
1319,545,1,12,9,6180
1320,545,1,47,10,6180
1321,545,1,18,10,6180
1322,545,1,211,10,6180
1323,546,1,117,2,6180
1324,547,1,14,2,6240
1325,547,1,480,4,6240
1326,548,1,383,3,6240
1327,549,1,63,10,6240
1328,549,1,104,4,6240
1329,549,1,76,7,6240
1330,550,1,35,4,6240
1331,551,1,0,8,6240
1332,552,1,2,5,6240
1333,552,1,47,1,6240
1334,553,1,4,3,6240
1335,554,1,10,11,6240
1336,554,1,34,4,6240
1337,555,1,301,6,6240
1338,556,1,33,6,6300
1339,557,1,196,7,6300
1340,558,1,146,6,6300
1341,559,1,5,5,6300
1342,559,1,7,8,6300
1343,559,1,16,6,6300
1344,560,1,56,6,6300
1345,560,1,42,6,6300
1346,561,1,486,4,6360
1347,562,1,17,7,6360
1348,562,1,456,9,6360
1349,563,1,165,6,6420
1350,563,1,25,9,6420
1351,564,1,5,7,6480
1352,565,1,187,4,6480
1353,566,1,23,3,6480
1354,567,1,177,6,6480
1355,567,1,5,6,6480
1356,568,1,4,8,6480
1357,568,1,53,8,6480
1358,569,1,80,6,6540
1359,570,1,349,10,6540
1360,571,1,5,2,6540
1361,572,1,4,5,6540
1362,573,1,16,7,6540
1363,573,1,13,10,6540
1364,574,1,366,12,6600
1365,574,1,31,12,6600
1366,574,1,194,3,6600
1367,575,1,40,4,6600
1368,576,1,172,10,6600
1369,577,1,20,9,6600
1370,577,1,252,6,6600
1371,578,1,1,6,6600
1372,578,1,67,7,6600
1373,578,1,171,7,6600
1374,579,1,97,8,6600
1375,579,1,238,6,6600
1376,579,1,1,10,6600
1377,580,1,47,7,6600
1378,581,1,2,6,6600
1379,581,1,17,8,6600
1380,581,1,444,6,6600
1381,582,1,53,4,6660
1382,583,1,32,6,6660
1383,584,1,20,3,6660
1384,584,1,2,6,6660
1385,584,1,499,6,6660
1386,584,1,379,3,6660
1387,585,1,121,6,6660
1388,585,1,24,4,6660
1389,586,1,16,9,6660
1390,587,1,142,10,6660
1391,588,1,17,3,6660
1392,589,1,19,5,6660
1393,590,1,26,10,6660
1394,590,1,18,10,6660
1395,590,1,8,12,6660
1396,591,1,17,6,6660
1397,592,1,90,6,6720
1398,592,1,16,4,6720
1399,593,1,278,7,6720
1400,593,1,13,6,6720
1401,593,1,453,7,6720
1402,593,1,29,12,6720
1403,593,1,444,9,6720
1404,594,1,179,12,6780
1405,595,1,1,6,6780
1406,596,1,174,8,6780
1407,596,1,18,6,6780
1408,597,1,49,2,6780
1409,598,1,32,6,6780
1410,598,1,480,10,6780
1411,599,1,51,7,6780
1412,599,1,12,12,6780
1413,600,1,28,10,6780
1414,600,1,0,8,6780
1415,600,1,113,8,6780
1416,600,1,122,7,6780
1417,600,1,242,11,6780
1418,601,1,267,9,6780
1419,601,1,218,11,6780
1420,602,1,287,9,6780
1421,603,1,337,4,6780
1422,604,1,244,5,6780
1423,605,1,349,6,6840
1424,605,1,29,4,6840
1425,606,1,139,10,6840
1426,607,1,222,5,6840
1427,608,1,109,2,6840
1428,609,1,27,4,6840
1429,610,1,150,8,6900
1430,610,1,110,3,6900
1431,611,1,7,6,6900
1432,612,1,176,9,6900
1433,612,1,19,6,6900
1434,612,1,40,4,6900
1435,612,1,9,10,6900
1436,612,1,97,11,6900
1437,613,1,288,4,6900
1438,614,1,19,9,6960
1439,615,1,84,6,6960
1440,616,1,175,8,6960
1441,617,1,82,7,6960
1442,618,1,173,5,6960
1443,618,1,479,6,6960
1444,618,1,177,12,6960
1445,618,1,215,4,6960
1446,618,1,51,10,6960
1447,618,1,425,9,6960
1448,618,1,146,3,6960
1449,619,1,171,12,6960
1450,619,1,16,5,6960
1451,620,1,52,6,6960
1452,621,1,7,8,7020
1453,621,1,2,7,7020
1454,621,1,26,6,7020
1455,622,1,2,7,7020
1456,622,1,53,6,7020
1457,622,1,113,4,7020
1458,623,1,456,3,7020
1459,623,1,19,10,7020
1460,623,1,74,5,7020
1461,623,1,398,8,7020
1462,623,1,43,4,7020
1463,624,1,0,9,7020
1464,624,1,117,5,7020
1465,625,1,24,8,7020
1466,626,1,370,9,7020
1467,627,1,390,7,7080
1468,628,1,480,3,7080
1469,628,1,21,2,7080
1470,628,1,87,2,7080
1471,629,1,77,6,7080
1472,630,1,17,10,7080
1473,631,1,6,5,7080
1474,632,1,136,4,7080
1475,632,1,28,8,7080
1476,633,1,319,6,7080
1477,634,1,40,6,7140
1478,635,1,35,9,7140
1479,635,1,0,8,7140
1480,635,1,221,7,7140
1481,636,1,486,8,7140
1482,636,1,84,5,7140
1483,637,1,13,9,7140
1484,638,1,289,9,7200
1485,639,1,280,5,7200
1486,640,1,250,6,7200
1487,641,1,186,2,7200
1488,641,1,142,6,7200
1489,642,1,426,10,7200
1490,643,1,29,8,7200
1491,643,1,12,5,7200
1492,643,1,128,10,7200
1493,643,1,199,10,7200
1494,643,1,25,5,7200
1495,644,1,491,9,7200
1496,644,1,3,10,7200
1497,645,1,112,10,7260
1498,645,1,296,4,7260
1499,645,1,61,7,7260
1500,645,1,93,6,7260
1501,645,1,18,6,7260
1502,646,1,81,6,7260
1503,646,1,285,8,7260
1504,647,1,348,2,7260
1505,647,1,129,4,7260
1506,648,1,60,4,7260
1507,649,1,33,8,7260
1508,650,1,84,10,7320
1509,650,1,30,5,7320
1510,651,1,39,12,7320
1511,651,1,13,2,7320
1512,651,1,22,6,7320
1513,652,1,40,6,7320
1514,652,1,10,4,7320
1515,652,1,1,4,7320
1516,652,1,64,5,7320
1517,652,1,31,2,7320
1518,652,1,346,11,7320
1519,653,1,15,6,7320
1520,653,1,52,2,7320
1521,653,1,7,7,7320
1522,653,1,178,7,7320
1523,654,1,8,4,7320
1524,654,1,35,8,7320
1525,654,1,267,2,7320
1526,654,1,414,10,7320
1527,655,1,215,8,7320
1528,655,1,18,12,7320
1529,655,1,111,12,7320
1530,655,1,206,7,7320
1531,655,1,412,3,7320
1532,655,1,144,2,7320
1533,656,1,34,10,7320
1534,656,1,70,8,7320
1535,656,1,170,4,7320
1536,657,1,329,6,7320
1537,658,1,302,9,7320
1538,658,1,266,4,7320
1539,659,1,188,7,7380
1540,659,1,1,8,7380
1541,659,1,427,7,7380
1542,659,1,12,6,7380
1543,660,1,73,11,7380
1544,660,1,309,4,7380
1545,660,1,16,9,7380
1546,661,1,155,4,7380
1547,661,1,344,3,7380
1548,662,1,422,10,7440
1549,663,1,315,10,7440
1550,663,1,14,8,7440
1551,663,1,345,1,7440
1552,663,1,47,2,7440
1553,664,1,485,6,7440
1554,665,1,18,10,7440
1555,666,1,131,10,7440
1556,666,1,465,6,7440
1557,667,1,37,6,7500
1558,668,1,39,2,7500
1559,669,1,62,8,7560
1560,669,1,37,4,7560
1561,670,1,3,4,7560
1562,671,1,34,8,7560
1563,672,1,82,3,7560
1564,672,1,70,3,7560
1565,672,1,101,6,7560
1566,673,1,178,2,7560
1567,674,1,218,9,7620
1568,674,1,1,8,7620
1569,675,1,280,2,7620
1570,675,1,10,10,7620
1571,675,1,163,6,7620
1572,675,1,44,3,7620
1573,676,1,37,8,7620
1574,677,1,106,6,7620
1575,677,1,4,7,7620
1576,678,1,94,4,7620
1577,678,1,15,8,7620
1578,679,1,20,5,7680
1579,680,1,1,8,7680
1580,681,1,47,7,7680
1581,682,1,178,11,7680
1582,682,1,10,10,7680
1583,682,1,27,6,7680
1584,683,1,145,4,7680
1585,683,1,457,8,7680
1586,684,1,334,6,7680
1587,684,1,23,5,7680
1588,684,1,70,2,7680
1589,685,1,351,4,7680
1590,685,1,37,7,7680
1591,685,1,12,12,7680
1592,685,1,46,8,7680
1593,686,1,17,9,7680
1594,686,1,161,11,7680
1595,687,1,23,6,7740
1596,687,1,16,5,7740
1597,687,1,195,7,7740
1598,687,1,319,9,7740
1599,687,1,70,10,7740
1600,687,1,45,6,7740
1601,687,1,442,8,7740
1602,687,1,15,4,7740
1603,688,1,347,10,7740
1604,688,1,123,7,7740
1605,689,1,30,10,7800
1606,690,1,120,4,7800
1607,691,1,28,5,7800
1608,692,1,111,8,7800
1609,693,1,98,10,7800
1610,693,1,19,2,7800
1611,694,1,10,6,7800
1612,694,1,346,7,7800
1613,695,1,12,7,7860
1614,695,1,40,4,7860
1615,696,1,220,6,7860
1616,696,1,188,11,7860
1617,696,1,11,4,7860
1618,697,1,26,6,7860
1619,698,1,71,4,7860
1620,699,1,80,6,7860
1621,700,1,12,6,7860
1622,701,1,17,2,7920
1623,701,1,136,4,7920
1624,701,1,496,10,7920
1625,702,1,59,10,7920
1626,702,1,453,7,7920
1627,702,1,49,7,7920
1628,703,1,42,1,7920
1629,704,1,51,6,7920
1630,705,1,95,8,7920
1631,705,1,2,6,7920
1632,706,1,44,8,7920
1633,707,1,52,8,7920
1634,708,1,37,12,7920
1635,709,1,4,9,7920
1636,709,1,0,4,7920
1637,709,1,196,2,7920
1638,709,1,50,8,7920
1639,709,1,413,8,7920
1640,709,1,141,8,7920
1641,709,1,23,9,7920
1642,710,1,119,2,7920
1643,710,1,38,12,7920
1644,710,1,24,7,7920
1645,710,1,44,4,7920
1646,710,1,381,6,7920
1647,711,1,47,10,7920
1648,711,1,1,4,7920
1649,712,1,36,3,7920
1650,713,1,26,1,7980
1651,714,1,50,8,7980
1652,715,1,251,6,7980
1653,716,1,343,3,7980
1654,716,1,6,6,7980
1655,717,1,131,9,7980
1656,718,1,384,8,8040
1657,719,1,292,4,8040
1658,720,1,0,8,8040
1659,720,1,35,6,8040
1660,721,1,305,10,8040
1661,721,1,22,9,8040
1662,721,1,464,8,8040
1663,721,1,17,4,8040
1664,721,1,6,2,8040
1665,721,1,33,10,8040
1666,722,1,0,4,8040
1667,722,1,5,4,8040
1668,723,1,189,11,8040
1669,723,1,78,11,8040
1670,723,1,83,4,8040
1671,724,1,144,5,8100
1672,725,1,123,5,8100
1673,725,1,428,5,8100
1674,725,1,3,5,8100
1675,726,1,3,12,8100
1676,726,1,42,10,8100
1677,727,1,48,6,8100
1678,727,1,13,8,8100
1679,727,1,0,4,8100
1680,728,1,3,10,8160
1681,729,1,31,3,8160
1682,729,1,48,8,8160
1683,729,1,11,8,8160
1684,729,1,25,4,8160
1685,729,1,152,2,8160
1686,730,1,258,4,8220
1687,731,1,200,5,8220
1688,732,1,42,12,8220
1689,732,1,0,6,8220
1690,733,1,23,6,8220
1691,733,1,29,10,8220
1692,734,1,0,9,8280
1693,734,1,27,6,8280
1694,734,1,26,6,8280
1695,735,1,14,3,8280
1696,736,1,337,6,8280
1697,736,1,5,2,8280
1698,737,1,11,4,8280
1699,737,1,10,8,8280
1700,738,1,11,4,8280
1701,739,1,98,7,8280
1702,740,1,93,4,8280
1703,741,1,116,4,8280
1704,741,1,64,6,8280
1705,742,1,407,8,8280
1706,743,1,3,6,8340
1707,744,1,5,6,8340
1708,744,1,266,10,8340
1709,744,1,208,6,8340
1710,745,1,20,6,8340
1711,745,1,40,8,8340
1712,746,1,43,6,8340
1713,747,1,282,6,8340
1714,748,1,214,4,8340
1715,749,1,17,5,8400
1716,749,1,39,6,8400
1717,750,1,454,6,8460
1718,750,1,233,6,8460
1719,750,1,17,7,8460
1720,750,1,14,6,8460
1721,750,1,84,5,8460
1722,750,1,21,10,8460
1723,750,1,1,7,8460
1724,751,1,1,6,8460
1725,752,1,38,6,8460
1726,752,1,217,5,8460
1727,752,1,114,2,8460
1728,753,1,28,3,8460
1729,754,1,201,4,8460
1730,755,1,23,10,8520
1731,755,1,18,6,8520
1732,755,1,42,4,8520
1733,755,1,11,1,8520
1734,756,1,32,7,8520
1735,756,1,9,8,8520
1736,757,1,18,6,8520
1737,757,1,94,10,8520
1738,757,1,9,8,8520
1739,757,1,27,3,8520
1740,758,1,88,9,8580
1741,758,1,282,9,8580
1742,758,1,61,9,8580
1743,759,1,69,6,8580
1744,759,1,3,5,8580
1745,760,1,118,8,8580
1746,760,1,374,8,8580
1747,761,1,167,10,8580
1748,762,1,95,7,8640
1749,762,1,0,3,8640
1750,762,1,40,4,8640
1751,762,1,115,8,8640
1752,763,1,35,7,8640
1753,763,1,244,2,8640
1754,763,1,33,10,8640
1755,764,1,17,4,8640
1756,765,1,58,4,8640
1757,766,1,2,6,8640
1758,766,1,13,3,8640
1759,767,1,37,5,8640
1760,767,1,15,8,8640
1761,768,1,11,8,8640
1762,769,1,19,8,8640
1763,769,1,2,11,8640
1764,770,1,317,2,8700
1765,771,1,318,10,8700
1766,771,1,316,3,8700
1767,771,1,227,10,8700
1768,771,1,243,4,8700
1769,771,1,11,6,8700
1770,772,1,101,2,8700
1771,773,1,19,10,8700
1772,774,1,2,8,8700
1773,775,1,83,10,8700
1774,775,1,77,9,8700
1775,775,1,71,4,8700
1776,775,1,149,7,8700
1777,776,1,15,4,8700
1778,777,1,27,4,8760
1779,777,1,439,9,8760
1780,777,1,35,8,8760
1781,778,1,1,11,8760
1782,778,1,5,4,8760
1783,779,1,404,5,8760
1784,780,1,427,10,8820
1785,781,1,2,3,8820
1786,782,1,37,8,8820
1787,783,1,34,2,8880
1788,783,1,23,2,8880
1789,784,1,391,4,8880
1790,785,1,144,4,8880
1791,785,1,373,2,8880
1792,785,1,108,8,8880
1793,785,1,73,8,8880
1794,786,1,31,6,8940
1795,787,1,134,10,8940
1796,787,1,2,10,8940
1797,787,1,48,10,8940
1798,788,1,61,8,8940
1799,789,1,7,6,8940
1800,789,1,17,5,8940
1801,789,1,1,4,8940
1802,790,1,24,8,8940
1803,791,1,137,8,8940
1804,792,1,135,2,9000
1805,792,1,21,11,9000
1806,792,1,7,10,9000
1807,793,1,1,10,9000
1808,793,1,8,10,9000
1809,793,1,19,11,9000
1810,794,1,132,6,9000
1811,794,1,97,8,9000
1812,794,1,9,6,9000
1813,795,1,11,8,9000
1814,795,1,8,2,9000
1815,796,1,341,7,9000
1816,796,1,93,6,9000
1817,797,1,19,1,9000
1818,797,1,35,5,9000
1819,798,1,3,6,9000
1820,798,1,40,9,9000
1821,798,1,0,8,9000
1822,798,1,43,6,9000
1823,799,1,143,8,9060
1824,800,1,74,7,9060
1825,800,1,2,9,9060
1826,801,1,49,7,9060
1827,801,1,152,9,9060
1828,801,1,13,8,9060
1829,802,1,498,8,9060
1830,803,1,80,5,9060
1831,803,1,13,7,9060
1832,803,1,23,2,9060
1833,804,1,9,11,9060
1834,805,1,284,4,9060
1835,805,1,17,9,9060
1836,806,1,0,6,9120
1837,806,1,217,5,9120
1838,806,1,25,3,9120
1839,807,1,320,7,9120
1840,808,1,5,4,9120
1841,808,1,12,4,9120
1842,808,1,65,7,9120
1843,808,1,22,9,9120
1844,809,1,347,6,9120
1845,809,1,293,7,9120
1846,810,1,1,7,9180
1847,811,1,198,3,9180
1848,812,1,100,9,9180
1849,812,1,88,12,9180
1850,813,1,129,7,9180
1851,814,1,333,9,9240
1852,814,1,487,6,9240
1853,815,1,41,2,9240
1854,816,1,79,6,9240
1855,817,1,180,7,9240
1856,818,1,259,10,9240
1857,819,1,89,7,9240
1858,820,1,118,8,9240
1859,821,1,16,10,9240
1860,822,1,292,11,9240
1861,822,1,258,9,9240
1862,822,1,17,11,9240
1863,822,1,14,6,9240
1864,823,1,32,8,9300
1865,824,1,71,7,9300
1866,824,1,369,4,9300
1867,824,1,4,11,9300
1868,824,1,0,8,9300
1869,824,1,47,12,9300
1870,824,1,350,4,9300
1871,825,1,135,8,9300
1872,826,1,208,6,9300
1873,827,1,0,2,9300
1874,828,1,108,2,9360
1875,828,1,20,4,9360
1876,829,1,11,6,9360
1877,829,1,39,4,9360
1878,830,1,68,10,9360
1879,830,1,27,12,9360
1880,831,1,41,4,9360
1881,832,1,43,2,9360
1882,832,1,244,11,9360
1883,832,1,15,5,9360
1884,833,1,34,6,9360
1885,834,1,49,12,9360
1886,834,1,155,2,9360
1887,835,1,2,11,9420
1888,836,1,4,6,9420
1889,836,1,5,10,9420
1890,837,1,10,8,9420
1891,837,1,142,4,9420
1892,838,1,28,6,9420
1893,838,1,348,11,9420
1894,839,1,122,9,9420
1895,840,1,11,6,9420
1896,840,1,270,5,9420
1897,840,1,0,4,9420
1898,841,1,3,3,9420
1899,842,1,46,5,9420
1900,842,1,207,8,9420
1901,842,1,21,6,9420
1902,842,1,10,8,9420
1903,843,1,110,9,9480
1904,843,1,40,6,9480
1905,844,1,374,10,9480
1906,844,1,140,8,9480
1907,845,1,64,7,9480
1908,846,1,275,3,9480
1909,847,1,361,8,9480
1910,848,1,25,10,9480
1911,849,1,485,9,9480
1912,849,1,21,7,9480
1913,850,1,15,6,9540
1914,851,1,194,6,9540
1915,852,1,14,4,9540
1916,853,1,162,6,9600
1917,853,1,30,11,9600
1918,854,1,31,6,9600
1919,855,1,468,7,9600
1920,856,1,398,6,9600
1921,857,1,218,8,9600
1922,858,1,145,4,9600
1923,858,1,127,6,9600
1924,859,1,0,8,9600
1925,860,1,13,10,9600
1926,861,1,187,10,9660
1927,862,1,97,8,9660
1928,863,1,440,6,9660
1929,864,1,97,6,9660
1930,864,1,1,12,9660
1931,865,1,0,4,9660
1932,865,1,12,6,9660
1933,865,1,32,8,9660
1934,866,1,157,8,9720
1935,866,1,8,9,9720
1936,866,1,4,6,9720
1937,866,1,22,8,9720
1938,866,1,167,7,9720
1939,866,1,12,6,9720
1940,867,1,8,3,9720
1941,868,1,308,6,9720
1942,869,1,125,10,9720
1943,870,1,458,8,9720
1944,870,1,221,10,9720
1945,871,1,5,10,9780
1946,871,1,86,1,9780
1947,871,1,24,8,9780
1948,872,1,318,10,9780
1949,872,1,6,6,9780
1950,872,1,37,11,9780
1951,872,1,57,10,9780
1952,873,1,0,6,9780
1953,873,1,5,9,9780
1954,874,1,7,3,9780
1955,874,1,113,6,9780
1956,874,1,6,6,9780
1957,874,1,10,4,9780
1958,874,1,49,12,9780
1959,874,1,251,5,9780
1960,875,1,152,10,9780
1961,876,1,91,4,9780
1962,876,1,376,1,9780
1963,877,1,74,9,9840
1964,877,1,92,9,9840
1965,877,1,20,8,9840
1966,878,1,409,11,9840
1967,879,1,21,6,9840
1968,879,1,1,5,9840
1969,880,1,283,10,9900
1970,881,1,189,1,9900
1971,881,1,12,6,9900
1972,881,1,21,6,9900
1973,881,1,0,4,9900
1974,882,1,0,4,9900
1975,882,1,13,2,9900
1976,883,1,1,6,9900
1977,883,1,123,8,9900
1978,884,1,375,2,9960
1979,884,1,29,4,9960
1980,885,1,399,8,9960
1981,886,1,22,3,9960
1982,886,1,94,9,9960
1983,887,1,37,7,9960
1984,887,1,126,9,9960
1985,888,1,57,4,9960
1986,888,1,151,4,9960
1987,889,1,455,7,9960
1988,889,1,36,8,9960
1989,890,1,267,1,9960
1990,890,1,0,6,9960
1991,891,1,18,4,10020
1992,892,1,0,5,10020
1993,893,1,69,7,10020
1994,893,1,17,8,10020
1995,893,1,109,5,10020
1996,894,1,143,6,10020
1997,894,1,1,2,10020
1998,895,1,250,12,10020
1999,896,1,144,2,10080
2000,897,1,6,2,10080
2001,897,1,288,10,10080
2002,898,1,245,2,10080
2003,898,1,37,5,10080
2004,898,1,436,3,10080
2005,898,1,36,10,10080
2006,899,1,174,10,10080
2007,899,1,17,7,10080
2008,899,1,1,9,10080
2009,900,1,183,4,10080
2010,901,1,286,2,10080
2011,902,1,4,7,10080
2012,903,1,3,9,10080
2013,903,1,24,8,10080
2014,903,1,45,8,10080
2015,903,1,492,7,10080
2016,904,1,26,4,10080
2017,904,1,3,4,10080
2018,905,1,1,6,10080
2019,905,1,4,2,10080
2020,905,1,5,6,10080
2021,906,1,43,8,10080
2022,907,1,39,4,10080
2023,907,1,45,6,10080
2024,908,1,13,2,10140
2025,909,1,232,10,10140
2026,909,1,46,8,10140
2027,909,1,47,8,10140
2028,909,1,24,2,10140
2029,909,1,9,3,10140
2030,909,1,73,9,10140
2031,909,1,3,12,10140
2032,909,1,182,7,10140
2033,910,1,52,9,10140
2034,911,1,4,5,10140
2035,912,1,29,7,10200
2036,912,1,0,4,10200
2037,913,1,37,5,10200
2038,914,1,30,11,10200
2039,915,1,2,8,10200
2040,915,1,193,8,10200
2041,916,1,174,11,10200
2042,917,1,20,4,10260
2043,917,1,212,8,10260
2044,917,1,240,8,10260
2045,917,1,2,9,10260
2046,918,1,416,6,10260
2047,919,1,17,2,10260
2048,919,1,18,3,10260
2049,920,1,1,5,10260
2050,920,1,465,6,10260
2051,921,1,15,4,10260
2052,921,1,199,8,10260
2053,922,1,22,2,10260
2054,922,1,127,6,10260
2055,922,1,92,7,10260
2056,922,1,1,10,10260
2057,922,1,94,11,10260
2058,923,1,30,6,10320
2059,923,1,396,11,10320
2060,923,1,1,7,10320
2061,923,1,22,8,10320
2062,923,1,3,8,10320
2063,924,1,44,9,10320
2064,924,1,420,8,10320
2065,925,1,205,8,10320
2066,926,1,10,2,10380
2067,927,1,21,7,10380
2068,928,1,46,10,10380
2069,928,1,1,10,10380
2070,929,1,344,2,10440
2071,930,1,36,5,10440
2072,930,1,45,4,10440
2073,930,1,223,6,10440
2074,930,1,11,8,10440
2075,930,1,10,3,10440
2076,930,1,37,8,10440
2077,931,1,10,1,10440
2078,932,1,23,8,10440
2079,933,1,41,2,10440
2080,933,1,215,8,10440
2081,934,1,145,3,10440
2082,935,1,129,8,10440
2083,935,1,170,2,10440
2084,935,1,108,8,10440
2085,935,1,345,10,10440
2086,936,1,12,12,10500
2087,936,1,42,6,10500
2088,936,1,15,6,10500
2089,937,1,11,4,10560
2090,937,1,279,6,10560
2091,938,1,220,5,10560
2092,938,1,0,2,10560
2093,938,1,322,5,10560
2094,938,1,95,10,10560
2095,938,1,123,4,10560
2096,939,1,88,9,10560
2097,939,1,28,6,10560
2098,939,1,20,10,10560
2099,940,1,115,4,10560
2100,940,1,117,11,10560
2101,940,1,153,9,10560
2102,940,1,9,3,10560
2103,941,1,147,6,10560
2104,942,1,197,6,10560
2105,942,1,10,8,10560
2106,942,1,96,8,10560
2107,942,1,1,5,10560
2108,942,1,16,6,10560
2109,943,1,0,5,10620
2110,944,1,468,3,10620
2111,944,1,384,7,10620
2112,944,1,85,7,10620
2113,944,1,28,4,10620
2114,944,1,55,7,10620
2115,944,1,111,5,10620
2116,945,1,11,4,10620
2117,945,1,243,3,10620
2118,946,1,103,8,10620
2119,947,1,15,8,10620
2120,948,1,0,6,10620
2121,949,1,40,8,10620
2122,950,1,26,6,10680
2123,950,1,15,7,10680
2124,950,1,401,7,10680
2125,950,1,49,6,10680
2126,951,1,50,11,10680
2127,952,1,4,8,10680
2128,953,1,199,2,10740
2129,953,1,35,3,10740
2130,953,1,171,5,10740
2131,953,1,0,2,10740
2132,953,1,499,10,10740
2133,953,1,141,10,10740
2134,954,1,40,6,10740
2135,955,1,33,9,10740
2136,956,1,97,7,10740
2137,956,1,92,5,10740
2138,957,1,69,10,10740
2139,957,1,5,10,10740
2140,958,1,339,9,10740
2141,958,1,16,7,10740
2142,958,1,0,12,10740
2143,959,1,16,6,10800
2144,959,1,76,1,10800
2145,959,1,106,10,10800
2146,959,1,0,4,10800
2147,959,1,115,3,10800
2148,960,1,235,9,10800
2149,960,1,156,1,10800
2150,961,1,44,10,10860
2151,961,1,1,5,10860
2152,961,1,65,10,10860
2153,961,1,2,4,10860
2154,961,1,48,2,10860
2155,961,1,18,9,10860
2156,961,1,29,7,10860
2157,961,1,131,6,10860
2158,961,1,4,6,10860
2159,961,1,30,5,10860
2160,962,1,52,9,10860
2161,963,1,463,12,10860
2162,963,1,369,10,10860
2163,964,1,499,8,10920
2164,965,1,17,9,10920
2165,966,1,103,10,10920
2166,967,1,480,5,10920
2167,967,1,32,9,10920
2168,967,1,440,7,10920
2169,967,1,141,3,10920
2170,968,1,150,10,10920
2171,969,1,155,6,10980
2172,969,1,2,8,10980
2173,969,1,9,10,10980
2174,969,1,8,8,10980
2175,970,1,327,1,10980
2176,971,1,160,10,10980
2177,971,1,483,10,10980
2178,972,1,160,4,10980
2179,972,1,294,2,10980
2180,973,1,10,6,10980
2181,974,1,117,7,10980
2182,974,1,9,6,10980
2183,975,1,162,8,11040
2184,976,1,152,6,11040
2185,977,1,44,4,11100
2186,978,1,51,8,11100
2187,979,1,347,3,11100
2188,980,1,4,5,11100
2189,981,1,79,3,11100
2190,981,1,143,4,11100
2191,981,1,0,7,11100
2192,981,1,190,8,11100
2193,981,1,93,12,11100
2194,981,1,49,8,11100
2195,981,1,160,9,11100
2196,982,1,8,8,11100
2197,982,1,321,4,11100
2198,983,1,468,6,11100
2199,984,1,210,10,11100
2200,985,1,274,2,11100
2201,985,1,32,8,11100
2202,986,1,17,8,11160
2203,987,1,182,6,11160
2204,988,1,22,4,11160
2205,989,1,249,4,11220
2206,989,1,8,7,11220
2207,989,1,15,6,11220
2208,990,1,9,8,11220
2209,990,1,253,6,11220
2210,991,1,15,6,11220
2211,991,1,186,8,11220
2212,991,1,3,8,11220
2213,992,1,18,8,11280
2214,993,1,429,8,11280
2215,994,1,33,4,11280
2216,994,1,3,8,11280
2217,994,1,42,6,11280
2218,995,1,16,2,11280
2219,996,1,164,8,11280
2220,997,1,9,8,11280
2221,997,1,74,7,11280
2222,998,1,131,8,11340
2223,999,1,386,8,11340
2224,1000,1,150,4,11340
2225,1000,1,76,8,11340
2226,1000,1,248,4,11340
2227,1001,1,299,3,11340
2228,1001,1,3,10,11340
2229,1001,1,14,4,11340
2230,1002,1,3,12,11340
2231,1002,1,5,3,11340
2232,1002,1,36,3,11340
2233,1002,1,63,8,11340
2234,1002,1,143,4,11340
2235,1002,1,465,4,11340
2236,1002,1,8,4,11340
2237,1002,1,392,12,11340
2238,1003,1,47,10,11340
2239,1003,1,148,6,11340
2240,1003,1,321,2,11340
2241,1004,1,39,4,11340
2242,1005,1,41,8,11400
2243,1006,1,13,6,11400
2244,1007,1,6,8,11400
2245,1007,1,21,8,11400
2246,1007,1,28,10,11400
2247,1007,1,4,8,11400
2248,1008,1,384,6,11400
2249,1009,1,127,7,11400
2250,1010,1,9,5,11460
2251,1010,1,3,7,11460
2252,1011,1,128,6,11460
2253,1012,1,32,9,11460
2254,1013,1,127,8,11460
2255,1013,1,16,8,11460
2256,1014,1,375,6,11460
2257,1014,1,1,6,11460
2258,1014,1,241,1,11460
2259,1014,1,18,6,11460
2260,1014,1,232,6,11460
2261,1015,1,15,7,11460
2262,1016,1,126,7,11520
2263,1016,1,435,6,11520
2264,1016,1,67,2,11520
2265,1016,1,77,2,11520
2266,1016,1,42,8,11520
2267,1016,1,396,10,11520
2268,1016,1,25,6,11520
2269,1017,1,2,12,11520
2270,1018,1,23,2,11520
2271,1018,1,18,12,11520
2272,1019,1,388,5,11520
2273,1019,1,32,9,11520
2274,1019,1,9,2,11520
2275,1019,1,91,8,11520
2276,1020,1,48,10,11580
2277,1021,1,37,6,11580
2278,1022,1,265,6,11640
2279,1022,1,101,8,11640
2280,1023,1,243,2,11640
2281,1023,1,117,2,11640
2282,1024,1,42,4,11640
2283,1025,1,85,8,11640
2284,1026,1,206,6,11700
2285,1026,1,81,12,11700
2286,1026,1,14,9,11700
2287,1026,1,45,12,11700
2288,1027,1,10,6,11700
2289,1027,1,108,11,11700
2290,1028,1,16,3,11700
2291,1028,1,103,8,11700
2292,1029,1,77,12,11760
2293,1030,1,286,6,11760
2294,1031,1,237,9,11760
2295,1032,1,92,8,11760
2296,1032,1,22,10,11760
2297,1032,1,352,2,11760
2298,1032,1,216,5,11760
2299,1033,1,133,8,11760
2300,1033,1,36,8,11760
2301,1033,1,13,5,11760
2302,1034,1,10,9,11760
2303,1034,1,147,8,11760
2304,1035,1,36,1,11760
2305,1035,1,20,8,11760
2306,1035,1,29,8,11760
2307,1035,1,89,4,11760
2308,1036,1,46,6,11760
2309,1037,1,184,10,11760
2310,1038,1,0,4,11760
2311,1039,1,11,1,11820
2312,1040,1,144,8,11820
2313,1041,1,42,9,11820
2314,1042,1,10,8,11820
2315,1042,1,178,6,11820
2316,1043,1,133,6,11820
2317,1044,1,7,8,11820
2318,1044,1,61,1,11820
2319,1044,1,86,7,11820
2320,1045,1,25,8,11880
2321,1045,1,4,10,11880
2322,1045,1,200,1,11880
2323,1045,1,13,5,11880
2324,1045,1,166,2,11880
2325,1046,1,40,6,11880
2326,1047,1,24,3,11940
2327,1048,1,63,7,11940
2328,1048,1,1,4,11940
2329,1049,1,2,6,11940
2330,1050,1,7,12,11940
2331,1051,1,0,6,11940
2332,1051,1,32,3,11940
2333,1051,1,327,3,11940
2334,1051,1,275,4,11940
2335,1052,1,345,10,12000
2336,1053,1,2,10,12000
2337,1054,1,292,5,12000
2338,1055,1,0,2,12000
2339,1055,1,315,9,12000
2340,1055,1,364,7,12000
2341,1056,1,22,10,12060
2342,1056,1,133,6,12060
2343,1057,1,7,10,12060
2344,1057,1,85,5,12060
2345,1057,1,31,5,12060
2346,1058,1,52,10,12060
2347,1058,1,128,4,12060
2348,1059,1,336,8,12060
2349,1060,1,276,4,12120
2350,1061,1,136,3,12120
2351,1061,1,431,9,12120
2352,1061,1,447,9,12120
2353,1062,1,23,10,12120
2354,1062,1,79,6,12120
2355,1063,1,51,11,12120
2356,1063,1,49,10,12120
2357,1064,1,28,2,12180
2358,1064,1,19,5,12180
2359,1065,1,32,11,12240
2360,1066,1,126,4,12240
2361,1066,1,38,3,12240
2362,1067,1,416,2,12240
2363,1068,1,141,3,12240
2364,1068,1,20,2,12240
2365,1069,1,0,2,12240
2366,1069,1,35,5,12240
2367,1069,1,192,10,12240
2368,1069,1,40,4,12240
2369,1069,1,10,6,12240
2370,1070,1,14,2,12240
2371,1071,1,2,4,12300
2372,1072,1,1,5,12300
2373,1073,1,58,12,12360
2374,1074,1,137,5,12360
2375,1074,1,471,4,12360
2376,1075,1,0,8,12360
2377,1075,1,156,6,12360
2378,1075,1,132,9,12360
2379,1075,1,6,8,12360
2380,1076,1,333,4,12360
2381,1076,1,17,6,12360
2382,1077,1,98,12,12360
2383,1078,1,343,7,12360
2384,1079,1,77,6,12360
2385,1079,1,1,8,12360
2386,1079,1,11,4,12360
2387,1080,1,39,12,12420
2388,1081,1,66,6,12420
2389,1082,1,1,10,12420
2390,1083,1,275,6,12420
2391,1083,1,27,6,12420
2392,1083,1,73,6,12420
2393,1083,1,22,6,12420
2394,1084,1,13,8,12480
2395,1084,1,165,9,12480
2396,1084,1,306,12,12480
2397,1085,1,8,10,12480
2398,1086,1,175,7,12480
2399,1087,1,420,12,12480
2400,1088,1,13,6,12480
2401,1088,1,44,9,12480
2402,1088,1,23,2,12480
2403,1088,1,34,2,12480
2404,1089,1,53,8,12480
2405,1090,1,40,6,12480
2406,1090,1,473,4,12480
2407,1091,1,9,9,12480
2408,1091,1,2,10,12480
2409,1092,1,4,8,12480
2410,1093,1,47,6,12540
2411,1094,1,13,9,12540
2412,1094,1,67,2,12540
2413,1095,1,53,5,12540
2414,1096,1,152,8,12540
2415,1096,1,3,8,12540
2416,1096,1,104,8,12540
2417,1097,1,11,4,12540
2418,1097,1,0,7,12540
2419,1097,1,14,11,12540
2420,1097,1,50,9,12540
2421,1098,1,0,10,12600
2422,1098,1,114,2,12600
2423,1098,1,12,5,12600
2424,1098,1,38,8,12600
2425,1098,1,110,10,12600
2426,1098,1,3,6,12600
2427,1099,1,8,12,12600
2428,1100,1,17,8,12600
2429,1100,1,4,11,12600
2430,1101,1,148,8,12600
2431,1101,1,405,2,12600
2432,1101,1,77,8,12600
2433,1102,1,25,8,12660
2434,1103,1,174,12,12660
2435,1104,1,416,12,12660
2436,1104,1,40,5,12660
2437,1105,1,366,3,12660
2438,1106,1,46,4,12660
2439,1106,1,73,8,12660
2440,1107,1,245,8,12720
2441,1108,1,29,9,12720
2442,1108,1,65,3,12720
2443,1109,1,49,8,12720
2444,1109,1,14,6,12720
2445,1109,1,391,2,12720
2446,1110,1,19,6,12720
2447,1110,1,359,4,12720
2448,1111,1,291,6,12780
2449,1111,1,448,6,12780
2450,1111,1,136,7,12780
2451,1111,1,45,10,12780
2452,1111,1,48,2,12780
2453,1112,1,155,7,12780
2454,1112,1,10,8,12780
2455,1112,1,26,6,12780
2456,1113,1,3,6,12780
2457,1114,1,290,11,12780
2458,1115,1,131,2,12780
2459,1115,1,320,8,12780
2460,1115,1,12,6,12780
2461,1116,1,9,8,12840
2462,1117,1,372,7,12840
2463,1117,1,6,4,12840
2464,1118,1,48,4,12840
2465,1118,1,97,10,12840
2466,1118,1,85,7,12840
2467,1119,1,496,9,12840
2468,1120,1,440,10,12840
2469,1120,1,155,12,12840
2470,1121,1,451,4,12840
2471,1121,1,104,10,12840
2472,1122,1,50,10,12900
2473,1123,1,337,8,12900
2474,1124,1,254,6,12900
2475,1124,1,99,4,12900
2476,1124,1,392,3,12900
2477,1125,1,2,10,12900
2478,1126,1,12,9,12900
2479,1126,1,211,8,12900
2480,1126,1,39,10,12900
2481,1126,1,80,5,12900
2482,1126,1,96,11,12900
2483,1126,1,68,9,12900
2484,1126,1,404,8,12900
2485,1126,1,4,1,12900
2486,1127,1,147,10,12960
2487,1127,1,74,3,12960
2488,1128,1,340,6,12960
2489,1129,1,30,2,12960
2490,1130,1,144,7,12960
2491,1130,1,226,4,12960
2492,1130,1,145,7,12960
2493,1131,1,19,8,13020
2494,1131,1,34,8,13020
2495,1132,1,70,12,13020
2496,1132,1,114,2,13020
2497,1133,1,417,8,13020
2498,1133,1,12,2,13020
2499,1133,1,123,3,13020
2500,1133,1,52,11,13020
2501,1133,1,25,10,13020
2502,1133,1,442,9,13020
2503,1134,1,25,6,13020
2504,1135,1,23,2,13020
2505,1136,1,7,6,13020
2506,1137,1,335,7,13080
2507,1137,1,164,4,13080
2508,1138,1,35,2,13080
2509,1138,1,40,4,13080
2510,1139,1,308,4,13080
2511,1140,1,44,8,13080
2512,1141,1,158,5,13080
2513,1141,1,127,10,13080
2514,1141,1,145,7,13080
2515,1142,1,84,4,13080
2516,1143,1,259,4,13140
2517,1143,1,42,6,13140
2518,1143,1,102,5,13140
2519,1143,1,132,3,13140
2520,1143,1,99,8,13140
2521,1143,1,186,4,13140
2522,1143,1,26,8,13140
2523,1144,1,109,8,13140
2524,1145,1,32,10,13140
2525,1146,1,78,5,13140
2526,1147,1,10,9,13140
2527,1147,1,77,10,13140
2528,1147,1,34,10,13140
2529,1148,1,489,9,13140
2530,1148,1,52,10,13140
2531,1149,1,219,2,13140
2532,1149,1,136,11,13140
2533,1150,1,20,8,13140
2534,1151,1,0,5,13140
2535,1151,1,100,11,13140
2536,1151,1,248,9,13140
2537,1152,1,272,8,13200
2538,1152,1,450,10,13200
2539,1152,1,386,11,13200
2540,1153,1,17,6,13200
2541,1154,1,37,7,13200
2542,1154,1,105,12,13200
2543,1154,1,229,6,13200
2544,1155,1,0,7,13260
2545,1155,1,193,4,13260
2546,1156,1,252,2,13260
2547,1157,1,333,10,13260
2548,1158,1,339,5,13320
2549,1159,1,30,6,13320
2550,1160,1,456,5,13320
2551,1161,1,2,6,13320
2552,1162,1,2,1,13380
2553,1163,1,76,5,13380
2554,1164,1,11,9,13380
2555,1164,1,0,10,13380
2556,1165,1,355,7,13380
2557,1166,1,33,3,13380
2558,1166,1,185,6,13380
2559,1166,1,14,10,13380
2560,1166,1,12,7,13380
2561,1167,1,106,8,13380
2562,1168,1,7,4,13440
2563,1168,1,27,11,13440
2564,1169,1,277,5,13440
2565,1169,1,35,7,13440
2566,1169,1,164,6,13440
2567,1169,1,107,8,13440
2568,1169,1,219,10,13440
2569,1169,1,39,4,13440
2570,1170,1,9,4,13440
2571,1171,1,37,4,13440
2572,1171,1,17,2,13440
2573,1171,1,425,1,13440
2574,1172,1,37,8,13500
2575,1173,1,22,8,13500
2576,1174,1,4,12,13500
2577,1175,1,7,1,13500
2578,1176,1,321,8,13560
2579,1176,1,21,11,13560
2580,1177,1,31,9,13560
2581,1178,1,13,1,13560
2582,1178,1,26,1,13560
2583,1178,1,188,9,13560
2584,1179,1,24,4,13560
2585,1179,1,46,5,13560
2586,1179,1,260,6,13560
2587,1179,1,77,7,13560
2588,1179,1,4,6,13560
2589,1180,1,85,4,13620
2590,1180,1,476,12,13620
2591,1181,1,414,11,13620
2592,1181,1,1,10,13620
2593,1181,1,467,6,13620
2594,1182,1,79,9,13620
2595,1182,1,51,10,13620
2596,1182,1,227,10,13620
2597,1183,1,66,3,13620
2598,1184,1,196,6,13620
2599,1185,1,234,7,13620
2600,1186,1,174,2,13620
2601,1187,1,59,3,13620
2602,1188,1,49,3,13620
2603,1188,1,19,4,13620
2604,1188,1,38,3,13620
2605,1188,1,8,5,13620
2606,1188,1,103,6,13620
2607,1189,1,488,2,13620
2608,1189,1,2,8,13620
2609,1190,1,10,2,13620
2610,1191,1,94,12,13620
2611,1192,1,48,3,13620
2612,1193,1,42,6,13620
2613,1194,1,10,4,13680
2614,1194,1,116,10,13680
2615,1194,1,12,8,13680
2616,1194,1,39,6,13680
2617,1194,1,1,8,13680
2618,1194,1,25,5,13680
2619,1194,1,230,10,13680
2620,1195,1,43,4,13680
2621,1196,1,198,7,13680
2622,1197,1,39,6,13680
2623,1198,1,17,4,13680
2624,1199,1,83,2,13680
2625,1199,1,145,8,13680
2626,1199,1,404,8,13680
2627,1200,1,0,3,13740
2628,1200,1,41,6,13740
2629,1201,1,28,8,13740
2630,1202,1,24,8,13740
2631,1203,1,318,10,13740
2632,1203,1,230,3,13740
2633,1203,1,73,6,13740
2634,1204,1,31,6,13740
2635,1204,1,9,2,13740
2636,1205,1,68,5,13800
2637,1206,1,64,5,13800
2638,1207,1,14,8,13800
2639,1208,1,429,4,13800
2640,1208,1,239,3,13800
2641,1208,1,42,2,13800
2642,1209,1,17,7,13800
2643,1209,1,89,5,13800
2644,1210,1,9,5,13800
2645,1210,1,98,12,13800
2646,1211,1,415,5,13860
2647,1212,1,41,6,13860
2648,1212,1,33,12,13860
2649,1212,1,12,9,13860
2650,1213,1,71,6,13860
2651,1214,1,231,9,13920
2652,1214,1,48,3,13920
2653,1215,1,217,6,13920
2654,1215,1,61,10,13920
2655,1216,1,218,4,13980
2656,1217,1,45,6,13980
2657,1217,1,15,4,13980
2658,1218,1,130,5,13980
2659,1219,1,33,4,13980
2660,1220,1,15,3,13980
2661,1220,1,1,9,13980
2662,1221,1,5,8,13980
2663,1222,1,41,6,14040
2664,1223,1,59,8,14040
2665,1223,1,206,11,14040
2666,1223,1,140,6,14040
2667,1223,1,194,6,14040
2668,1223,1,25,4,14040
2669,1224,1,237,9,14040
2670,1225,1,269,6,14040
2671,1226,1,424,4,14100
2672,1226,1,169,6,14100
2673,1226,1,86,6,14100
2674,1226,1,4,5,14100
2675,1226,1,29,8,14100
2676,1227,1,2,10,14100
2677,1228,1,83,8,14100
2678,1229,1,46,11,14100
2679,1229,1,10,6,14100
2680,1230,1,207,1,14100
2681,1230,1,14,8,14100
2682,1231,1,14,5,14100
2683,1231,1,1,6,14100
2684,1232,1,153,12,14100
2685,1233,1,16,9,14100
2686,1233,1,41,2,14100
2687,1234,1,115,8,14160
2688,1234,1,54,8,14160
2689,1235,1,43,10,14160
2690,1235,1,157,10,14160
2691,1236,1,9,8,14160
2692,1236,1,163,6,14160
2693,1237,1,31,3,14160
2694,1237,1,14,7,14160
2695,1237,1,30,10,14160
2696,1237,1,26,12,14160
2697,1237,1,5,6,14160
2698,1238,1,24,3,14160
2699,1239,1,28,6,14160
2700,1240,1,105,11,14220
2701,1241,1,5,3,14220
2702,1242,1,78,3,14220
2703,1242,1,171,2,14220
2704,1243,1,8,6,14220
2705,1244,1,177,9,14220
2706,1244,1,130,6,14220
2707,1245,1,74,6,14220
2708,1245,1,11,5,14220
2709,1245,1,10,9,14220
2710,1245,1,16,10,14220
2711,1245,1,478,8,14220
2712,1246,1,123,1,14220
2713,1247,1,23,5,14220
2714,1248,1,47,3,14220
2715,1249,1,312,6,14220
2716,1250,1,6,8,14280
2717,1250,1,40,5,14280
2718,1251,1,44,10,14280
2719,1251,1,74,8,14280
2720,1252,1,183,6,14280
2721,1252,1,28,10,14280
2722,1253,1,37,6,14280
2723,1253,1,4,12,14280
2724,1254,1,56,4,14280
2725,1255,1,103,6,14280
2726,1255,1,6,4,14280
2727,1255,1,77,12,14280
2728,1255,1,8,10,14280
2729,1256,1,22,7,14340
2730,1256,1,396,4,14340
2731,1257,1,63,9,14340
2732,1257,1,0,12,14340
2733,1257,1,377,2,14340
2734,1257,1,11,6,14340
2735,1258,1,28,7,14340
2736,1259,1,9,3,14340
2737,1259,1,266,5,14340
2738,1260,1,0,12,14340
2739,1261,1,30,8,14400
2740,1261,1,481,6,14400
2741,1262,1,320,5,14400
2742,1263,1,18,4,14400
2743,1263,1,61,10,14400
2744,1264,1,20,8,14460
2745,1265,1,5,7,14460
2746,1266,1,30,7,14460
2747,1266,1,0,4,14460
2748,1267,1,17,2,14460
2749,1267,1,3,4,14460
2750,1267,1,172,4,14460
2751,1267,1,71,3,14460
2752,1267,1,55,10,14460
2753,1268,1,159,3,14520
2754,1268,1,121,8,14520
2755,1268,1,119,4,14520
2756,1269,1,226,4,14520
2757,1270,1,2,3,14520
2758,1271,1,97,4,14580
2759,1272,1,10,1,14580
2760,1272,1,37,10,14580
2761,1273,1,0,12,14640
2762,1274,1,337,8,14640
2763,1274,1,1,4,14640
2764,1275,1,344,2,14640
2765,1276,1,6,4,14640
2766,1276,1,24,10,14640
2767,1277,1,401,2,14700
2768,1277,1,34,6,14700
2769,1278,1,294,9,14700
2770,1278,1,16,12,14700
2771,1279,1,356,8,14700
2772,1279,1,3,4,14700
2773,1280,1,87,3,14760
2774,1280,1,6,5,14760
2775,1281,1,40,5,14760
2776,1281,1,12,6,14760
2777,1281,1,8,7,14760
2778,1282,1,36,3,14760
2779,1282,1,283,6,14760
2780,1282,1,18,6,14760
2781,1283,1,69,8,14820
2782,1284,1,68,5,14820
2783,1285,1,68,7,14820
2784,1286,1,202,6,14820
2785,1286,1,490,8,14820
2786,1287,1,91,7,14880
2787,1288,1,205,8,14880
2788,1289,1,142,6,14880
2789,1290,1,23,8,14880
2790,1291,1,109,2,14880
2791,1292,1,52,6,14880
2792,1293,1,3,10,14940
2793,1294,1,478,5,14940
2794,1295,1,140,7,14940
2795,1296,1,13,3,14940
2796,1296,1,66,4,14940
2797,1296,1,1,8,14940
2798,1296,1,20,5,14940
2799,1296,1,40,5,14940
2800,1296,1,9,4,14940
2801,1296,1,12,8,14940
2802,1296,1,8,2,14940
2803,1296,1,168,9,14940
2804,1296,1,154,4,14940
2805,1296,1,47,7,14940
2806,1296,1,4,12,14940
2807,1296,1,105,6,14940
2808,1297,1,0,10,15000
2809,1297,1,30,6,15000
2810,1297,1,172,1,15000
2811,1298,1,205,6,15000
2812,1299,1,41,9,15000
2813,1299,1,18,6,15000
2814,1299,1,2,9,15000
2815,1300,1,5,10,15000
2816,1300,1,1,6,15000
2817,1301,1,150,6,15000
2818,1302,1,28,10,15060
2819,1302,1,35,5,15060
2820,1302,1,16,1,15060
2821,1302,1,3,2,15060
2822,1303,1,76,4,15060
2823,1303,1,0,5,15060
2824,1303,1,25,3,15060
2825,1303,1,1,6,15060
2826,1303,1,292,9,15060
2827,1303,1,205,9,15060
2828,1304,1,38,6,15060
2829,1304,1,0,10,15060
2830,1304,1,141,6,15060
2831,1305,1,1,5,15060
2832,1306,1,69,8,15060
2833,1306,1,295,10,15060
2834,1307,1,2,6,15060
2835,1308,1,75,12,15120
2836,1308,1,39,8,15120
2837,1309,1,159,5,15120
2838,1310,1,291,3,15120
2839,1311,1,282,10,15120
2840,1311,1,90,10,15120
2841,1312,1,1,11,15120
2842,1313,1,4,12,15120
2843,1313,1,363,10,15120
2844,1313,1,0,2,15120
2845,1313,1,23,11,15120
2846,1313,1,69,12,15120
2847,1313,1,216,7,15120
2848,1313,1,473,5,15120
2849,1314,1,6,2,15120
2850,1315,1,341,6,15120
2851,1315,1,19,3,15120
2852,1315,1,8,9,15120
2853,1315,1,195,6,15120
2854,1316,1,200,8,15120
2855,1317,1,261,3,15180
2856,1318,1,207,4,15180
2857,1319,1,291,4,15180
2858,1319,1,11,8,15180
2859,1319,1,4,3,15180
2860,1320,1,377,6,15180
2861,1320,1,20,2,15180
2862,1321,1,203,10,15180
2863,1322,1,33,8,15180
2864,1322,1,188,6,15180
2865,1323,1,46,9,15180
2866,1324,1,338,5,15180
2867,1325,1,102,10,15180
2868,1326,1,153,8,15240
2869,1326,1,72,10,15240
2870,1327,1,78,9,15240
2871,1327,1,181,10,15240
2872,1328,1,2,3,15240
2873,1328,1,36,2,15240
2874,1328,1,52,7,15240
2875,1328,1,33,4,15240
2876,1329,1,2,7,15240
2877,1329,1,148,2,15240
2878,1329,1,1,8,15240
2879,1329,1,158,4,15240
2880,1330,1,253,5,15300
2881,1331,1,180,6,15300
2882,1331,1,110,8,15300
2883,1332,1,113,10,15300
2884,1333,1,102,3,15300
2885,1333,1,97,8,15300
2886,1333,1,7,12,15300
2887,1334,1,18,6,15300
2888,1335,1,24,8,15300
2889,1336,1,24,6,15300
2890,1336,1,20,6,15300
2891,1337,1,223,4,15300
2892,1337,1,369,8,15300
2893,1337,1,4,10,15300
2894,1337,1,15,5,15300
2895,1338,1,2,6,15300
2896,1338,1,17,8,15300
2897,1339,1,7,1,15300
2898,1340,1,12,11,15300
2899,1340,1,86,6,15300
2900,1340,1,13,6,15300
2901,1341,1,435,4,15300
2902,1342,1,8,6,15360
2903,1343,1,7,5,15360
2904,1344,1,181,4,15360
2905,1344,1,7,9,15360
2906,1344,1,15,10,15360
2907,1344,1,84,4,15360
2908,1344,1,94,8,15360
2909,1344,1,282,8,15360
2910,1344,1,47,9,15360
2911,1344,1,306,12,15360
2912,1345,1,6,6,15360
2913,1346,1,212,8,15420
2914,1347,1,4,2,15480
2915,1348,1,0,4,15480
2916,1348,1,140,8,15480
2917,1349,1,31,8,15480
2918,1349,1,22,2,15480
2919,1350,1,168,6,15540
2920,1351,1,179,3,15540
2921,1351,1,124,9,15540
2922,1352,1,11,6,15600
2923,1352,1,56,10,15600
2924,1352,1,1,12,15600
2925,1353,1,8,5,15600
2926,1353,1,72,4,15600
2927,1354,1,35,7,15600
2928,1355,1,467,8,15600
2929,1356,1,195,4,15600
2930,1356,1,48,2,15600
2931,1356,1,182,6,15600
2932,1357,1,35,12,15600
2933,1358,1,7,9,15600
2934,1358,1,380,10,15600
2935,1359,1,28,6,15660
2936,1359,1,111,8,15660
2937,1360,1,235,10,15660
2938,1361,1,20,6,15660
2939,1362,1,1,4,15660
2940,1363,1,35,6,15720
2941,1363,1,47,4,15720
2942,1363,1,79,6,15720
2943,1364,1,140,10,15720
2944,1364,1,36,8,15720
2945,1364,1,347,12,15720
2946,1365,1,14,4,15720
2947,1366,1,60,7,15720
2948,1366,1,138,12,15720
2949,1366,1,1,10,15720
2950,1366,1,408,6,15720
2951,1367,1,45,2,15720
2952,1367,1,239,10,15720
2953,1367,1,54,4,15720
2954,1368,1,32,3,15720
2955,1368,1,227,6,15720
2956,1369,1,312,6,15720
2957,1370,1,15,6,15780
2958,1371,1,92,8,15780
2959,1371,1,167,2,15780
2960,1372,1,415,6,15780
2961,1372,1,46,12,15780
2962,1372,1,1,5,15780
2963,1372,1,11,9,15780
2964,1373,1,42,6,15780
2965,1373,1,0,6,15780
2966,1373,1,67,7,15780
2967,1374,1,1,2,15780
2968,1374,1,315,5,15780
2969,1374,1,10,10,15780
2970,1374,1,158,10,15780
2971,1374,1,0,2,15780
2972,1375,1,18,10,15780
2973,1375,1,42,5,15780
2974,1375,1,47,4,15780
2975,1375,1,122,3,15780
2976,1375,1,25,11,15780
2977,1376,1,23,9,15840
2978,1376,1,491,4,15840
2979,1376,1,22,1,15840
2980,1376,1,167,8,15840
2981,1376,1,322,6,15840
2982,1376,1,41,3,15840
2983,1376,1,128,8,15840
2984,1376,1,243,9,15840
2985,1376,1,5,6,15840
2986,1377,1,48,10,15840
2987,1378,1,64,4,15840
2988,1379,1,435,5,15840
2989,1380,1,192,10,15840
2990,1380,1,4,4,15840
2991,1381,1,0,2,15840
2992,1381,1,68,6,15840
2993,1381,1,54,9,15840
2994,1382,1,454,4,15840
2995,1382,1,99,5,15840
2996,1383,1,233,7,15840
2997,1383,1,248,5,15840
2998,1383,1,6,5,15840
2999,1384,1,13,4,15840
3000,1384,1,1,10,15840
3001,1385,1,469,4,15900
3002,1386,1,36,4,15900
3003,1387,1,89,2,15900
3004,1388,1,68,8,15900
3005,1388,1,9,9,15900
3006,1389,1,13,8,15900
3007,1389,1,16,3,15900
3008,1390,1,1,2,15900
3009,1391,1,190,8,15960
3010,1391,1,387,6,15960
3011,1392,1,21,4,15960
3012,1393,1,216,6,15960
3013,1393,1,3,5,15960
3014,1394,1,44,4,15960
3015,1395,1,209,1,15960
3016,1395,1,195,12,15960
3017,1396,1,74,2,15960
3018,1396,1,4,8,15960
3019,1397,1,138,10,15960
3020,1397,1,41,6,15960
3021,1398,1,97,4,15960
3022,1399,1,6,8,15960
3023,1400,1,338,9,15960
3024,1401,1,416,4,16020
3025,1401,1,336,2,16020
3026,1402,1,27,6,16020
3027,1403,1,427,8,16020
3028,1404,1,38,12,16020
3029,1404,1,25,1,16020
3030,1404,1,39,7,16020
3031,1405,1,156,7,16080
3032,1405,1,109,11,16080
3033,1406,1,0,7,16080
3034,1407,1,14,8,16080
3035,1408,1,188,3,16080
3036,1408,1,9,7,16080
3037,1409,1,184,7,16080
3038,1410,1,24,10,16080
3039,1411,1,29,5,16140
3040,1411,1,0,5,16140
3041,1412,1,16,2,16140
3042,1413,1,38,4,16140
3043,1414,1,139,8,16140
3044,1415,1,368,7,16140
3045,1416,1,66,2,16140
3046,1417,1,39,7,16140
3047,1417,1,348,1,16140
3048,1417,1,38,8,16140
3049,1417,1,164,7,16140
3050,1417,1,42,1,16140
3051,1417,1,7,8,16140
3052,1417,1,47,6,16140
3053,1417,1,81,10,16140
3054,1417,1,18,9,16140
3055,1418,1,266,7,16140
3056,1419,1,35,4,16200
3057,1420,1,150,6,16200
3058,1420,1,390,10,16200
3059,1420,1,13,7,16200
3060,1421,1,9,10,16200
3061,1421,1,367,2,16200
3062,1422,1,36,6,16200
3063,1423,1,12,10,16200
3064,1423,1,43,2,16200
3065,1424,1,125,10,16200
3066,1424,1,1,4,16200
3067,1425,1,108,1,16200
3068,1425,1,16,7,16200
3069,1426,1,283,10,16260
3070,1427,1,29,7,16260
3071,1428,1,1,5,16260
3072,1428,1,12,8,16260
3073,1429,1,192,2,16320
3074,1430,1,106,4,16320
3075,1431,1,236,6,16320
3076,1431,1,10,10,16320
3077,1431,1,0,1,16320
3078,1432,1,197,6,16320
3079,1433,1,30,10,16320
3080,1434,1,406,4,16320
3081,1435,1,384,4,16380
3082,1436,1,17,10,16380
3083,1437,1,89,10,16380
3084,1437,1,314,9,16380
3085,1438,1,20,6,16440
3086,1439,1,5,6,16440
3087,1439,1,4,6,16440
3088,1440,1,88,10,16440
3089,1441,1,42,12,16500
3090,1442,1,15,3,16500
3091,1442,1,19,11,16500
3092,1443,1,123,4,16500
3093,1443,1,5,6,16500
3094,1443,1,29,4,16500
3095,1443,1,233,9,16500
3096,1443,1,84,7,16500
3097,1444,1,498,8,16560
3098,1445,1,243,12,16560
3099,1445,1,3,2,16560
3100,1445,1,17,6,16560
3101,1445,1,233,6,16560
3102,1446,1,6,8,16560
3103,1447,1,492,6,16620
3104,1447,1,157,6,16620
3105,1448,1,20,8,16620
3106,1448,1,77,8,16620
3107,1448,1,93,7,16620
3108,1448,1,115,9,16620
3109,1449,1,19,6,16620
3110,1449,1,161,2,16620
3111,1450,1,95,6,16620
3112,1451,1,43,4,16620
3113,1451,1,5,6,16620
3114,1452,1,22,6,16620
3115,1452,1,14,6,16620
3116,1453,1,91,8,16680
3117,1454,1,211,6,16680
3118,1455,1,109,2,16680
3119,1456,1,235,8,16680
3120,1456,1,89,10,16680
3121,1457,1,12,4,16680
3122,1458,1,472,7,16740
3123,1459,1,31,2,16740
3124,1460,1,304,5,16740
3125,1461,1,18,12,16800
3126,1461,1,34,9,16800
3127,1462,1,42,12,16800
3128,1462,1,0,10,16800
3129,1462,1,24,12,16800
3130,1463,1,391,3,16800
3131,1464,1,20,4,16800
3132,1464,1,119,4,16800
3133,1465,1,161,8,16800
3134,1466,1,390,6,16800
3135,1467,1,47,3,16860
3136,1468,1,390,4,16860
3137,1468,1,42,5,16860
3138,1468,1,183,9,16860
3139,1469,1,17,6,16860
3140,1469,1,180,7,16860
3141,1469,1,20,6,16860
3142,1470,1,10,6,16860
3143,1471,1,28,4,16860
3144,1472,1,0,6,16860
3145,1473,1,1,9,16860
3146,1474,1,23,10,16860
3147,1474,1,294,8,16860
3148,1474,1,70,6,16860
3149,1474,1,24,8,16860
3150,1475,1,12,3,16920
3151,1475,1,16,12,16920
3152,1475,1,176,8,16920
3153,1475,1,24,7,16920
3154,1475,1,89,11,16920
3155,1475,1,359,8,16920
3156,1476,1,101,9,16920
3157,1476,1,131,6,16920
3158,1476,1,44,8,16920
3159,1477,1,220,2,16920
3160,1478,1,15,10,16920
3161,1478,1,197,7,16920
3162,1478,1,10,4,16920
3163,1478,1,27,5,16920
3164,1479,1,88,6,16980
3165,1480,1,109,8,16980
3166,1480,1,193,4,16980
3167,1480,1,19,8,16980
3168,1481,1,33,4,16980
3169,1481,1,370,6,16980
3170,1482,1,105,10,16980
3171,1482,1,52,4,16980
3172,1482,1,46,8,16980
3173,1482,1,0,9,16980
3174,1483,1,367,5,16980
3175,1484,1,388,6,16980
3176,1485,1,15,3,17040
3177,1486,1,155,8,17040
3178,1487,1,1,4,17040
3179,1488,1,52,5,17040
3180,1488,1,257,8,17040
3181,1489,1,60,5,17040
3182,1490,1,92,10,17040
3183,1491,1,46,11,17100
3184,1491,1,37,7,17100
3185,1492,1,98,12,17100
3186,1492,1,87,6,17100
3187,1493,1,45,8,17100
3188,1494,1,371,3,17100
3189,1494,1,17,4,17100
3190,1494,1,80,7,17100
3191,1494,1,268,3,17100
3192,1494,1,10,8,17100
3193,1494,1,211,8,17100
3194,1494,1,457,8,17100
3195,1494,1,9,4,17100
3196,1494,1,68,4,17100
3197,1494,1,222,9,17100
3198,1495,1,17,8,17100
3199,1495,1,60,5,17100
3200,1496,1,420,7,17100
3201,1496,1,113,8,17100
3202,1496,1,40,8,17100
3203,1496,1,326,1,17100
3204,1496,1,213,6,17100
3205,1496,1,6,6,17100
3206,1497,1,46,6,17100
3207,1497,1,42,7,17100
3208,1497,1,15,6,17100
3209,1497,1,176,6,17100
3210,1498,1,3,9,17100
3211,1498,1,55,9,17100
3212,1499,1,81,10,17160
3213,1500,1,44,11,17160
3214,1501,1,0,4,17160
3215,1502,1,362,8,17160
3216,1502,1,42,8,17160
3217,1502,1,0,10,17160
3218,1502,1,430,3,17160
3219,1502,1,97,8,17160
3220,1503,1,319,7,17160
3221,1503,1,8,4,17160
3222,1503,1,50,9,17160
3223,1503,1,38,8,17160
3224,1504,1,4,6,17160
3225,1505,1,6,4,17220
3226,1506,1,362,6,17220
3227,1506,1,25,4,17220
3228,1507,1,36,7,17220
3229,1508,1,4,6,17220
3230,1508,1,108,9,17220
3231,1509,1,428,6,17220
3232,1509,1,34,4,17220
3233,1510,1,156,8,17280
3234,1510,1,2,12,17280
3235,1511,1,124,8,17280
3236,1512,1,11,6,17280
3237,1513,1,40,11,17280
3238,1513,1,381,1,17280
3239,1514,1,89,8,17280
3240,1515,1,158,6,17280
3241,1515,1,36,10,17280
3242,1516,1,143,10,17340
3243,1516,1,474,6,17340
3244,1517,1,76,7,17340
3245,1517,1,264,8,17340
3246,1517,1,113,8,17340
3247,1517,1,102,8,17340
3248,1518,1,36,7,17340
3249,1519,1,204,8,17340
3250,1519,1,101,4,17340
3251,1519,1,31,4,17340
3252,1520,1,377,7,17400
3253,1521,1,16,2,17400
3254,1521,1,37,5,17400
3255,1522,1,455,6,17400
3256,1523,1,76,5,17400
3257,1523,1,17,2,17400
3258,1524,1,91,9,17400
3259,1524,1,35,7,17400
3260,1524,1,43,5,17400
3261,1524,1,102,8,17400
3262,1525,1,326,10,17400
3263,1526,1,476,5,17460
3264,1526,1,0,10,17460
3265,1527,1,35,1,17460
3266,1527,1,120,1,17460
3267,1528,1,32,6,17460
3268,1528,1,37,10,17460
3269,1528,1,102,5,17460
3270,1529,1,205,9,17460
3271,1529,1,479,7,17460
3272,1530,1,116,7,17460
3273,1530,1,108,6,17460
3274,1530,1,11,6,17460
3275,1530,1,337,3,17460
3276,1530,1,33,8,17460
3277,1531,1,14,8,17460
3278,1532,1,19,12,17460
3279,1533,1,126,1,17460
3280,1533,1,58,8,17460
3281,1534,1,249,8,17520
3282,1535,1,23,7,17520
3283,1536,1,45,1,17520
3284,1537,1,9,3,17580
3285,1538,1,49,5,17580
3286,1538,1,30,3,17580
3287,1538,1,25,8,17580
3288,1538,1,217,10,17580
3289,1538,1,339,5,17580
3290,1538,1,18,5,17580
3291,1539,1,11,9,17580
3292,1539,1,118,9,17580
3293,1540,1,342,1,17580
3294,1540,1,328,10,17580
3295,1540,1,185,9,17580
3296,1541,1,23,8,17640
3297,1541,1,35,8,17640
3298,1541,1,45,12,17640
3299,1542,1,24,7,17640
3300,1542,1,187,9,17640
3301,1542,1,320,6,17640
3302,1543,1,1,9,17700
3303,1544,1,26,2,17700
3304,1544,1,260,5,17700
3305,1545,1,3,11,17700
3306,1545,1,27,8,17700
3307,1546,1,312,5,17700
3308,1546,1,2,8,17700
3309,1547,1,103,2,17700
3310,1548,1,6,9,17760
3311,1548,1,22,6,17760
3312,1549,1,70,6,17760
3313,1549,1,239,8,17760
3314,1549,1,92,8,17760
3315,1549,1,26,9,17760
3316,1549,1,152,8,17760
3317,1549,1,10,6,17760
3318,1550,1,8,8,17760
3319,1551,1,34,7,17760
3320,1551,1,348,2,17760
3321,1551,1,370,10,17760
3322,1552,1,6,8,17760
3323,1553,1,180,1,17760
3324,1554,1,213,10,17760
3325,1555,1,18,12,17760
3326,1555,1,21,5,17760
3327,1555,1,7,6,17760
3328,1556,1,166,8,17760
3329,1557,1,457,11,17760
3330,1557,1,36,10,17760
3331,1557,1,7,10,17760
3332,1558,1,282,7,17820
3333,1558,1,0,2,17820
3334,1558,1,84,11,17820
3335,1558,1,118,4,17820
3336,1558,1,2,3,17820
3337,1558,1,14,7,17820
3338,1558,1,49,11,17820
3339,1558,1,12,2,17820
3340,1559,1,129,12,17820
3341,1559,1,49,8,17820
3342,1560,1,144,8,17820
3343,1560,1,34,10,17820
3344,1561,1,186,10,17820
3345,1561,1,452,4,17820
3346,1562,1,376,3,17820
3347,1563,1,8,12,17880
3348,1564,1,45,2,17880
3349,1564,1,25,6,17880
3350,1565,1,144,10,17880
3351,1565,1,23,11,17880
3352,1566,1,55,10,17880
3353,1566,1,9,8,17880
3354,1566,1,1,10,17880
3355,1567,1,360,11,17880
3356,1567,1,49,2,17880
3357,1568,1,78,7,17880
3358,1569,1,205,4,17880
3359,1569,1,361,8,17880
3360,1570,1,315,7,17880
3361,1570,1,15,4,17880
3362,1571,1,0,10,17940
3363,1572,1,19,11,17940
3364,1572,1,21,8,17940
3365,1572,1,24,4,17940
3366,1573,1,6,10,18000
3367,1573,1,12,5,18000
3368,1573,1,86,7,18000
3369,1574,1,411,6,18000
3370,1575,1,2,8,18000
3371,1576,1,87,9,18000
3372,1576,1,47,12,18000
3373,1576,1,116,2,18000
3374,1577,1,10,12,18060
3375,1578,1,47,6,18060
3376,1578,1,16,4,18060
3377,1579,1,93,4,18060
3378,1579,1,30,7,18060
3379,1579,1,27,12,18060
3380,1580,1,169,4,18060
3381,1580,1,70,4,18060
3382,1580,1,266,8,18060
3383,1580,1,34,9,18060
3384,1581,1,172,6,18060
3385,1582,1,17,11,18120
3386,1582,1,258,8,18120
3387,1583,1,2,7,18120
3388,1584,1,108,11,18120
3389,1584,1,264,4,18120
3390,1584,1,34,3,18120
3391,1584,1,17,8,18120
3392,1585,1,54,6,18120
3393,1586,1,392,8,18120
3394,1587,1,15,10,18120
3395,1588,1,356,8,18120
3396,1588,1,33,6,18120
3397,1589,1,8,9,18120
3398,1590,1,169,6,18180
3399,1591,1,135,12,18180
3400,1592,1,42,10,18180
3401,1593,1,2,3,18180
3402,1594,1,13,3,18240
3403,1594,1,397,10,18240
3404,1594,1,307,8,18240
3405,1594,1,311,6,18240
3406,1595,1,343,4,18240
3407,1596,1,22,9,18240
3408,1596,1,1,10,18240
3409,1596,1,0,10,18240
3410,1597,1,95,6,18240
3411,1597,1,35,10,18240
3412,1598,1,438,9,18300
3413,1598,1,49,9,18300
3414,1599,1,1,5,18300
3415,1599,1,9,3,18300
3416,1599,1,25,7,18300
3417,1599,1,40,11,18300
3418,1600,1,13,12,18300
3419,1601,1,118,5,18360
3420,1602,1,24,6,18360
3421,1603,1,81,10,18360
3422,1604,1,33,12,18360
3423,1605,1,82,5,18360
3424,1606,1,93,10,18360
3425,1606,1,11,10,18360
3426,1606,1,87,8,18360
3427,1607,1,4,10,18360
3428,1607,1,168,2,18360
3429,1608,1,89,4,18420
3430,1609,1,16,8,18420
3431,1609,1,4,10,18420
3432,1610,1,30,6,18420
3433,1611,1,109,8,18420
3434,1612,1,169,4,18420
3435,1612,1,183,7,18420
3436,1612,1,15,9,18420
3437,1612,1,61,11,18420
3438,1613,1,5,2,18420
3439,1614,1,13,8,18420
3440,1614,1,65,6,18420
3441,1614,1,1,8,18420
3442,1615,1,86,6,18420
3443,1616,1,103,6,18420
3444,1616,1,22,9,18420
3445,1616,1,15,7,18420
3446,1616,1,391,11,18420
3447,1617,1,201,4,18420
3448,1617,1,110,10,18420
3449,1618,1,155,9,18480
3450,1618,1,116,10,18480
3451,1619,1,22,4,18480
3452,1620,1,42,10,18480
3453,1620,1,219,7,18480
3454,1620,1,79,4,18480
3455,1620,1,207,4,18480
3456,1620,1,426,10,18480
3457,1621,1,57,8,18480
3458,1622,1,49,9,18540
3459,1622,1,14,4,18540
3460,1623,1,45,6,18540
3461,1624,1,19,11,18540
3462,1625,1,297,10,18540
3463,1626,1,2,8,18540
3464,1627,1,14,10,18540
3465,1628,1,5,4,18600
3466,1628,1,18,8,18600
3467,1628,1,58,9,18600
3468,1628,1,233,10,18600
3469,1628,1,0,6,18600
3470,1628,1,230,6,18600
3471,1628,1,2,7,18600
3472,1628,1,28,5,18600
3473,1628,1,43,8,18600
3474,1629,1,131,6,18600
3475,1629,1,440,8,18600
3476,1629,1,49,9,18600
3477,1629,1,2,2,18600
3478,1630,1,8,6,18600
3479,1631,1,188,6,18600
3480,1631,1,287,4,18600
3481,1632,1,87,9,18600
3482,1632,1,111,8,18600
3483,1633,1,0,7,18660
3484,1634,1,77,11,18660
3485,1634,1,38,6,18660
3486,1635,1,47,11,18720
3487,1636,1,55,8,18720
3488,1636,1,9,8,18720
3489,1636,1,47,12,18720
3490,1637,1,23,4,18840
3491,1637,1,278,4,18840
3492,1638,1,118,5,18840
3493,1638,1,394,6,18840
3494,1639,1,448,6,18840
3495,1639,1,35,11,18840
3496,1640,1,3,8,18840
3497,1641,1,178,7,18840
3498,1641,1,115,2,18840
3499,1642,1,2,6,18840
3500,1643,1,3,3,18840
3501,1643,1,16,5,18840
3502,1643,1,37,9,18840
3503,1643,1,249,12,18840
3504,1644,1,157,10,18840
3505,1644,1,193,11,18840
3506,1645,1,11,3,18840
3507,1645,1,34,5,18840
3508,1645,1,52,12,18840
3509,1645,1,314,5,18840
3510,1646,1,10,6,18900
3511,1647,1,279,6,18900
3512,1648,1,60,2,18900
3513,1648,1,107,6,18900
3514,1648,1,28,6,18900
3515,1648,1,73,5,18900
3516,1649,1,336,6,18900
3517,1650,1,37,4,18900
3518,1651,1,133,10,18900
3519,1651,1,94,9,18900
3520,1651,1,18,4,18900
3521,1651,1,11,3,18900
3522,1651,1,440,5,18900
3523,1652,1,27,1,18900
3524,1652,1,38,3,18900
3525,1653,1,74,7,18900
3526,1653,1,14,9,18900
3527,1654,1,32,10,18900
3528,1655,1,33,5,18900
3529,1655,1,19,6,18900
3530,1655,1,179,9,18900
3531,1655,1,183,11,18900
3532,1655,1,8,10,18900
3533,1655,1,62,8,18900
3534,1655,1,1,6,18900
3535,1656,1,132,10,18900
3536,1657,1,130,6,18960
3537,1658,1,22,4,18960
3538,1659,1,303,8,18960
3539,1659,1,128,4,18960
3540,1659,1,35,9,18960
3541,1660,1,27,4,19020
3542,1661,1,82,7,19020
3543,1662,1,196,6,19020
3544,1663,1,89,10,19020
3545,1664,1,139,10,19020
3546,1665,1,26,7,19020
3547,1665,1,9,2,19020
3548,1665,1,95,11,19020
3549,1666,1,25,7,19020
3550,1667,1,22,8,19020
3551,1667,1,12,4,19020
3552,1668,1,270,9,19020
3553,1669,1,115,12,19020
3554,1669,1,20,2,19020
3555,1670,1,74,10,19020
3556,1670,1,49,5,19020
3557,1670,1,184,6,19020
3558,1670,1,16,2,19020
3559,1670,1,47,8,19020
3560,1671,1,446,8,19020
3561,1672,1,187,6,19020
3562,1673,1,6,2,19080
3563,1674,1,2,9,19080
3564,1674,1,4,9,19080
3565,1675,1,144,5,19080
3566,1676,1,99,2,19080
3567,1677,1,44,7,19140
3568,1677,1,9,9,19140
3569,1677,1,238,5,19140
3570,1677,1,306,11,19140
3571,1678,1,378,10,19140
3572,1679,1,54,4,19140
3573,1680,1,44,7,19140
3574,1681,1,423,6,19200
3575,1681,1,47,8,19200
3576,1681,1,186,4,19200
3577,1681,1,105,2,19200
3578,1681,1,0,10,19200
3579,1681,1,479,6,19200
3580,1681,1,1,6,19200
3581,1682,1,303,3,19200
3582,1683,1,62,8,19200
3583,1683,1,238,3,19200
3584,1684,1,33,8,19200
3585,1685,1,124,4,19260
3586,1685,1,172,3,19260
3587,1686,1,45,1,19260
3588,1686,1,2,5,19260
3589,1686,1,177,4,19260
3590,1686,1,46,5,19260
3591,1686,1,137,1,19260
3592,1686,1,209,2,19260
3593,1686,1,12,12,19260
3594,1687,1,137,7,19260
3595,1688,1,24,10,19260
3596,1689,1,327,6,19260
3597,1689,1,186,6,19260
3598,1689,1,360,12,19260
3599,1690,1,3,2,19260
3600,1691,1,334,5,19260
3601,1692,1,261,5,19260
3602,1692,1,4,10,19260
3603,1693,1,44,10,19320
3604,1693,1,4,5,19320
3605,1694,1,6,9,19320
3606,1695,1,38,2,19320
3607,1696,1,56,5,19320
3608,1697,1,12,8,19380
3609,1697,1,162,9,19380
3610,1697,1,29,4,19380
3611,1697,1,13,10,19380
3612,1698,1,294,4,19380
3613,1698,1,430,4,19380
3614,1698,1,497,11,19380
3615,1698,1,67,8,19380
3616,1699,1,79,1,19380
3617,1700,1,177,12,19380
3618,1700,1,0,7,19380
3619,1700,1,8,10,19380
3620,1701,1,73,10,19380
3621,1702,1,35,4,19380
3622,1703,1,1,6,19440
3623,1703,1,36,5,19440
3624,1703,1,25,6,19440
3625,1704,1,44,3,19440
3626,1704,1,213,6,19440
3627,1704,1,207,8,19440
3628,1704,1,6,10,19440
3629,1704,1,82,2,19440
3630,1705,1,2,4,19440
3631,1705,1,37,4,19440
3632,1706,1,153,2,19440
3633,1707,1,17,8,19440
3634,1707,1,363,2,19440
3635,1708,1,54,6,19440
3636,1709,1,247,12,19500
3637,1709,1,372,12,19500
3638,1709,1,303,1,19500
3639,1710,1,419,6,19500
3640,1711,1,56,6,19500
3641,1712,1,2,1,19500
3642,1712,1,5,10,19500
3643,1713,1,8,12,19500
3644,1713,1,190,9,19500
3645,1714,1,43,8,19500
3646,1714,1,38,5,19500
3647,1714,1,232,6,19500
3648,1714,1,120,8,19500
3649,1714,1,8,8,19500
3650,1715,1,6,4,19560
3651,1715,1,27,6,19560
3652,1715,1,32,4,19560
3653,1716,1,40,6,19560
3654,1716,1,293,6,19560
3655,1716,1,5,6,19560
3656,1716,1,69,12,19560
3657,1717,1,328,4,19560
3658,1717,1,5,8,19560
3659,1717,1,40,5,19560
3660,1717,1,1,4,19560
3661,1718,1,39,8,19560
3662,1718,1,37,6,19560
3663,1718,1,147,7,19560
3664,1718,1,214,1,19560
3665,1719,1,296,12,19620
3666,1719,1,109,8,19620
3667,1720,1,330,7,19620
3668,1721,1,407,4,19620
3669,1721,1,6,7,19620
3670,1722,1,100,3,19680
3671,1722,1,152,5,19680
3672,1722,1,76,3,19680
3673,1722,1,54,2,19680
3674,1723,1,63,7,19680
3675,1724,1,268,10,19680
3676,1725,1,108,12,19680
3677,1725,1,90,10,19680
3678,1725,1,21,3,19680
3679,1725,1,15,4,19680
3680,1725,1,12,4,19680
3681,1725,1,8,10,19680
3682,1726,1,18,4,19680
3683,1726,1,53,6,19680
3684,1726,1,97,6,19680
3685,1726,1,5,8,19680
3686,1726,1,143,8,19680
3687,1726,1,49,12,19680
3688,1727,1,491,3,19740
3689,1728,1,32,6,19740
3690,1728,1,31,11,19740
3691,1729,1,27,9,19740
3692,1730,1,176,8,19740
3693,1731,1,189,12,19740
3694,1731,1,35,9,19740
3695,1731,1,133,7,19740
3696,1731,1,157,8,19740
3697,1732,1,18,4,19800
3698,1733,1,39,8,19800
3699,1734,1,28,5,19800
3700,1734,1,60,8,19800
3701,1735,1,4,6,19800
3702,1736,1,20,2,19860
3703,1736,1,157,4,19860
3704,1736,1,161,10,19860
3705,1736,1,47,12,19860
3706,1736,1,39,8,19860
3707,1737,1,482,9,19860
3708,1737,1,0,1,19860
3709,1737,1,96,6,19860
3710,1738,1,222,4,19860
3711,1738,1,82,2,19860
3712,1739,1,8,6,19860
3713,1740,1,38,7,19860
3714,1741,1,83,6,19860
3715,1741,1,43,7,19860
3716,1741,1,158,9,19860
3717,1742,1,118,12,19860
3718,1742,1,3,4,19860
3719,1743,1,342,12,19920
3720,1743,1,23,8,19920
3721,1743,1,49,2,19920
3722,1744,1,159,8,19920
3723,1744,1,46,8,19920
3724,1745,1,42,9,19920
3725,1745,1,19,4,19920
3726,1746,1,22,4,19920
3727,1746,1,302,8,19920
3728,1746,1,3,1,19920
3729,1746,1,1,8,19920
3730,1746,1,10,7,19920
3731,1746,1,2,3,19920
3732,1746,1,333,12,19920
3733,1746,1,102,10,19920
3734,1747,1,142,8,19920
3735,1748,1,101,12,19920
3736,1749,1,56,9,19980
3737,1749,1,53,11,19980
3738,1750,1,2,8,19980
3739,1750,1,20,8,19980
3740,1751,1,41,5,19980
3741,1752,1,346,7,19980
3742,1753,1,282,8,20040
3743,1754,1,307,6,20040
3744,1754,1,45,6,20040
3745,1754,1,16,4,20040
3746,1754,1,1,10,20040
3747,1755,1,67,11,20040
3748,1755,1,65,11,20040
3749,1756,1,255,4,20040
3750,1757,1,31,10,20100
3751,1757,1,39,10,20100
3752,1758,1,70,3,20100
3753,1759,1,15,3,20100
3754,1760,1,27,9,20100
3755,1761,1,369,3,20100
3756,1761,1,238,6,20100
3757,1761,1,417,5,20100
3758,1762,1,22,6,20100
3759,1763,1,14,9,20100
3760,1763,1,68,8,20100
3761,1763,1,277,4,20100
3762,1764,1,200,6,20160
3763,1764,1,47,5,20160
3764,1765,1,3,2,20160
3765,1766,1,39,11,20160
3766,1766,1,0,12,20160
3767,1767,1,45,9,20160
3768,1767,1,76,2,20160
3769,1768,1,318,10,20160
3770,1769,1,7,6,20220
3771,1770,1,175,6,20280
3772,1771,1,144,6,20280
3773,1771,1,65,4,20280
3774,1772,1,94,7,20340
3775,1773,1,137,4,20340
3776,1773,1,19,8,20340
3777,1773,1,183,8,20340
3778,1774,1,103,6,20340
3779,1774,1,1,4,20340
3780,1774,1,20,8,20340
3781,1774,1,29,8,20340
3782,1775,1,215,7,20340
3783,1776,1,117,4,20400
3784,1777,1,8,6,20400
3785,1778,1,180,8,20400
3786,1778,1,478,8,20400
3787,1779,1,0,11,20400
3788,1779,1,188,2,20400
3789,1780,1,140,4,20400
3790,1780,1,49,12,20400
3791,1780,1,47,9,20400
3792,1780,1,71,6,20400
3793,1781,1,337,4,20400
3794,1781,1,48,10,20400
3795,1781,1,150,10,20400
3796,1781,1,11,12,20400
3797,1782,1,245,8,20400
3798,1782,1,26,5,20400
3799,1783,1,433,9,20400
3800,1783,1,22,12,20400
3801,1783,1,123,8,20400
3802,1784,1,147,4,20460
3803,1785,1,174,7,20460
3804,1786,1,25,1,20460
3805,1787,1,132,11,20520
3806,1787,1,335,6,20520
3807,1788,1,18,5,20520
3808,1788,1,234,8,20520
3809,1789,1,234,9,20520
3810,1790,1,13,6,20580
3811,1791,1,254,6,20580
3812,1791,1,296,9,20580
3813,1792,1,4,10,20580
3814,1792,1,282,6,20580
3815,1793,1,9,8,20580
3816,1794,1,21,6,20580
3817,1794,1,2,6,20580
3818,1795,1,119,10,20640
3819,1796,1,370,3,20640
3820,1796,1,468,3,20640
3821,1796,1,36,9,20640
3822,1797,1,475,9,20640
3823,1797,1,292,2,20640
3824,1797,1,20,6,20640
3825,1798,1,6,8,20640
3826,1798,1,24,6,20640
3827,1798,1,290,2,20640
3828,1799,1,33,9,20640
3829,1800,1,137,11,20640
3830,1800,1,98,8,20640
3831,1800,1,8,7,20640
3832,1801,1,98,8,20640
3833,1801,1,83,6,20640
3834,1801,1,2,8,20640
3835,1802,1,237,7,20640
3836,1803,1,443,5,20640
3837,1803,1,36,5,20640
3838,1804,1,210,8,20700
3839,1805,1,30,4,20700
3840,1805,1,296,6,20700
3841,1806,1,40,2,20700
3842,1807,1,34,2,20760
3843,1807,1,4,3,20760
3844,1808,1,0,10,20760
3845,1809,1,22,9,20760
3846,1810,1,3,8,20760
3847,1810,1,0,8,20760
3848,1810,1,14,9,20760
3849,1811,1,306,11,20760
3850,1812,1,49,6,20760
3851,1812,1,10,5,20760
3852,1812,1,2,8,20760
3853,1813,1,2,3,20820
3854,1814,1,97,10,20820
3855,1815,1,29,7,20820
3856,1815,1,0,4,20820
3857,1816,1,46,6,20820
3858,1817,1,410,6,20880
3859,1817,1,5,8,20880
3860,1817,1,165,7,20880
3861,1817,1,0,8,20880
3862,1817,1,78,6,20880
3863,1817,1,28,8,20880
3864,1818,1,13,6,20880
3865,1818,1,39,2,20880
3866,1818,1,37,6,20880
3867,1818,1,172,2,20880
3868,1819,1,13,6,20880
3869,1820,1,192,7,20880
3870,1820,1,148,9,20880
3871,1821,1,6,5,20880
3872,1821,1,28,6,20880
3873,1821,1,60,4,20880
3874,1821,1,333,10,20880
3875,1822,1,22,8,20880
3876,1823,1,87,2,20880
3877,1823,1,210,6,20880
3878,1824,1,36,6,20880
3879,1825,1,20,6,20940
3880,1825,1,180,4,20940
3881,1825,1,246,5,20940
3882,1826,1,10,8,20940
3883,1827,1,5,4,20940
3884,1827,1,28,6,20940
3885,1827,1,13,4,20940
3886,1828,1,378,8,20940
3887,1828,1,94,6,20940
3888,1828,1,100,1,20940
3889,1828,1,409,4,20940
3890,1829,1,403,2,20940
3891,1830,1,0,5,20940
3892,1830,1,107,9,20940
3893,1830,1,41,4,20940
3894,1830,1,66,10,20940
3895,1831,1,26,8,20940
3896,1832,1,16,8,21000
3897,1833,1,132,5,21000
3898,1833,1,151,9,21000
3899,1834,1,20,3,21000
3900,1835,1,34,2,21000
3901,1835,1,161,6,21000
3902,1835,1,24,5,21000
3903,1836,1,101,6,21000
3904,1836,1,143,12,21000
3905,1836,1,140,4,21000
3906,1836,1,95,4,21000
3907,1837,1,231,10,21000
3908,1837,1,4,5,21000
3909,1838,1,48,10,21000
3910,1838,1,98,8,21000
3911,1839,1,379,6,21000
3912,1840,1,49,2,21060
3913,1840,1,1,2,21060
3914,1840,1,239,7,21060
3915,1841,1,15,7,21060
3916,1842,1,489,11,21060
3917,1842,1,0,10,21060
3918,1842,1,329,10,21060
3919,1843,1,164,9,21060
3920,1844,1,48,4,21060
3921,1844,1,379,7,21060
3922,1845,1,193,6,21060
3923,1846,1,3,1,21120
3924,1847,1,9,3,21120
3925,1847,1,40,5,21120
3926,1848,1,75,10,21180
3927,1848,1,299,4,21180
3928,1849,1,5,6,21180
3929,1850,1,70,4,21180
3930,1851,1,32,9,21180
3931,1851,1,52,7,21180
3932,1851,1,28,3,21180
3933,1852,1,8,3,21180
3934,1853,1,56,10,21180
3935,1854,1,185,4,21240
3936,1855,1,3,7,21240
3937,1855,1,403,6,21240
3938,1856,1,229,5,21240
3939,1856,1,93,2,21240
3940,1856,1,123,4,21240
3941,1856,1,96,5,21240
3942,1857,1,19,6,21300
3943,1858,1,88,8,21300
3944,1859,1,94,6,21300
3945,1859,1,68,7,21300
3946,1860,1,8,8,21300
3947,1860,1,0,9,21300
3948,1860,1,36,4,21300
3949,1861,1,373,7,21300
3950,1861,1,21,1,21300
3951,1861,1,3,11,21300
3952,1862,1,255,8,21300
3953,1862,1,22,8,21300
3954,1863,1,147,11,21360
3955,1863,1,19,4,21360
3956,1864,1,176,12,21360
3957,1864,1,330,6,21360
3958,1865,1,32,5,21360
3959,1865,1,1,7,21360
3960,1866,1,9,6,21360
3961,1866,1,13,10,21360
3962,1867,1,1,10,21420
3963,1867,1,16,8,21420
3964,1868,1,12,4,21420
3965,1868,1,140,9,21420
3966,1869,1,292,3,21420
3967,1870,1,315,8,21420
3968,1871,1,42,9,21420
3969,1872,1,55,8,21420
3970,1873,1,200,2,21420
3971,1873,1,1,6,21420
3972,1874,1,217,5,21420
3973,1875,1,0,11,21480
3974,1875,1,1,11,21480
3975,1876,1,323,2,21480
3976,1877,1,327,10,21480
3977,1878,1,464,8,21480
3978,1879,1,19,9,21480
3979,1879,1,1,5,21480
3980,1879,1,12,10,21480
3981,1879,1,45,4,21480
3982,1879,1,272,11,21480
3983,1879,1,143,7,21480
3984,1879,1,43,4,21480
3985,1879,1,14,6,21480
3986,1880,1,46,5,21480
3987,1881,1,34,3,21480
3988,1882,1,47,8,21480
3989,1882,1,25,2,21480
3990,1882,1,303,7,21480
3991,1882,1,258,4,21480
3992,1883,1,20,2,21540
3993,1883,1,189,5,21540
3994,1884,1,160,8,21540
3995,1884,1,11,9,21540
3996,1885,1,66,6,21540
3997,1886,1,46,5,21540
3998,1886,1,6,10,21540
3999,1886,1,58,9,21540
4000,1887,1,2,11,21540
4001,1888,1,48,10,21540
4002,1889,1,22,7,21540
4003,1890,1,13,7,21540
4004,1890,1,81,10,21540
4005,1890,1,246,9,21540
4006,1890,1,108,10,21540
4007,1891,1,270,4,21540
4008,1892,1,0,8,21600
4009,1893,1,341,10,21600
4010,1894,1,234,4,21600
4011,1895,1,46,8,21600
4012,1895,1,6,8,21600
4013,1896,1,12,12,21600
4014,1897,1,140,3,21660
4015,1897,1,33,6,21660
4016,1898,1,4,6,21660
4017,1898,1,82,10,21660
4018,1899,1,22,7,21660
4019,1900,1,0,2,21660
4020,1901,1,452,4,21660
4021,1901,1,286,4,21660
4022,1902,1,11,7,21660
4023,1903,1,22,3,21720
4024,1903,1,167,10,21720
4025,1903,1,348,3,21720
4026,1903,1,19,10,21720
4027,1904,1,10,9,21780
4028,1904,1,46,6,21780
4029,1904,1,21,8,21780
4030,1904,1,22,6,21780
4031,1904,1,8,8,21780
4032,1904,1,49,3,21780
4033,1904,1,14,4,21780
4034,1905,1,94,6,21780
4035,1906,1,132,12,21780
4036,1907,1,180,5,21840
4037,1908,1,146,8,21840
4038,1908,1,164,4,21840
4039,1909,1,20,9,21840
4040,1909,1,167,6,21840
4041,1910,1,57,8,21840
4042,1910,1,323,8,21840
4043,1910,1,9,9,21840
4044,1910,1,20,1,21840
4045,1910,1,249,4,21840
4046,1910,1,99,6,21840
4047,1911,1,131,2,21840
4048,1912,1,202,4,21900
4049,1912,1,0,10,21900
4050,1913,1,8,6,21900
4051,1914,1,39,2,21900
4052,1915,1,239,6,21900
4053,1915,1,13,9,21900
4054,1916,1,26,7,21960
4055,1916,1,16,8,21960
4056,1917,1,126,7,21960
4057,1918,1,254,6,21960
4058,1918,1,108,5,21960
4059,1918,1,77,4,21960
4060,1919,1,142,3,21960
4061,1920,1,148,6,21960
4062,1921,1,100,7,21960
4063,1922,1,71,9,21960
4064,1922,1,247,6,21960
4065,1922,1,30,2,21960
4066,1923,1,1,12,22020
4067,1924,1,1,3,22020
4068,1924,1,152,6,22020
4069,1925,1,116,10,22020
4070,1925,1,98,4,22020
4071,1926,1,33,2,22020
4072,1926,1,177,6,22020
4073,1926,1,62,8,22020
4074,1926,1,149,10,22020
4075,1926,1,333,5,22020
4076,1926,1,1,7,22020
4077,1926,1,246,7,22020
4078,1927,1,82,8,22020
4079,1927,1,452,2,22020
4080,1927,1,23,8,22020
4081,1927,1,54,8,22020
4082,1927,1,239,4,22020
4083,1927,1,55,6,22020
4084,1927,1,410,4,22020
4085,1928,1,28,6,22080
4086,1929,1,3,11,22080
4087,1930,1,2,4,22080
4088,1931,1,59,6,22080
4089,1932,1,250,10,22080
4090,1932,1,36,12,22080
4091,1933,1,14,10,22080
4092,1934,1,104,6,22080
4093,1935,1,102,10,22080
4094,1935,1,59,10,22080
4095,1936,1,10,10,22140
4096,1936,1,17,4,22140
4097,1937,1,29,6,22140
4098,1937,1,79,7,22140
4099,1937,1,8,6,22140
4100,1938,1,99,12,22140
4101,1938,1,188,7,22140
4102,1939,1,48,10,22140
4103,1939,1,1,7,22140
4104,1940,1,284,7,22140
4105,1941,1,67,7,22200
4106,1941,1,121,12,22200
4107,1941,1,168,2,22200
4108,1942,1,1,2,22200
4109,1943,1,53,6,22200
4110,1944,1,194,2,22200
4111,1944,1,410,8,22200
4112,1944,1,474,11,22200
4113,1945,1,301,5,22260
4114,1946,1,10,9,22260
4115,1947,1,53,4,22260
4116,1947,1,117,5,22260
4117,1948,1,86,6,22260
4118,1949,1,50,6,22320
4119,1949,1,195,2,22320
4120,1950,1,261,11,22320
4121,1951,1,18,8,22320
4122,1952,1,1,8,22320
4123,1952,1,297,1,22320
4124,1953,1,260,7,22380
4125,1953,1,86,9,22380
4126,1953,1,7,2,22380
4127,1953,1,365,6,22380
4128,1953,1,50,2,22380
4129,1953,1,39,10,22380
4130,1953,1,4,6,22380
4131,1953,1,37,8,22380
4132,1954,1,4,7,22380
4133,1954,1,41,6,22380
4134,1954,1,3,5,22380
4135,1955,1,2,6,22380
4136,1956,1,94,4,22380
4137,1956,1,65,10,22380
4138,1956,1,12,3,22380
4139,1957,1,47,1,22380
4140,1958,1,100,8,22440
4141,1959,1,307,8,22440
4142,1959,1,47,5,22440
4143,1960,1,3,3,22440
4144,1961,1,60,7,22440
4145,1961,1,341,6,22440
4146,1961,1,324,6,22440
4147,1961,1,58,5,22440
4148,1961,1,326,4,22440
4149,1961,1,64,8,22440
4150,1961,1,17,10,22440
4151,1962,1,4,10,22440
4152,1962,1,49,8,22440
4153,1963,1,473,4,22440
4154,1963,1,16,8,22440
4155,1963,1,204,3,22440
4156,1963,1,231,4,22440
4157,1964,1,11,12,22500
4158,1965,1,345,7,22500
4159,1965,1,448,10,22500
4160,1966,1,73,10,22500
4161,1966,1,151,6,22500
4162,1967,1,355,8,22500
4163,1967,1,4,2,22500
4164,1967,1,3,1,22500
4165,1968,1,167,6,22500
4166,1968,1,101,6,22500
4167,1969,1,8,10,22500
4168,1969,1,129,9,22500
4169,1970,1,444,3,22500
4170,1970,1,5,4,22500
4171,1971,1,0,4,22500
4172,1971,1,1,8,22500
4173,1971,1,267,10,22500
4174,1971,1,4,6,22500
4175,1972,1,105,6,22560
4176,1972,1,1,7,22560
4177,1972,1,49,6,22560
4178,1973,1,325,10,22560
4179,1973,1,9,2,22560
4180,1974,1,8,7,22560
4181,1975,1,165,7,22620
4182,1975,1,93,11,22620
4183,1976,1,20,6,22620
4184,1976,1,11,7,22620
4185,1977,1,8,3,22680
4186,1977,1,3,10,22680
4187,1977,1,23,11,22680
4188,1978,1,307,3,22680
4189,1979,1,152,2,22680
4190,1980,1,170,3,22740
4191,1980,1,165,4,22740
4192,1980,1,60,10,22740
4193,1981,1,141,8,22740
4194,1982,1,1,4,22740
4195,1982,1,42,4,22740
4196,1983,1,353,4,22740
4197,1984,1,34,4,22740
4198,1985,1,83,9,22740
4199,1985,1,186,4,22740
4200,1985,1,135,5,22740
4201,1986,1,223,8,22740
4202,1987,1,15,4,22740
4203,1988,1,1,8,22740
4204,1989,1,9,6,22740
4205,1990,1,1,7,22740
4206,1991,1,28,7,22740
4207,1991,1,42,8,22740
4208,1991,1,136,10,22740
4209,1992,1,111,5,22740
4210,1992,1,332,8,22740
4211,1993,1,469,2,22740
4212,1993,1,13,1,22740
4213,1993,1,68,10,22740
4214,1993,1,16,7,22740
4215,1994,1,12,8,22800
4216,1994,1,26,6,22800
4217,1995,1,1,7,22800
4218,1996,1,360,7,22800
4219,1996,1,344,8,22800
4220,1997,1,78,7,22800
4221,1998,1,14,4,22860
4222,1998,1,40,11,22860
4223,1999,1,102,8,22860
4224,1999,1,38,5,22860
4225,2000,1,11,6,22860
4226,2001,1,390,5,22860
4227,2002,1,14,10,22860
4228,2002,1,146,8,22860
4229,2003,1,67,1,22860
4230,2004,1,26,12,22920
4231,2004,1,183,4,22920
4232,2004,1,32,8,22920
4233,2005,1,0,4,22920
4234,2006,1,374,6,22920
4235,2006,1,45,6,22920
4236,2006,1,370,7,22920
4237,2007,1,9,6,22920
4238,2008,1,5,4,22980
4239,2009,1,494,5,22980
4240,2010,1,16,8,22980
4241,2011,1,191,12,23040
4242,2012,1,494,2,23040
4243,2013,1,0,1,23040
4244,2013,1,89,7,23040
4245,2014,1,358,6,23040
4246,2015,1,305,10,23040
4247,2016,1,78,6,23040
4248,2017,1,57,3,23040
4249,2017,1,223,2,23040
4250,2017,1,6,10,23040
4251,2018,1,12,8,23040
4252,2018,1,23,8,23040
4253,2019,1,66,6,23100
4254,2020,1,20,8,23100
4255,2021,1,37,6,23100
4256,2021,1,215,6,23100
4257,2021,1,28,2,23100
4258,2021,1,24,4,23100
4259,2021,1,398,8,23100
4260,2021,1,465,4,23100
4261,2022,1,179,8,23100
4262,2022,1,5,4,23100
4263,2022,1,116,8,23100
4264,2023,1,275,12,23100
4265,2024,1,35,8,23100
4266,2025,1,483,7,23100
4267,2025,1,13,10,23100
4268,2026,1,422,6,23100
4269,2026,1,57,9,23100
4270,2027,1,48,7,23100
4271,2028,1,260,10,23160
4272,2029,1,73,6,23160
4273,2029,1,49,4,23160
4274,2029,1,35,6,23160
4275,2029,1,208,10,23160
4276,2029,1,0,9,23160
4277,2030,1,6,10,23160
4278,2031,1,449,4,23160
4279,2031,1,446,2,23160
4280,2031,1,2,4,23160
4281,2032,1,12,4,23220
4282,2033,1,321,7,23220
4283,2033,1,165,10,23220
4284,2033,1,14,3,23220
4285,2033,1,343,5,23220
4286,2034,1,116,3,23220
4287,2035,1,461,7,23220
4288,2035,1,0,7,23220
4289,2036,1,313,8,23220
4290,2037,1,18,10,23220
4291,2037,1,21,4,23220
4292,2037,1,29,10,23220
4293,2038,1,174,6,23280
4294,2038,1,4,8,23280
4295,2038,1,79,5,23280
4296,2038,1,194,8,23280
4297,2039,1,28,2,23280
4298,2040,1,93,6,23280
4299,2040,1,61,9,23280
4300,2040,1,139,8,23280
4301,2040,1,136,4,23280
4302,2040,1,48,6,23280
4303,2040,1,0,12,23280
4304,2040,1,31,7,23280
4305,2041,1,495,10,23340
4306,2041,1,171,11,23340
4307,2041,1,373,6,23340
4308,2041,1,174,6,23340
4309,2041,1,60,4,23340
4310,2042,1,32,2,23340
4311,2042,1,1,4,23340
4312,2042,1,17,9,23340
4313,2043,1,32,10,23340
4314,2044,1,1,5,23340
4315,2044,1,3,10,23340
4316,2045,1,314,10,23400
4317,2045,1,72,8,23400
4318,2045,1,2,3,23400
4319,2045,1,1,8,23400
4320,2046,1,156,10,23400
4321,2046,1,15,4,23400
4322,2047,1,50,8,23400
4323,2047,1,0,2,23400
4324,2047,1,49,12,23400
4325,2048,1,42,11,23400
4326,2049,1,42,6,23400
4327,2050,1,475,6,23400
4328,2050,1,38,12,23400
4329,2051,1,200,3,23400
4330,2052,1,101,9,23400
4331,2053,1,26,12,23460
4332,2053,1,3,5,23460
4333,2054,1,4,5,23460
4334,2054,1,7,11,23460
4335,2055,1,138,6,23460
4336,2056,1,242,12,23460
4337,2057,1,93,6,23460
4338,2058,1,311,7,23460
4339,2058,1,4,7,23460
4340,2059,1,264,5,23520
4341,2060,1,5,10,23520
4342,2061,1,328,10,23520
4343,2062,1,5,8,23520
4344,2062,1,132,12,23520
4345,2062,1,72,12,23520
4346,2063,1,38,8,23580
4347,2063,1,45,5,23580
4348,2064,1,115,5,23580
4349,2064,1,16,11,23580
4350,2065,1,13,4,23580
4351,2065,1,43,7,23580
4352,2066,1,267,12,23580
4353,2067,1,79,5,23580
4354,2067,1,188,5,23580
4355,2068,1,422,4,23640
4356,2069,1,322,1,23640
4357,2070,1,261,10,23640
4358,2070,1,5,6,23640
4359,2071,1,124,6,23640
4360,2072,1,233,10,23640
4361,2072,1,499,6,23640
4362,2072,1,45,10,23640
4363,2072,1,367,8,23640
4364,2073,1,122,8,23640
4365,2073,1,293,2,23640
4366,2073,1,69,10,23640
4367,2073,1,145,5,23640
4368,2074,1,132,3,23640
4369,2075,1,31,10,23700
4370,2076,1,1,8,23700
4371,2077,1,0,10,23700
4372,2077,1,96,4,23700
4373,2077,1,6,4,23700
4374,2077,1,1,8,23700
4375,2078,1,29,1,23700
4376,2079,1,282,5,23760
4377,2080,1,94,1,23760
4378,2081,1,120,4,23760
4379,2082,1,6,11,23820
4380,2083,1,82,4,23820
4381,2084,1,22,6,23820
4382,2085,1,11,2,23820
4383,2086,1,34,10,23820
4384,2087,1,48,6,23820
4385,2087,1,18,6,23820
4386,2087,1,97,8,23820
4387,2087,1,179,8,23820
4388,2087,1,172,8,23820
4389,2087,1,214,10,23820
4390,2088,1,7,8,23820
4391,2089,1,1,6,23820
4392,2089,1,290,8,23820
4393,2089,1,29,9,23820
4394,2090,1,273,4,23820
4395,2091,1,49,9,23820
4396,2091,1,16,4,23820
4397,2092,1,57,5,23820
4398,2093,1,82,10,23880
4399,2093,1,11,4,23880
4400,2093,1,40,2,23880
4401,2093,1,293,7,23880
4402,2093,1,225,12,23880
4403,2094,1,2,6,23880
4404,2095,1,3,8,23880
4405,2095,1,136,4,23880
4406,2095,1,7,10,23880
4407,2096,1,43,6,23880
4408,2097,1,4,12,23940
4409,2097,1,7,4,23940
4410,2097,1,271,10,23940
4411,2097,1,32,4,23940
4412,2097,1,67,5,23940
4413,2098,1,326,6,23940
4414,2099,1,25,9,23940
4415,2099,1,0,6,23940
4416,2099,1,1,7,23940
4417,2100,1,57,6,23940
4418,2101,1,164,8,23940
4419,2101,1,211,5,23940
4420,2102,1,23,6,24000
4421,2102,1,6,6,24000
4422,2103,1,366,9,24000
4423,2103,1,42,2,24000
4424,2104,1,9,10,24000
4425,2104,1,34,6,24000
4426,2104,1,50,12,24000
4427,2105,1,48,8,24000
4428,2106,1,385,10,24060
4429,2106,1,44,5,24060
4430,2106,1,29,8,24060
4431,2107,1,6,4,24060
4432,2107,1,231,11,24060
4433,2107,1,1,10,24060
4434,2108,1,94,5,24060
4435,2109,1,50,8,24060
4436,2109,1,69,2,24060
4437,2110,1,36,1,24120
4438,2111,1,29,8,24120
4439,2112,1,16,3,24180
4440,2112,1,86,2,24180
4441,2112,1,17,4,24180
4442,2112,1,309,6,24180
4443,2113,1,41,9,24180
4444,2113,1,490,10,24180
4445,2113,1,79,2,24180
4446,2113,1,378,8,24180
4447,2114,1,117,4,24180
4448,2115,1,60,10,24240
4449,2116,1,30,8,24240
4450,2116,1,48,6,24240
4451,2117,1,20,2,24240
4452,2118,1,1,12,24240
4453,2119,1,47,10,24300
4454,2119,1,78,4,24300
4455,2119,1,56,4,24300
4456,2119,1,7,10,24300
4457,2120,1,26,6,24300
4458,2120,1,6,6,24300
4459,2120,1,61,6,24300
4460,2120,1,8,4,24300
4461,2121,1,82,12,24300
4462,2121,1,97,7,24300
4463,2121,1,26,4,24300
4464,2122,1,6,8,24300
4465,2122,1,129,5,24300
4466,2123,1,38,4,24300
4467,2124,1,225,6,24300
4468,2124,1,285,9,24300
4469,2124,1,0,4,24300
4470,2124,1,385,12,24300
4471,2124,1,7,3,24300
4472,2124,1,3,4,24300
4473,2125,1,5,4,24300
4474,2126,1,112,4,24300
4475,2126,1,14,10,24300
4476,2127,1,22,8,24360
4477,2127,1,8,3,24360
4478,2128,1,180,6,24360
4479,2129,1,154,8,24360
4480,2129,1,0,8,24360
4481,2130,1,280,8,24360
4482,2130,1,52,5,24360
4483,2130,1,19,4,24360
4484,2130,1,400,6,24360
4485,2130,1,28,2,24360
4486,2131,1,0,9,24360
4487,2132,1,90,4,24360
4488,2132,1,31,5,24360
4489,2132,1,46,7,24360
4490,2132,1,2,1,24360
4491,2132,1,74,4,24360
4492,2132,1,484,3,24360
4493,2132,1,197,9,24360
4494,2132,1,54,8,24360
4495,2133,1,292,2,24360
4496,2134,1,61,8,24420
4497,2135,1,426,10,24420
4498,2136,1,51,7,24420
4499,2136,1,352,10,24420
4500,2137,1,1,8,24420
4501,2137,1,353,5,24420
4502,2137,1,389,5,24420
4503,2138,1,1,8,24420
4504,2138,1,5,7,24420
4505,2138,1,282,8,24420
4506,2138,1,8,10,24420
4507,2139,1,23,10,24420
4508,2140,1,74,4,24420
4509,2140,1,21,4,24420
4510,2141,1,54,6,24420
4511,2141,1,3,9,24420
4512,2142,1,61,4,24480
4513,2143,1,18,4,24480
4514,2144,1,17,3,24480
4515,2144,1,100,7,24480
4516,2145,1,48,9,24480
4517,2145,1,3,8,24480
4518,2146,1,102,5,24480
4519,2146,1,171,9,24480
4520,2146,1,139,4,24480
4521,2146,1,1,10,24480
4522,2147,1,1,6,24480
4523,2148,1,26,6,24480
4524,2148,1,2,5,24480
4525,2149,1,42,10,24480
4526,2150,1,3,9,24540
4527,2150,1,130,6,24540
4528,2150,1,38,10,24540
4529,2150,1,50,12,24540
4530,2151,1,17,6,24540
4531,2152,1,70,5,24540
4532,2153,1,4,5,24540
4533,2153,1,0,9,24540
4534,2153,1,68,4,24540
4535,2153,1,273,10,24540
4536,2154,1,25,11,24540
4537,2155,1,7,6,24540
4538,2156,1,12,8,24600
4539,2157,1,317,5,24600
4540,2158,1,10,11,24600
4541,2159,1,6,5,24600
4542,2159,1,122,6,24600
4543,2159,1,163,8,24600
4544,2160,1,5,6,24720
4545,2161,1,18,2,24720
4546,2162,1,13,7,24720
4547,2163,1,147,7,24720
4548,2163,1,473,8,24720
4549,2164,1,20,1,24720
4550,2164,1,286,8,24720
4551,2165,1,4,7,24720
4552,2166,1,314,8,24780
4553,2167,1,37,1,24780
4554,2167,1,127,9,24780
4555,2168,1,33,8,24780
4556,2168,1,1,10,24780
4557,2168,1,190,6,24780
4558,2168,1,13,4,24780
4559,2168,1,14,10,24780
4560,2168,1,139,6,24780
4561,2169,1,250,8,24840
4562,2169,1,0,12,24840
4563,2169,1,161,6,24840
4564,2169,1,2,4,24840
4565,2170,1,52,6,24840
4566,2170,1,16,8,24840
4567,2170,1,75,10,24840
4568,2171,1,369,4,24840
4569,2171,1,25,6,24840
4570,2172,1,28,2,24840
4571,2172,1,45,6,24840
4572,2173,1,5,4,24840
4573,2174,1,7,5,24900
4574,2175,1,198,8,24900
4575,2176,1,100,8,24900
4576,2176,1,352,6,24900
4577,2177,1,40,10,24900
4578,2177,1,44,6,24900
4579,2178,1,132,9,24960
4580,2178,1,144,10,24960
4581,2178,1,353,4,24960
4582,2178,1,114,4,24960
4583,2179,1,42,6,24960
4584,2179,1,485,6,24960
4585,2180,1,405,8,24960
4586,2181,1,8,8,24960
4587,2182,1,24,4,24960
4588,2182,1,103,8,24960
4589,2183,1,5,9,25020
4590,2184,1,7,10,25020
4591,2184,1,437,4,25020
4592,2184,1,426,4,25020
4593,2185,1,50,2,25020
4594,2185,1,40,6,25020
4595,2185,1,1,8,25020
4596,2185,1,90,11,25020
4597,2185,1,73,8,25020
4598,2186,1,23,3,25080
4599,2187,1,246,10,25140
4600,2187,1,53,9,25140
4601,2187,1,142,7,25140
4602,2187,1,463,8,25140
4603,2187,1,48,12,25140
4604,2188,1,338,8,25140
4605,2189,1,32,8,25140
4606,2189,1,30,12,25140
4607,2190,1,7,6,25140
4608,2191,1,485,5,25140
4609,2191,1,2,4,25140
4610,2192,1,11,10,25140
4611,2193,1,23,8,25140
4612,2193,1,411,6,25140
4613,2193,1,34,10,25140
4614,2194,1,11,10,25200
4615,2195,1,86,7,25200
4616,2196,1,79,3,25260
4617,2197,1,67,12,25260
4618,2197,1,345,10,25260
4619,2198,1,33,6,25260
4620,2199,1,1,5,25260
4621,2199,1,26,4,25260
4622,2199,1,166,5,25260
4623,2199,1,211,2,25260
4624,2200,1,83,6,25260
4625,2201,1,0,1,25320
4626,2201,1,246,8,25320
4627,2202,1,103,1,25320
4628,2202,1,69,6,25320
4629,2202,1,83,3,25320
4630,2202,1,99,8,25320
4631,2202,1,75,8,25320
4632,2202,1,250,4,25320
4633,2202,1,9,6,25320
4634,2203,1,426,6,25320
4635,2204,1,141,8,25320
4636,2205,1,36,6,25320
4637,2205,1,129,4,25320
4638,2205,1,332,5,25320
4639,2206,1,12,8,25320
4640,2206,1,441,9,25320
4641,2206,1,1,4,25320
4642,2207,1,279,2,25320
4643,2207,1,296,12,25320
4644,2208,1,198,8,25320
4645,2208,1,37,9,25320
4646,2208,1,129,11,25320
4647,2209,1,137,2,25380
4648,2209,1,339,8,25380
4649,2209,1,44,5,25380
4650,2210,1,96,11,25380
4651,2211,1,3,6,25380
4652,2211,1,174,8,25380
4653,2212,1,39,10,25380
4654,2213,1,70,6,25440
4655,2214,1,471,4,25440
4656,2214,1,351,9,25440
4657,2214,1,49,6,25440
4658,2214,1,267,12,25440
4659,2214,1,13,5,25440
4660,2215,1,87,5,25440
4661,2216,1,31,5,25440
4662,2217,1,98,6,25440
4663,2217,1,72,12,25440
4664,2217,1,475,10,25440
4665,2217,1,251,8,25440
4666,2218,1,28,2,25440
4667,2218,1,67,10,25440
4668,2219,1,385,5,25440
4669,2219,1,352,6,25440
4670,2219,1,49,1,25440
4671,2220,1,0,8,25500
4672,2221,1,8,10,25500
4673,2222,1,92,5,25560
4674,2222,1,151,6,25560
4675,2222,1,10,4,25560
4676,2223,1,162,6,25560
4677,2223,1,6,6,25560
4678,2223,1,329,5,25560
4679,2224,1,10,10,25560
4680,2225,1,127,4,25560
4681,2225,1,464,12,25560
4682,2225,1,83,3,25560
4683,2226,1,367,6,25560
4684,2226,1,8,5,25560
4685,2227,1,225,12,25620
4686,2228,1,2,4,25680
4687,2228,1,266,6,25680
4688,2229,1,72,8,25680
4689,2229,1,7,4,25680
4690,2229,1,48,5,25680
4691,2230,1,138,9,25680
4692,2230,1,93,8,25680
4693,2231,1,3,3,25680
4694,2232,1,17,9,25680
4695,2232,1,46,8,25680
4696,2233,1,52,6,25680
4697,2233,1,14,9,25680
4698,2234,1,29,5,25680
4699,2235,1,78,8,25680
4700,2235,1,14,3,25680
4701,2235,1,224,8,25680
4702,2236,1,6,8,25680
4703,2237,1,9,8,25680
4704,2237,1,29,7,25680
4705,2238,1,225,10,25740
4706,2238,1,114,4,25740
4707,2239,1,21,8,25740
4708,2239,1,197,8,25740
4709,2239,1,163,6,25740
4710,2240,1,173,1,25740
4711,2240,1,224,4,25740
4712,2240,1,80,1,25740
4713,2240,1,477,11,25740
4714,2240,1,336,4,25740
4715,2240,1,91,3,25740
4716,2240,1,79,6,25740
4717,2241,1,16,8,25740
4718,2242,1,43,6,25740
4719,2242,1,23,8,25740
4720,2242,1,112,5,25740
4721,2243,1,181,11,25740
4722,2243,1,26,2,25740
4723,2244,1,446,3,25740
4724,2244,1,119,8,25740
4725,2244,1,2,8,25740
4726,2244,1,137,6,25740
4727,2245,1,311,7,25740
4728,2246,1,31,2,25740
4729,2246,1,10,8,25740
4730,2246,1,145,9,25740
4731,2246,1,96,6,25740
4732,2247,1,66,8,25800
4733,2247,1,107,7,25800
4734,2248,1,133,8,25800
4735,2249,1,407,2,25800
4736,2250,1,223,8,25800
4737,2251,1,6,6,25800
4738,2251,1,289,8,25800
4739,2252,1,5,8,25860
4740,2252,1,124,8,25860
4741,2252,1,20,2,25860
4742,2253,1,26,10,25860
4743,2254,1,469,7,25860
4744,2254,1,310,2,25860
4745,2254,1,27,12,25860
4746,2255,1,8,6,25920
4747,2256,1,126,10,25920
4748,2257,1,87,12,25920
4749,2257,1,48,4,25920
4750,2257,1,23,8,25920
4751,2257,1,2,9,25920
4752,2257,1,43,9,25920
4753,2257,1,7,9,25920
4754,2258,1,4,5,25920
4755,2258,1,136,6,25920
4756,2258,1,32,7,25920
4757,2258,1,63,8,25920
4758,2258,1,208,6,25920
4759,2259,1,438,5,25920
4760,2260,1,33,2,25980
4761,2260,1,274,5,25980
4762,2261,1,4,6,25980
4763,2262,1,49,6,25980
4764,2263,1,362,9,25980
4765,2263,1,41,6,25980
4766,2263,1,11,6,25980
4767,2264,1,0,12,25980
4768,2264,1,69,9,25980
4769,2265,1,113,10,26040
4770,2265,1,31,6,26040
4771,2266,1,43,10,26040
4772,2267,1,175,2,26040
4773,2268,1,5,9,26100
4774,2268,1,311,3,26100
4775,2269,1,253,4,26100
4776,2270,1,41,10,26100
4777,2271,1,14,4,26100
4778,2272,1,1,7,26100
4779,2273,1,29,9,26100
4780,2274,1,66,4,26100
4781,2274,1,4,8,26100
4782,2275,1,51,8,26100
4783,2276,1,392,3,26160
4784,2277,1,57,6,26220
4785,2278,1,2,8,26220
4786,2278,1,0,2,26220
4787,2279,1,69,8,26220
4788,2280,1,30,11,26220
4789,2281,1,103,6,26220
4790,2281,1,30,10,26220
4791,2281,1,49,10,26220
4792,2281,1,41,10,26220
4793,2282,1,128,7,26220
4794,2282,1,1,3,26220
4795,2282,1,9,10,26220
4796,2283,1,66,6,26280
4797,2283,1,279,10,26280
4798,2284,1,197,10,26280
4799,2285,1,135,8,26280
4800,2285,1,79,6,26280
4801,2286,1,39,10,26340
4802,2287,1,163,7,26340
4803,2288,1,2,4,26340
4804,2289,1,464,8,26340
4805,2290,1,475,10,26340
4806,2290,1,273,10,26340
4807,2291,1,228,7,26340
4808,2292,1,134,2,26400
4809,2293,1,95,2,26400
4810,2294,1,4,4,26400
4811,2295,1,57,11,26400
4812,2296,1,55,10,26400
4813,2296,1,298,6,26400
4814,2296,1,64,3,26400
4815,2296,1,2,3,26400
4816,2297,1,9,10,26400
4817,2297,1,189,5,26400
4818,2298,1,9,8,26460
4819,2298,1,20,9,26460
4820,2298,1,190,12,26460
4821,2299,1,166,12,26460
4822,2299,1,75,7,26460
4823,2300,1,33,2,26460
4824,2300,1,83,4,26460
4825,2300,1,42,4,26460
4826,2300,1,417,4,26460
4827,2301,1,131,10,26460
4828,2301,1,6,8,26460
4829,2301,1,7,7,26460
4830,2302,1,12,10,26460
4831,2302,1,3,2,26460
4832,2303,1,2,8,26460
4833,2304,1,22,2,26580
4834,2304,1,163,5,26580
4835,2305,1,293,10,26580
4836,2305,1,488,8,26580
4837,2306,1,89,10,26580
4838,2307,1,125,2,26580
4839,2308,1,10,5,26640
4840,2309,1,64,6,26640
4841,2309,1,22,12,26640
4842,2309,1,85,6,26640
4843,2309,1,54,12,26640
4844,2309,1,363,4,26640
4845,2309,1,29,8,26640
4846,2310,1,26,6,26640
4847,2311,1,98,9,26640
4848,2311,1,468,4,26640
4849,2311,1,6,11,26640
4850,2311,1,89,6,26640
4851,2312,1,224,7,26640
4852,2313,1,278,11,26640
4853,2314,1,5,2,26700
4854,2315,1,36,4,26700
4855,2315,1,4,5,26700
4856,2316,1,385,10,26700
4857,2317,1,60,8,26700
4858,2318,1,146,6,26760
4859,2319,1,35,8,26820
4860,2319,1,121,10,26820
4861,2319,1,347,10,26820
4862,2320,1,116,5,26820
4863,2320,1,2,6,26820
4864,2320,1,27,11,26820
4865,2321,1,3,2,26820
4866,2322,1,52,5,26820
4867,2322,1,5,4,26820
4868,2323,1,244,10,26820
4869,2323,1,410,2,26820
4870,2324,1,166,1,26820
4871,2324,1,44,7,26820
4872,2325,1,29,2,26880
4873,2326,1,4,8,26880
4874,2327,1,318,8,26880
4875,2327,1,179,2,26880
4876,2328,1,158,8,26940
4877,2328,1,37,3,26940
4878,2328,1,46,8,26940
4879,2328,1,3,8,26940
4880,2328,1,136,8,26940
4881,2328,1,211,3,26940
4882,2328,1,57,5,26940
4883,2329,1,27,6,26940
4884,2329,1,149,4,26940
4885,2330,1,167,4,26940
4886,2330,1,7,12,26940
4887,2331,1,160,9,27000
4888,2332,1,134,7,27000
4889,2332,1,350,11,27000
4890,2332,1,30,8,27000
4891,2333,1,33,10,27000
4892,2334,1,330,8,27000
4893,2335,1,29,10,27000
4894,2335,1,6,6,27000
4895,2336,1,11,10,27060
4896,2337,1,1,7,27060
4897,2338,1,354,10,27060
4898,2338,1,82,2,27060
4899,2339,1,2,8,27060
4900,2340,1,290,2,27060
4901,2340,1,9,5,27060
4902,2341,1,434,4,27060
4903,2342,1,10,8,27060
4904,2343,1,12,4,27060
4905,2343,1,24,7,27060
4906,2344,1,39,7,27120
4907,2344,1,281,8,27120
4908,2344,1,0,6,27120
4909,2344,1,140,6,27120
4910,2344,1,151,2,27120
4911,2345,1,372,11,27120
4912,2346,1,105,6,27120
4913,2346,1,1,2,27120
4914,2347,1,101,9,27180
4915,2348,1,44,4,27180
4916,2348,1,15,7,27180
4917,2349,1,185,6,27180
4918,2350,1,64,6,27180
4919,2350,1,105,9,27180
4920,2351,1,37,6,27180
4921,2351,1,4,5,27180
4922,2352,1,7,8,27180
4923,2353,1,26,8,27240
4924,2354,1,23,9,27240
4925,2355,1,42,1,27240
4926,2356,1,54,6,27240
4927,2357,1,213,5,27240
4928,2358,1,9,4,27300
4929,2358,1,15,8,27300
4930,2358,1,102,4,27300
4931,2359,1,17,8,27300
4932,2360,1,85,3,27300
4933,2360,1,65,9,27300
4934,2360,1,158,3,27300
4935,2361,1,63,10,27300
4936,2361,1,32,5,27300
4937,2362,1,165,5,27300
4938,2362,1,30,11,27300
4939,2363,1,17,10,27300
4940,2363,1,122,7,27300
4941,2364,1,8,6,27360
4942,2364,1,6,11,27360
4943,2365,1,75,5,27360
4944,2365,1,14,9,27360
4945,2366,1,286,2,27360
4946,2366,1,203,6,27360
4947,2367,1,300,6,27420
4948,2368,1,49,8,27420
4949,2368,1,79,10,27420
4950,2369,1,282,5,27420
4951,2370,1,266,6,27420
4952,2371,1,16,6,27480
4953,2372,1,171,5,27480
4954,2372,1,44,6,27480
4955,2373,1,18,8,27480
4956,2373,1,31,4,27480
4957,2373,1,194,5,27480
4958,2373,1,281,6,27480
4959,2374,1,25,4,27480
4960,2374,1,141,2,27480
4961,2374,1,5,10,27480
4962,2375,1,3,8,27480
4963,2376,1,7,3,27480
4964,2377,1,188,8,27480
4965,2377,1,2,6,27480
4966,2378,1,8,12,27480
4967,2379,1,271,10,27540
4968,2380,1,99,5,27540
4969,2380,1,25,8,27540
4970,2381,1,114,10,27540
4971,2381,1,99,7,27540
4972,2381,1,7,12,27540
4973,2381,1,131,7,27540
4974,2381,1,125,8,27540
4975,2381,1,82,7,27540
4976,2382,1,180,9,27540
4977,2382,1,154,9,27540
4978,2382,1,49,9,27540
4979,2383,1,370,4,27540
4980,2383,1,196,6,27540
4981,2383,1,47,4,27540
4982,2384,1,24,6,27540
4983,2385,1,9,4,27600
4984,2386,1,16,8,27600
4985,2387,1,34,3,27600
4986,2388,1,34,12,27600
4987,2388,1,22,4,27600
4988,2389,1,2,2,27600
4989,2389,1,62,9,27600
4990,2389,1,61,8,27600
4991,2389,1,4,6,27600
4992,2390,1,67,10,27600
4993,2390,1,1,5,27600
4994,2391,1,69,5,27600
4995,2392,1,3,12,27600
4996,2393,1,4,7,27600
4997,2393,1,171,12,27600
4998,2393,1,96,6,27600
4999,2393,1,14,2,27600
5000,2394,1,1,7,27660
5001,2394,1,0,12,27660
5002,2395,1,28,8,27660
5003,2395,1,19,4,27660
5004,2395,1,16,4,27660
5005,2396,1,292,11,27660
5006,2397,1,21,5,27660
5007,2397,1,15,9,27660
5008,2398,1,115,6,27660
5009,2399,1,1,6,27660
5010,2399,1,2,7,27660
5011,2400,1,237,12,27720
5012,2401,1,39,2,27720
5013,2402,1,1,4,27780
5014,2403,1,297,9,27780
5015,2403,1,111,7,27780
5016,2404,1,146,4,27780
5017,2404,1,57,8,27780
5018,2405,1,7,1,27840
5019,2406,1,74,12,27840
5020,2406,1,2,1,27840
5021,2406,1,0,4,27840
5022,2406,1,36,2,27840
5023,2407,1,25,8,27840
5024,2407,1,113,4,27840
5025,2408,1,420,8,27840
5026,2408,1,17,7,27840
5027,2409,1,41,7,27840
5028,2410,1,192,4,27900
5029,2411,1,17,9,27900
5030,2411,1,18,12,27900
5031,2412,1,30,4,27960
5032,2412,1,33,8,27960
5033,2412,1,39,3,27960
5034,2413,1,142,6,27960
5035,2414,1,110,8,27960
5036,2414,1,80,10,27960
5037,2415,1,368,6,27960
5038,2416,1,426,9,27960
5039,2417,1,182,6,27960
5040,2418,1,464,11,27960
5041,2418,1,386,8,27960
5042,2418,1,162,6,27960
5043,2418,1,47,8,27960
5044,2418,1,322,2,27960
5045,2418,1,27,8,27960
5046,2418,1,21,6,27960
5047,2418,1,35,12,27960
5048,2419,1,191,4,28020
5049,2420,1,113,12,28020
5050,2421,1,18,10,28020
5051,2421,1,0,8,28020
5052,2421,1,120,7,28020
5053,2422,1,219,4,28020
5054,2422,1,19,8,28020
5055,2422,1,32,3,28020
5056,2422,1,122,2,28020
5057,2423,1,44,6,28080
5058,2424,1,20,9,28080
5059,2425,1,35,4,28080
5060,2426,1,61,2,28080
5061,2427,1,22,10,28140
5062,2428,1,298,2,28140
5063,2429,1,169,7,28140
5064,2430,1,0,10,28140
5065,2430,1,137,10,28140
5066,2431,1,89,8,28140
5067,2432,1,31,10,28140
5068,2432,1,25,2,28140
5069,2433,1,147,7,28140
5070,2434,1,33,7,28140
5071,2434,1,196,7,28140
5072,2434,1,356,6,28140
5073,2434,1,45,10,28140
5074,2435,1,43,9,28200
5075,2436,1,0,6,28200
5076,2437,1,120,5,28200
5077,2437,1,206,4,28200
5078,2437,1,9,4,28200
5079,2437,1,26,5,28200
5080,2438,1,421,9,28200
5081,2439,1,38,6,28200
5082,2440,1,8,11,28200
5083,2441,1,479,10,28260
5084,2441,1,96,8,28260
5085,2441,1,26,12,28260
5086,2442,1,181,6,28260
5087,2442,1,16,2,28260
5088,2442,1,444,12,28260
5089,2443,1,48,4,28320
5090,2444,1,9,8,28320
5091,2445,1,17,5,28320
5092,2446,1,225,8,28320
5093,2446,1,55,5,28320
5094,2447,1,10,8,28320
5095,2447,1,51,8,28320
5096,2448,1,27,9,28320
5097,2448,1,185,8,28320
5098,2449,1,34,7,28320
5099,2449,1,422,8,28320
5100,2450,1,46,2,28320
5101,2451,1,421,4,28320
5102,2451,1,388,10,28320
5103,2452,1,335,5,28380
5104,2452,1,411,4,28380
5105,2452,1,41,12,28380
5106,2453,1,11,5,28380
5107,2453,1,103,9,28380
5108,2453,1,5,5,28380
5109,2453,1,395,1,28380
5110,2454,1,165,3,28380
5111,2454,1,96,6,28380
5112,2454,1,155,10,28380
5113,2455,1,210,7,28380
5114,2456,1,3,6,28380
5115,2457,1,34,4,28440
5116,2457,1,236,11,28440
5117,2458,1,117,6,28440
5118,2458,1,237,6,28440
5119,2458,1,469,5,28440
5120,2458,1,178,2,28440
5121,2459,1,150,2,28440
5122,2459,1,496,5,28440
5123,2460,1,193,7,28500
5124,2461,1,35,7,28500
5125,2462,1,12,2,28500
5126,2463,1,116,7,28500
5127,2463,1,38,11,28500
5128,2463,1,316,2,28500
5129,2463,1,41,6,28500
5130,2464,1,74,4,28500
5131,2465,1,14,4,28560
5132,2465,1,8,5,28560
5133,2465,1,261,6,28560
5134,2466,1,2,4,28560
5135,2467,1,180,2,28560
5136,2467,1,1,4,28560
5137,2468,1,3,6,28560
5138,2469,1,215,4,28560
5139,2470,1,331,7,28560
5140,2470,1,38,8,28560
5141,2470,1,104,6,28560
5142,2471,1,0,2,28560
5143,2471,1,152,10,28560
5144,2472,1,195,5,28620
5145,2472,1,74,5,28620
5146,2473,1,1,6,28620
5147,2474,1,93,4,28620
5148,2475,1,190,6,28620
5149,2476,1,442,4,28620
5150,2476,1,111,12,28620
5151,2476,1,5,6,28620
5152,2476,1,238,7,28620
5153,2476,1,169,5,28620
5154,2476,1,46,6,28620
5155,2476,1,277,4,28620
5156,2477,1,54,9,28680
5157,2477,1,8,1,28680
5158,2477,1,47,8,28680
5159,2477,1,41,7,28680
5160,2477,1,473,12,28680
5161,2477,1,341,8,28680
5162,2478,1,4,4,28680
5163,2478,1,63,4,28680
5164,2479,1,169,10,28740
5165,2479,1,47,10,28740
5166,2479,1,38,6,28740
5167,2480,1,35,7,28740
5168,2480,1,372,5,28740
5169,2480,1,456,11,28740
5170,2480,1,112,11,28740
5171,2481,1,484,4,28800
5172,2481,1,4,8,28800
5173,2482,1,49,6,28800
5174,2483,1,478,9,28800
5175,2484,1,32,8,28860
5176,2485,1,49,6,28860
5177,2486,1,10,4,28860
5178,2487,1,58,10,28860
5179,2488,1,185,7,28860
5180,2489,1,1,5,28860
5181,2490,1,15,8,28860
5182,2490,1,90,4,28860
5183,2491,1,158,6,28860
5184,2491,1,289,8,28860
5185,2491,1,156,3,28860
5186,2491,1,15,2,28860
5187,2491,1,293,7,28860
5188,2491,1,279,8,28860
5189,2492,1,397,3,28860
5190,2492,1,40,2,28860
5191,2493,1,11,2,28920
5192,2493,1,20,2,28920
5193,2494,1,346,8,28920
5194,2494,1,31,1,28920
5195,2495,1,21,9,28980
5196,2495,1,0,4,28980
5197,2496,1,354,10,28980
5198,2497,1,11,8,28980
5199,2498,1,6,3,28980
5200,2499,1,10,10,28980
5201,2500,1,32,4,28980
5202,2500,1,42,12,28980
5203,2500,1,1,8,28980
5204,2500,1,21,6,28980
5205,2500,1,11,7,28980
5206,2501,1,79,10,29040
5207,2502,1,48,7,29040
5208,2503,1,107,4,29040
5209,2504,1,78,9,29040
5210,2504,1,166,4,29040
5211,2505,1,1,6,29040
5212,2505,1,244,6,29040
5213,2506,1,15,10,29100
5214,2507,1,41,9,29100
5215,2508,1,81,8,29100
5216,2509,1,167,3,29160
5217,2509,1,384,4,29160
5218,2509,1,355,8,29160
5219,2510,1,464,2,29160
5220,2511,1,2,9,29160
5221,2511,1,19,6,29160
5222,2511,1,276,10,29160
5223,2512,1,2,6,29220
5224,2513,1,86,8,29220
5225,2514,1,20,2,29220
5226,2515,1,299,10,29220
5227,2515,1,30,12,29220
5228,2516,1,15,3,29220
5229,2517,1,24,2,29280
5230,2518,1,184,4,29340
5231,2519,1,288,10,29340
5232,2520,1,85,4,29340
5233,2520,1,0,8,29340
5234,2521,1,193,7,29340
5235,2522,1,7,6,29340
5236,2522,1,2,3,29340
5237,2523,1,118,12,29340
5238,2523,1,101,6,29340
5239,2523,1,112,7,29340
5240,2524,1,323,10,29340
5241,2524,1,78,5,29340
5242,2525,1,102,9,29340
5243,2525,1,11,2,29340
5244,2525,1,163,6,29340
5245,2526,1,83,1,29400
5246,2527,1,143,8,29400
5247,2528,1,13,6,29400
5248,2528,1,41,8,29400
5249,2528,1,119,3,29400
5250,2529,1,58,8,29400
5251,2529,1,5,3,29400
5252,2530,1,43,10,29400
5253,2531,1,56,9,29400
5254,2531,1,2,2,29400
5255,2532,1,28,11,29400
5256,2533,1,40,3,29460
5257,2534,1,54,4,29460
5258,2535,1,30,9,29460
5259,2535,1,25,8,29460
5260,2536,1,287,2,29460
5261,2537,1,19,3,29460
5262,2537,1,27,9,29460
5263,2538,1,29,2,29460
5264,2539,1,315,4,29520
5265,2540,1,146,12,29520
5266,2540,1,139,2,29520
5267,2541,1,22,8,29520
5268,2541,1,278,3,29520
5269,2541,1,164,8,29520
5270,2541,1,13,6,29520
5271,2541,1,25,4,29520
5272,2541,1,1,6,29520
5273,2542,1,42,4,29520
5274,2543,1,328,12,29520
5275,2543,1,266,6,29520
5276,2544,1,30,5,29520
5277,2544,1,10,6,29520
5278,2544,1,51,4,29520
5279,2545,1,23,7,29580
5280,2545,1,412,1,29580
5281,2545,1,40,8,29580
5282,2545,1,27,7,29580
5283,2546,1,32,10,29580
5284,2546,1,136,4,29580
5285,2547,1,231,4,29580
5286,2548,1,250,10,29580
5287,2548,1,4,6,29580
5288,2549,1,34,10,29580
5289,2550,1,425,4,29580
5290,2550,1,434,7,29580
5291,2550,1,21,6,29580
5292,2551,1,49,7,29580
5293,2551,1,12,7,29580
5294,2551,1,1,4,29580
5295,2552,1,316,9,29580
5296,2552,1,21,12,29580
5297,2553,1,110,4,29580
5298,2554,1,17,3,29580
5299,2555,1,415,7,29580
5300,2555,1,1,3,29580
5301,2556,1,21,4,29640
5302,2556,1,95,5,29640
5303,2557,1,59,8,29640
5304,2558,1,16,8,29640
5305,2559,1,37,8,29700
5306,2560,1,393,8,29700
5307,2561,1,30,12,29700
5308,2561,1,440,2,29700
5309,2561,1,89,12,29700
5310,2562,1,36,5,29700
5311,2563,1,12,6,29700
5312,2563,1,3,8,29700
5313,2564,1,166,5,29700
5314,2564,1,327,7,29700
5315,2564,1,225,10,29700
5316,2564,1,403,6,29700
5317,2565,1,9,2,29700
5318,2566,1,22,3,29760
5319,2567,1,409,9,29760
5320,2567,1,51,9,29760
5321,2567,1,58,11,29760
5322,2567,1,44,3,29760
5323,2568,1,7,12,29760
5324,2568,1,199,4,29760
5325,2568,1,44,9,29760
5326,2569,1,344,12,29760
5327,2570,1,125,2,29760
5328,2570,1,29,6,29760
5329,2570,1,395,8,29760
5330,2571,1,51,3,29820
5331,2571,1,39,3,29820
5332,2571,1,116,1,29820
5333,2572,1,24,10,29820
5334,2572,1,3,4,29820
5335,2573,1,261,4,29820
5336,2574,1,252,6,29820
5337,2575,1,370,12,29880
5338,2576,1,282,4,29880
5339,2576,1,103,4,29880
5340,2576,1,179,4,29880
5341,2576,1,389,5,29880
5342,2576,1,293,4,29880
5343,2576,1,170,6,29880
5344,2576,1,16,8,29880
5345,2577,1,37,12,29880
5346,2578,1,88,2,29880
5347,2578,1,20,6,29880
5348,2578,1,154,2,29880
5349,2578,1,318,4,29880
5350,2578,1,38,8,29880
5351,2578,1,7,8,29880
5352,2579,1,48,3,29880
5353,2580,1,15,7,29880
5354,2581,1,168,6,29880
5355,2581,1,138,8,29880
5356,2581,1,46,6,29880
5357,2582,1,0,1,29880
5358,2583,1,305,10,29940
5359,2583,1,39,7,29940
5360,2583,1,42,8,29940
5361,2584,1,331,8,29940
5362,2585,1,0,4,29940
5363,2586,1,2,2,29940
5364,2586,1,31,8,29940
5365,2586,1,21,6,29940
5366,2587,1,3,12,29940
5367,2588,1,40,10,30000
5368,2589,1,234,7,30000
5369,2589,1,31,8,30000
5370,2590,1,47,10,30000
5371,2591,1,26,4,30000
5372,2592,1,72,4,30000
5373,2592,1,32,6,30000
5374,2592,1,182,10,30000
5375,2592,1,1,7,30000
5376,2593,1,47,10,30000
5377,2594,1,3,7,30000
5378,2595,1,202,2,30060
5379,2596,1,103,7,30060
5380,2596,1,59,5,30060
5381,2597,1,29,7,30060
5382,2598,1,1,8,30060
5383,2599,1,470,8,30120
5384,2600,1,141,6,30120
5385,2601,1,20,9,30120
5386,2601,1,3,4,30120
5387,2602,1,41,1,30120
5388,2602,1,483,10,30120
5389,2603,1,425,4,30120
5390,2603,1,41,3,30120
5391,2604,1,10,1,30120
5392,2605,1,6,8,30120
5393,2605,1,33,5,30120
5394,2606,1,326,10,30120
5395,2607,1,2,10,30180
5396,2608,1,11,4,30180
5397,2609,1,438,4,30240
5398,2610,1,41,6,30240
5399,2610,1,4,3,30240
5400,2610,1,305,4,30240
5401,2611,1,195,7,30300
5402,2611,1,4,2,30300
5403,2611,1,0,8,30300
5404,2612,1,48,10,30300
5405,2613,1,426,12,30300
5406,2613,1,124,6,30300
5407,2614,1,45,6,30300
5408,2615,1,412,1,30300
5409,2616,1,24,12,30300
5410,2616,1,94,6,30300
5411,2617,1,2,10,30300
5412,2618,1,222,6,30300
5413,2618,1,77,5,30300
5414,2619,1,260,6,30360
5415,2619,1,29,5,30360
5416,2620,1,71,9,30360
5417,2620,1,46,5,30360
5418,2620,1,14,6,30360
5419,2620,1,7,3,30360
5420,2620,1,35,6,30360
5421,2620,1,13,1,30360
5422,2620,1,258,7,30360
5423,2621,1,220,6,30360
5424,2621,1,40,6,30360
5425,2621,1,11,6,30360
5426,2621,1,343,12,30360
5427,2621,1,27,6,30360
5428,2622,1,42,4,30360
5429,2623,1,44,12,30360
5430,2624,1,102,6,30360
5431,2624,1,19,4,30360
5432,2624,1,93,2,30360
5433,2625,1,400,2,30360
5434,2625,1,204,8,30360
5435,2626,1,290,4,30360
5436,2626,1,120,9,30360
5437,2627,1,461,8,30420
5438,2627,1,0,3,30420
5439,2627,1,337,4,30420
5440,2627,1,4,10,30420
5441,2627,1,23,9,30420
5442,2627,1,60,6,30420
5443,2627,1,103,7,30420
5444,2627,1,37,2,30420
5445,2627,1,441,8,30420
5446,2627,1,422,4,30420
5447,2627,1,32,8,30420
5448,2628,1,1,9,30420
5449,2629,1,224,3,30420
5450,2630,1,46,10,30420
5451,2631,1,485,7,30420
5452,2632,1,285,5,30420
5453,2633,1,460,8,30420
5454,2634,1,19,8,30480
5455,2634,1,16,10,30480
5456,2635,1,330,10,30480
5457,2635,1,225,6,30480
5458,2635,1,0,8,30480
5459,2635,1,9,9,30480
5460,2635,1,212,10,30480
5461,2636,1,83,1,30480
5462,2637,1,79,8,30480
5463,2638,1,63,10,30540
5464,2639,1,243,11,30600
5465,2640,1,94,10,30600
5466,2641,1,1,3,30660
5467,2641,1,458,8,30660
5468,2641,1,156,6,30660
5469,2642,1,56,5,30660
5470,2642,1,139,4,30660
5471,2643,1,59,6,30660
5472,2643,1,347,8,30660
5473,2643,1,25,4,30660
5474,2644,1,77,7,30660
5475,2645,1,47,7,30720
5476,2645,1,124,12,30720
5477,2645,1,17,8,30720
5478,2646,1,140,6,30720
5479,2646,1,12,9,30720
5480,2646,1,443,2,30720
5481,2647,1,358,1,30720
5482,2647,1,8,4,30720
5483,2648,1,227,8,30720
5484,2648,1,5,9,30720
5485,2649,1,15,6,30720
5486,2650,1,106,2,30720
5487,2650,1,7,8,30720
5488,2650,1,40,6,30720
5489,2650,1,23,8,30720
5490,2651,1,495,11,30720
5491,2651,1,180,8,30720
5492,2652,1,14,7,30780
5493,2653,1,186,9,30780
5494,2654,1,336,4,30780
5495,2655,1,17,8,30780
5496,2655,1,133,6,30780
5497,2655,1,138,10,30780
5498,2655,1,40,7,30780
5499,2655,1,18,10,30780
5500,2656,1,140,4,30780
5501,2657,1,19,6,30840
5502,2657,1,45,10,30840
5503,2657,1,261,8,30840
5504,2658,1,87,7,30840
5505,2658,1,133,7,30840
5506,2659,1,4,12,30840
5507,2660,1,43,6,30900
5508,2661,1,238,4,30900
5509,2661,1,5,4,30900
5510,2661,1,23,3,30900
5511,2662,1,13,2,30900
5512,2662,1,42,7,30900
5513,2663,1,110,5,30900
5514,2663,1,141,2,30900
5515,2664,1,35,12,30900
5516,2665,1,154,6,30901
5517,2665,1,3,4,30901
5518,2666,1,493,9,30901
5519,2667,1,191,7,30901
5520,2668,1,290,4,30901
5521,2669,1,63,4,30901
5522,2670,1,1,2,30901
5523,2671,1,152,8,30901
5524,2672,1,24,6,30901
5525,2673,1,26,10,30901
5526,2673,1,456,12,30901
5527,2673,1,28,7,30901
5528,2673,1,114,9,30901
5529,2674,1,92,4,30901
5530,2675,1,1,5,30901
5531,2676,1,0,5,30901
5532,2677,1,424,4,30901
5533,2677,1,87,7,30901
5534,2677,1,30,7,30901
5535,2678,1,114,4,30901
5536,2679,1,73,5,30901
5537,2679,1,105,4,30901
5538,2680,1,138,1,30901
5539,2681,1,26,4,30901
5540,2682,1,151,8,30901
5541,2683,1,117,7,30901
5542,2684,1,21,6,30901
5543,2684,1,44,3,30901
5544,2685,1,26,6,30901
5545,2686,1,32,5,30901
5546,2686,1,14,8,30901
5547,2687,1,205,7,30901
5548,2687,1,56,6,30901
5549,2688,1,17,4,30901
5550,2688,1,2,7,30901
5551,2689,1,130,6,30901
5552,2689,1,97,10,30901
5553,2690,1,28,4,30901
5554,2690,1,7,5,30901
5555,2691,1,48,8,30901
5556,2692,1,1,2,30901
5557,2692,1,207,4,30901
5558,2692,1,432,6,30901
5559,2692,1,119,4,30901
5560,2693,1,39,10,30901
5561,2694,1,454,12,30901
5562,2694,1,6,10,30901
5563,2694,1,27,10,30901
5564,2694,1,33,8,30901
5565,2694,1,37,3,30901
5566,2694,1,164,6,30901
5567,2694,1,157,8,30901
5568,2695,1,6,1,30901
5569,2696,1,131,6,30901
5570,2697,1,11,6,30901
5571,2697,1,50,4,30901
5572,2697,1,7,2,30901
5573,2698,1,167,6,30901
5574,2699,1,3,6,30901
5575,2700,1,431,7,30901
5576,2700,1,39,7,30901
5577,2700,1,168,2,30901
5578,2701,1,225,8,30901
5579,2702,1,72,8,30901
5580,2702,1,66,6,30901
5581,2703,1,16,9,30901
5582,2704,1,35,2,30901
5583,2705,1,372,12,30901
5584,2705,1,8,11,30901
5585,2705,1,356,11,30901
5586,2705,1,36,11,30901
5587,2705,1,30,6,30901
5588,2706,1,491,4,30901
5589,2707,1,38,6,30901
5590,2708,1,138,8,30901
5591,2709,1,6,8,30901
5592,2709,1,73,5,30901
5593,2709,1,2,4,30901
5594,2710,1,57,10,30901
5595,2710,1,443,4,30901
5596,2710,1,191,9,30901
5597,2710,1,4,8,30901
5598,2711,1,0,8,30901
5599,2712,1,30,1,30901
5600,2712,1,19,5,30901
5601,2713,1,28,6,30901
5602,2713,1,23,8,30901
5603,2714,1,27,4,30901
5604,2714,1,188,6,30901
5605,2714,1,76,6,30901
5606,2714,1,1,11,30901
5607,2715,1,138,2,30901
5608,2715,1,151,7,30901
5609,2715,1,38,7,30901
5610,2715,1,2,5,30901
5611,2716,1,1,7,30901
5612,2716,1,131,3,30901
5613,2716,1,128,4,30901
5614,2716,1,3,8,30901
5615,2716,1,285,2,30901
5616,2716,1,253,8,30901
5617,2716,1,72,6,30901
5618,2717,1,64,8,30901
5619,2718,1,21,8,30901
5620,2719,1,110,3,30901
5621,2720,1,31,5,30901
5622,2720,1,17,10,30901
5623,2720,1,35,6,30901
5624,2720,1,20,7,30901
5625,2720,1,8,5,30901
5626,2720,1,3,6,30901
5627,2720,1,154,3,30901
5628,2721,1,22,6,30901
5629,2721,1,15,6,30901
5630,2721,1,0,7,30901
5631,2722,1,16,6,30901
5632,2723,1,389,3,30901
5633,2723,1,67,4,30901
5634,2723,1,46,8,30901
5635,2723,1,4,12,30901
5636,2723,1,152,4,30901
5637,2724,1,25,2,30901
5638,2724,1,12,8,30901
5639,2724,1,53,6,30901
5640,2724,1,17,10,30901
5641,2725,1,54,10,30901
5642,2725,1,4,4,30901
5643,2725,1,77,2,30901
5644,2726,1,6,9,30901
5645,2727,1,25,4,30901
5646,2728,1,316,12,30901
5647,2728,1,157,3,30901
5648,2728,1,36,9,30901
5649,2728,1,59,2,30901
5650,2728,1,12,7,30901
5651,2728,1,87,8,30901
5652,2728,1,133,10,30901
5653,2728,1,44,6,30901
5654,2729,1,227,4,30901
5655,2730,1,377,9,30901
5656,2730,1,189,4,30901
5657,2730,1,436,11,30901
5658,2731,1,230,6,30901
5659,2731,1,101,6,30901
5660,2732,1,46,10,30901
5661,2733,1,315,6,30901
5662,2733,1,42,1,30901
5663,2733,1,119,11,30901
5664,2733,1,462,10,30901
5665,2733,1,126,5,30901
5666,2733,1,38,8,30901
5667,2733,1,49,4,30901
5668,2733,1,39,7,30901
5669,2734,1,97,8,30901
5670,2734,1,373,7,30901
5671,2734,1,6,8,30901
5672,2735,1,162,8,30901
5673,2735,1,401,5,30901
5674,2736,1,10,8,30901
5675,2736,1,3,4,30901
5676,2737,1,256,8,30901
5677,2737,1,166,10,30901
5678,2738,1,12,5,30901
5679,2739,1,23,5,30901
5680,2739,1,22,8,30901
5681,2739,1,2,6,30901
5682,2740,1,27,8,30901
5683,2740,1,96,5,30901
5684,2740,1,231,8,30901
5685,2741,1,114,6,30901
5686,2741,1,31,8,30901
5687,2742,1,147,2,30901
5688,2743,1,71,6,30901
5689,2744,1,5,4,30901
5690,2745,1,4,4,30901
5691,2746,1,249,9,30901
5692,2747,1,481,9,30901
5693,2747,1,27,2,30901
5694,2747,1,36,8,30901
5695,2747,1,8,6,30901
5696,2747,1,53,12,30901
5697,2748,1,62,4,30901
5698,2749,1,144,6,30901
5699,2749,1,27,6,30901
5700,2750,1,45,9,30901
5701,2751,1,14,7,30901
5702,2752,1,26,8,30901
5703,2752,1,200,11,30901
5704,2753,1,88,3,30901
5705,2753,1,162,8,30901
5706,2753,1,45,7,30901
5707,2753,1,136,2,30901
5708,2753,1,13,8,30901
5709,2753,1,10,7,30901
5710,2754,1,229,10,30901
5711,2755,1,72,4,30901
5712,2755,1,1,8,30901
5713,2755,1,13,8,30901
5714,2755,1,9,11,30901
5715,2755,1,489,8,30901
5716,2756,1,100,4,30901
5717,2756,1,450,2,30901
5718,2757,1,0,11,30901
5719,2757,1,134,3,30901
5720,2758,1,402,12,30901
5721,2759,1,61,6,30901
5722,2760,1,177,2,30901
5723,2761,1,16,3,30901
5724,2762,1,46,4,30901
5725,2762,1,11,8,30901
5726,2762,1,221,9,30901
5727,2762,1,160,9,30901
5728,2763,1,0,5,30901
5729,2764,1,422,8,30901
5730,2765,1,29,10,30961
5731,2766,1,8,7,30961
5732,2766,1,293,10,30961
5733,2766,1,9,2,30961
5734,2767,1,2,6,30961
5735,2768,1,99,7,30961
5736,2768,1,8,9,30961
5737,2768,1,27,5,30961
5738,2768,1,329,10,30961
5739,2768,1,56,10,30961
5740,2768,1,40,8,30961
5741,2769,1,11,11,30961
5742,2770,1,138,11,30961
5743,2770,1,426,7,30961
5744,2770,1,214,12,30961
5745,2771,1,89,8,31021
5746,2771,1,471,1,31021
5747,2772,1,22,10,31021
5748,2773,1,180,6,31021
5749,2774,1,45,4,31021
5750,2774,1,12,2,31021
5751,2775,1,1,6,31081
5752,2776,1,2,1,31081
5753,2776,1,37,5,31081
5754,2776,1,32,9,31081
5755,2777,1,174,12,31081
5756,2778,1,61,12,31081
5757,2779,1,18,5,31081
5758,2779,1,48,6,31081
5759,2780,1,212,7,31081
5760,2781,1,29,10,31141
5761,2782,1,35,2,31141
5762,2782,1,59,6,31141
5763,2782,1,183,3,31141
5764,2782,1,25,8,31141
5765,2783,1,39,9,31141
5766,2783,1,12,2,31141
5767,2783,1,28,6,31141
5768,2784,1,203,9,31141
5769,2785,1,140,2,31141
5770,2785,1,135,3,31141
5771,2785,1,8,2,31141
5772,2785,1,172,10,31141
5773,2786,1,267,7,31201
5774,2787,1,3,8,31201
5775,2787,1,28,2,31201
5776,2788,1,41,10,31201
5777,2788,1,50,7,31201
5778,2789,1,475,3,31201
5779,2789,1,333,10,31201
5780,2790,1,243,1,31201
5781,2790,1,43,6,31201
5782,2791,1,25,1,31201
5783,2791,1,397,7,31201
5784,2791,1,44,3,31201
5785,2792,1,13,9,31201
5786,2793,1,8,12,31201
5787,2794,1,63,8,31201
5788,2794,1,57,6,31201
5789,2794,1,332,1,31201
5790,2794,1,148,6,31201
5791,2794,1,53,8,31201
5792,2794,1,9,7,31201
5793,2795,1,140,8,31201
5794,2795,1,147,6,31201
5795,2796,1,441,11,31201
5796,2797,1,185,4,31261
5797,2798,1,41,2,31261
5798,2799,1,188,12,31321
5799,2800,1,96,10,31321
5800,2800,1,487,12,31321
5801,2800,1,88,10,31321
5802,2800,1,41,4,31321
5803,2801,1,422,7,31321
5804,2802,1,10,9,31381
5805,2802,1,14,8,31381
5806,2802,1,260,12,31381
5807,2802,1,391,12,31381
5808,2802,1,188,8,31381
5809,2802,1,198,10,31381
5810,2803,1,49,2,31381
5811,2803,1,14,7,31381
5812,2804,1,30,5,31381
5813,2804,1,66,6,31381
5814,2805,1,13,6,31381
5815,2806,1,24,8,31381
5816,2806,1,13,7,31381
5817,2806,1,156,6,31381
5818,2806,1,402,12,31381
5819,2807,1,30,6,31381
5820,2808,1,459,10,31441
5821,2809,1,34,11,31441
5822,2809,1,8,2,31441
5823,2809,1,181,10,31441
5824,2810,1,40,5,31441
5825,2810,1,21,10,31441
5826,2811,1,467,1,31441
5827,2812,1,307,9,31441
5828,2812,1,5,4,31441
5829,2813,1,17,12,31441
5830,2814,1,254,8,31441
5831,2814,1,147,4,31441
5832,2815,1,44,4,31501
5833,2815,1,5,6,31501
5834,2815,1,51,11,31501
5835,2815,1,8,10,31501
5836,2816,1,332,6,31501
5837,2816,1,21,7,31501
5838,2816,1,85,6,31501
5839,2817,1,273,12,31501
5840,2818,1,470,5,31501
5841,2818,1,86,6,31501
5842,2818,1,6,10,31501
5843,2818,1,218,12,31501
5844,2819,1,166,5,31501
5845,2820,1,191,2,31561
5846,2821,1,155,7,31561
5847,2821,1,13,4,31561
5848,2821,1,67,5,31561
5849,2821,1,106,8,31561
5850,2822,1,25,4,31621
5851,2823,1,46,8,31621
5852,2824,1,67,8,31621
5853,2824,1,40,6,31621
5854,2825,1,193,9,31621
5855,2826,1,451,2,31621
5856,2826,1,69,5,31621
5857,2827,1,2,3,31681
5858,2828,1,11,8,31681
5859,2829,1,22,4,31681
5860,2829,1,71,10,31681
5861,2829,1,44,6,31681
5862,2830,1,23,6,31681
5863,2831,1,1,7,31741
5864,2832,1,77,6,31741
5865,2833,1,45,3,31741
5866,2833,1,35,2,31741
5867,2833,1,2,4,31741
5868,2833,1,132,4,31741
5869,2833,1,341,3,31741
5870,2833,1,72,10,31741
5871,2834,1,5,2,31741
5872,2835,1,85,8,31741
5873,2836,1,296,12,31801
5874,2837,1,77,6,31801
5875,2838,1,260,10,31801
5876,2839,1,1,8,31801
5877,2840,1,32,10,31801
5878,2840,1,50,12,31801
5879,2840,1,466,12,31801
5880,2841,1,62,6,31801
5881,2841,1,6,4,31801
5882,2841,1,70,4,31801
5883,2842,1,407,10,31801
5884,2843,1,6,1,31861
5885,2843,1,0,4,31861
5886,2843,1,141,3,31861
5887,2844,1,169,5,31861
5888,2845,1,19,7,31861
5889,2846,1,13,2,31861
5890,2847,1,36,4,31861
5891,2847,1,1,4,31861
5892,2848,1,31,10,31861
5893,2849,1,472,6,31861
5894,2849,1,71,7,31861
5895,2849,1,5,9,31861
5896,2850,1,95,2,31921
5897,2850,1,0,10,31921
5898,2851,1,30,12,31921
5899,2852,1,83,4,31921
5900,2853,1,101,8,31921
5901,2854,1,119,7,31921
5902,2855,1,194,6,31981
5903,2856,1,20,5,31981
5904,2856,1,45,3,31981
5905,2856,1,478,6,31981
5906,2857,1,127,11,31981
5907,2858,1,413,10,31981
5908,2858,1,8,7,31981
5909,2858,1,3,3,31981
5910,2858,1,40,5,31981
5911,2858,1,2,10,31981
5912,2859,1,112,4,32041
5913,2860,1,353,8,32041
5914,2861,1,228,2,32041
5915,2861,1,0,7,32041
5916,2862,1,1,10,32041
5917,2863,1,45,1,32101
5918,2863,1,29,10,32101
5919,2863,1,11,5,32101
5920,2864,1,230,6,32101
5921,2865,1,1,11,32101
5922,2865,1,2,6,32101
5923,2865,1,257,4,32101
5924,2865,1,23,7,32101
5925,2865,1,41,9,32101
5926,2865,1,33,11,32101
5927,2865,1,11,5,32101
5928,2865,1,20,6,32101
5929,2866,1,4,10,32101
5930,2867,1,6,6,32101
5931,2868,1,61,8,32101
5932,2869,1,397,7,32101
5933,2870,1,22,8,32101
5934,2871,1,145,10,32101
5935,2872,1,11,8,32101
5936,2873,1,30,9,32101
5937,2874,1,474,8,32161
5938,2875,1,36,1,32161
5939,2875,1,3,8,32161
5940,2876,1,52,8,32161
5941,2876,1,7,2,32161
5942,2877,1,92,6,32161
5943,2877,1,83,7,32161
5944,2877,1,125,3,32161
5945,2878,1,404,10,32161
5946,2879,1,32,5,32161
5947,2880,1,185,2,32161
5948,2880,1,51,2,32161
5949,2881,1,43,6,32161
5950,2882,1,375,9,32161
5951,2882,1,7,12,32161
5952,2883,1,144,10,32221
5953,2883,1,29,10,32221
5954,2884,1,1,2,32221
5955,2884,1,56,8,32221
5956,2884,1,27,4,32221
5957,2884,1,172,5,32221
5958,2884,1,325,11,32221
5959,2885,1,2,2,32281
5960,2885,1,66,2,32281
5961,2886,1,23,3,32281
5962,2886,1,20,8,32281
5963,2886,1,200,5,32281
5964,2887,1,4,5,32281
5965,2887,1,62,5,32281
5966,2887,1,142,4,32281
5967,2887,1,151,8,32281
5968,2888,1,79,8,32281
5969,2888,1,54,6,32281
5970,2889,1,28,1,32281
5971,2889,1,182,9,32281
5972,2889,1,143,6,32281
5973,2889,1,201,5,32281
5974,2889,1,29,6,32281
5975,2890,1,16,10,32341
5976,2891,1,32,10,32341
5977,2892,1,424,5,32401
5978,2892,1,15,9,32401
5979,2892,1,460,6,32401
5980,2893,1,38,9,32401
5981,2894,1,126,6,32401
5982,2895,1,1,7,32401
5983,2895,1,30,6,32401
5984,2896,1,14,8,32461
5985,2896,1,55,9,32461
5986,2896,1,8,4,32461
5987,2896,1,156,8,32461
5988,2896,1,50,10,32461
5989,2896,1,43,8,32461
5990,2897,1,39,9,32461
5991,2898,1,2,8,32461
5992,2898,1,1,12,32461
5993,2899,1,13,1,32461
5994,2900,1,43,4,32461
5995,2900,1,8,6,32461
5996,2901,1,12,12,32521
5997,2901,1,16,6,32521
5998,2901,1,447,8,32521
5999,2901,1,18,4,32521
6000,2901,1,6,6,32521
6001,2901,1,418,4,32521
6002,2902,1,142,1,32521
6003,2902,1,52,12,32521
6004,2902,1,14,10,32521
6005,2903,1,14,10,32521
6006,2904,1,3,2,32521
6007,2905,1,453,12,32521
6008,2906,1,19,8,32521
6009,2906,1,58,6,32521
6010,2906,1,1,12,32521
6011,2907,1,278,10,32581
6012,2907,1,127,5,32581
6013,2908,1,379,9,32581
6014,2909,1,62,8,32581
6015,2910,1,2,7,32581
6016,2911,1,150,4,32581
6017,2911,1,9,8,32581
6018,2911,1,200,7,32581
6019,2911,1,1,3,32581
6020,2911,1,419,12,32581
6021,2912,1,5,7,32581
6022,2912,1,10,10,32581
6023,2913,1,129,8,32581
6024,2914,1,119,8,32581
6025,2915,1,9,6,32641
6026,2916,1,91,10,32641
6027,2917,1,481,3,32641
6028,2917,1,25,11,32641
6029,2917,1,0,6,32641
6030,2918,1,336,8,32641
6031,2918,1,2,9,32641
6032,2918,1,0,6,32641
6033,2919,1,439,8,32641
6034,2920,1,20,8,32641
6035,2921,1,304,8,32641
6036,2921,1,17,8,32641
6037,2921,1,470,3,32641
6038,2922,1,167,4,32641
6039,2922,1,40,4,32641
6040,2923,1,478,5,32701
6041,2924,1,69,3,32701
6042,2925,1,73,4,32701
6043,2926,1,404,8,32701
6044,2927,1,293,8,32701
6045,2928,1,13,5,32701
6046,2928,1,43,11,32701
6047,2928,1,253,9,32701
6048,2929,1,22,4,32701
6049,2929,1,43,4,32701
6050,2929,1,403,2,32701
6051,2930,1,96,2,32701
6052,2930,1,132,10,32701
6053,2930,1,186,3,32701
6054,2930,1,14,9,32701
6055,2931,1,127,4,32701
6056,2931,1,4,4,32701
6057,2932,1,475,10,32761
6058,2933,1,0,9,32761
6059,2933,1,75,4,32761
6060,2933,1,309,10,32761
6061,2934,1,7,6,32761
6062,2935,1,126,4,32761
6063,2936,1,19,10,32761
6064,2936,1,160,11,32761
6065,2936,1,9,8,32761
6066,2936,1,42,12,32761
6067,2937,1,11,8,32761
6068,2938,1,91,10,32821
6069,2939,1,104,8,32821
6070,2940,1,100,6,32821
6071,2940,1,424,8,32821
6072,2940,1,14,9,32821
6073,2941,1,47,2,32821
6074,2941,1,475,8,32821
6075,2942,1,119,4,32821
6076,2942,1,201,10,32821
6077,2942,1,14,2,32821
6078,2943,1,44,7,32821
6079,2943,1,10,4,32821
6080,2944,1,78,12,32881
6081,2945,1,4,10,32881
6082,2946,1,270,8,32881
6083,2947,1,15,2,32881
6084,2947,1,3,7,32881
6085,2947,1,29,12,32881
6086,2947,1,276,6,32881
6087,2948,1,37,2,32881
6088,2948,1,9,5,32881
6089,2949,1,263,6,32881
6090,2950,1,161,3,32881
6091,2950,1,78,2,32881
6092,2950,1,52,9,32881
6093,2951,1,273,6,32941
6094,2951,1,28,3,32941
6095,2952,1,33,8,32941
6096,2953,1,4,6,32941
6097,2953,1,454,4,32941
6098,2953,1,0,7,32941
6099,2953,1,172,4,32941
6100,2953,1,123,8,32941
6101,2953,1,107,6,32941
6102,2953,1,131,5,32941
6103,2954,1,44,10,32941
6104,2955,1,267,8,33001
6105,2955,1,2,8,33001
6106,2956,1,17,9,33001
6107,2957,1,42,6,33001
6108,2957,1,28,12,33001
6109,2957,1,21,10,33001
6110,2957,1,29,11,33001
6111,2958,1,18,5,33001
6112,2958,1,379,11,33001
6113,2959,1,138,7,33061
6114,2960,1,18,5,33061
6115,2961,1,76,6,33061
6116,2962,1,111,7,33061
6117,2963,1,53,4,33061
6118,2963,1,7,10,33061
6119,2964,1,262,12,33061
6120,2965,1,29,6,33061
6121,2965,1,15,4,33061
6122,2965,1,1,5,33061
6123,2966,1,32,8,33061
6124,2966,1,46,5,33061
6125,2967,1,10,6,33121
6126,2968,1,48,8,33121
6127,2968,1,8,4,33121
6128,2969,1,113,11,33121
6129,2969,1,41,9,33121
6130,2969,1,165,7,33121
6131,2969,1,69,6,33121
6132,2969,1,1,8,33121
6133,2969,1,26,11,33121
6134,2969,1,27,5,33121
6135,2970,1,11,3,33121
6136,2970,1,454,6,33121
6137,2971,1,399,5,33121
6138,2971,1,2,5,33121
6139,2972,1,13,2,33181
6140,2973,1,447,12,33181
6141,2973,1,53,8,33181
6142,2973,1,3,9,33181
6143,2974,1,403,1,33241
6144,2975,1,30,8,33241
6145,2976,1,6,9,33241
6146,2977,1,59,11,33241
6147,2978,1,44,2,33241
6148,2978,1,109,6,33241
6149,2978,1,29,10,33241
6150,2979,1,218,3,33241
6151,2979,1,9,3,33241
6152,2979,1,13,1,33241
6153,2979,1,24,9,33241
6154,2980,1,461,8,33301
6155,2980,1,56,12,33301
6156,2981,1,276,10,33301
6157,2982,1,388,2,33301
6158,2983,1,155,10,33301
6159,2984,1,56,10,33301
6160,2984,1,107,5,33301
6161,2985,1,35,3,33301
6162,2985,1,367,5,33301
6163,2985,1,15,4,33301
6164,2985,1,4,3,33301
6165,2985,1,8,10,33301
6166,2985,1,37,1,33301
6167,2985,1,14,9,33301
6168,2986,1,330,3,33301
6169,2987,1,2,6,33361
6170,2987,1,11,4,33361
6171,2988,1,10,11,33361
6172,2988,1,246,8,33361
6173,2988,1,45,12,33361
6174,2988,1,17,4,33361
6175,2989,1,40,8,33361
6176,2989,1,18,2,33361
6177,2989,1,402,4,33361
6178,2989,1,37,8,33361
6179,2990,1,10,5,33361
6180,2990,1,153,7,33361
6181,2990,1,267,8,33361
6182,2991,1,193,6,33361
6183,2991,1,10,8,33361
6184,2991,1,5,7,33361
6185,2992,1,290,7,33421
6186,2993,1,119,8,33421
6187,2994,1,488,9,33421
6188,2994,1,12,12,33421
6189,2995,1,353,9,33481
6190,2996,1,2,8,33481
6191,2996,1,0,11,33481
6192,2997,1,3,8,33481
6193,2998,1,39,2,33481
6194,2999,1,30,4,33481
6195,2999,1,38,3,33481
6196,2999,1,11,8,33481
6197,2999,1,42,7,33481
6198,2999,1,21,2,33481
6199,2999,1,5,2,33481
6200,2999,1,17,9,33481
6201,2999,1,22,11,33481
6202,2999,1,33,5,33481
6203,2999,1,37,8,33481
6204,3000,1,5,4,33481
6205,3001,1,75,2,33541
6206,3002,1,459,12,33601
6207,3002,1,25,6,33601
6208,3003,1,32,6,33601
6209,3004,1,24,4,33601
6210,3005,1,6,4,33601
6211,3006,1,34,4,33601
6212,3007,1,78,1,33601
6213,3008,1,52,3,33601
6214,3008,1,335,8,33601
6215,3008,1,208,12,33601
6216,3009,1,15,3,33661
6217,3009,1,26,2,33661
6218,3009,1,2,5,33661
6219,3010,1,329,1,33661
6220,3011,1,100,6,33661
6221,3011,1,319,10,33661
6222,3012,1,412,1,33661
6223,3013,1,94,2,33661
6224,3013,1,52,3,33661
6225,3013,1,13,4,33661
6226,3014,1,78,11,33721
6227,3015,1,75,6,33721
6228,3015,1,23,7,33721
6229,3016,1,2,7,33721
6230,3017,1,20,6,33781
6231,3018,1,216,6,33781
6232,3019,1,200,10,33781
6233,3020,1,116,8,33781
6234,3020,1,298,4,33781
6235,3020,1,33,3,33781
6236,3020,1,161,12,33781
6237,3020,1,36,9,33781
6238,3020,1,120,12,33781
6239,3020,1,18,6,33781
6240,3020,1,45,6,33781
6241,3020,1,39,8,33781
6242,3021,1,1,2,33781
6243,3021,1,7,5,33781
6244,3021,1,362,12,33781
6245,3021,1,443,10,33781
6246,3022,1,210,4,33841
6247,3023,1,26,4,33841
6248,3023,1,72,8,33841
6249,3023,1,328,4,33841
6250,3023,1,0,4,33841
6251,3024,1,13,8,33841
6252,3025,1,6,4,33841
6253,3025,1,36,10,33841
6254,3026,1,52,4,33901
6255,3026,1,172,10,33901
6256,3026,1,413,6,33901
6257,3027,1,143,4,33901
6258,3027,1,118,4,33901
6259,3028,1,153,10,33901
6260,3029,1,467,9,33961
6261,3030,1,0,6,33961
6262,3031,1,33,3,33961
6263,3032,1,1,8,33961
6264,3032,1,396,6,33961
6265,3032,1,434,3,33961
6266,3033,1,56,7,34021
6267,3034,1,155,8,34021
6268,3035,1,131,9,34021
6269,3035,1,70,4,34021
6270,3035,1,4,8,34021
6271,3035,1,103,6,34021
6272,3036,1,21,8,34021
6273,3036,1,482,4,34021
6274,3037,1,4,8,34021
6275,3037,1,43,9,34021
6276,3037,1,8,7,34021
6277,3037,1,56,9,34021
6278,3038,1,17,9,34081
6279,3039,1,197,12,34081
6280,3039,1,77,8,34081
6281,3039,1,33,4,34081
6282,3040,1,37,4,34081
6283,3040,1,7,6,34081
6284,3041,1,142,12,34081
6285,3041,1,268,5,34081
6286,3041,1,2,8,34081
6287,3042,1,94,12,34081
6288,3043,1,159,4,34081
6289,3043,1,0,2,34081
6290,3043,1,39,2,34081
6291,3043,1,239,4,34081
6292,3043,1,29,5,34081
6293,3043,1,49,6,34081
6294,3044,1,164,8,34081
6295,3045,1,37,8,34141
6296,3045,1,5,2,34141
6297,3045,1,58,5,34141
6298,3046,1,427,5,34141
6299,3047,1,102,5,34141
6300,3048,1,105,10,34141
6301,3049,1,1,7,34141
6302,3049,1,6,8,34141
6303,3049,1,2,2,34141
6304,3049,1,9,4,34141
6305,3050,1,37,4,34141
6306,3051,1,17,1,34141
6307,3051,1,9,5,34141
6308,3051,1,8,12,34141
6309,3052,1,162,12,34141
6310,3052,1,193,8,34141
6311,3052,1,284,4,34141
6312,3052,1,379,4,34141
6313,3052,1,17,4,34141
6314,3053,1,92,4,34201
6315,3054,1,490,9,34201
6316,3055,1,8,2,34201
6317,3055,1,47,4,34201
6318,3055,1,27,9,34201
6319,3056,1,1,4,34261
6320,3057,1,295,5,34261
6321,3058,1,21,6,34321
6322,3059,1,40,2,34321
6323,3059,1,384,4,34321
6324,3060,1,38,4,34321
6325,3061,1,8,11,34321
6326,3061,1,64,4,34321
6327,3061,1,86,7,34321
6328,3062,1,2,6,34321
6329,3063,1,210,6,34321
6330,3064,1,465,8,34321
6331,3065,1,283,4,34321
6332,3065,1,292,12,34321
6333,3065,1,31,6,34321
6334,3065,1,43,8,34321
6335,3065,1,6,10,34321
6336,3066,1,145,6,34381
6337,3067,1,326,6,34381
6338,3067,1,221,7,34381
6339,3067,1,105,5,34381
6340,3068,1,168,6,34381
6341,3068,1,0,7,34381
6342,3069,1,0,7,34381
6343,3069,1,8,7,34381
6344,3070,1,40,7,34381
6345,3070,1,322,7,34381
6346,3070,1,42,3,34381
6347,3070,1,343,8,34381
6348,3070,1,1,10,34381
6349,3071,1,20,5,34381
6350,3071,1,3,8,34381
6351,3071,1,49,2,34381
6352,3072,1,292,8,34381
6353,3073,1,61,6,34381
6354,3073,1,5,2,34381
6355,3073,1,4,12,34381
6356,3074,1,3,7,34381
6357,3075,1,37,10,34381
6358,3075,1,116,12,34381
6359,3076,1,20,2,34381
6360,3077,1,6,12,34381
6361,3077,1,42,12,34381
6362,3077,1,74,5,34381
6363,3078,1,1,1,34441
6364,3078,1,16,10,34441
6365,3079,1,369,8,34441
6366,3079,1,20,5,34441
6367,3080,1,488,6,34441
6368,3080,1,32,6,34441
6369,3081,1,449,8,34441
6370,3081,1,3,11,34441
6371,3082,1,202,3,34441
6372,3083,1,90,10,34441
6373,3084,1,13,12,34441
6374,3084,1,4,4,34441
6375,3085,1,46,4,34441
6376,3085,1,1,8,34441
6377,3086,1,474,4,34441
6378,3087,1,3,4,34501
6379,3088,1,0,6,34501
6380,3089,1,161,6,34561
6381,3090,1,28,2,34561
6382,3091,1,7,2,34561
6383,3092,1,21,12,34561
6384,3092,1,47,4,34561
6385,3092,1,32,2,34561
6386,3092,1,78,8,34561
6387,3092,1,122,8,34561
6388,3093,1,86,10,34561
6389,3093,1,13,5,34561
6390,3093,1,381,2,34561
6391,3093,1,70,6,34561
6392,3094,1,317,2,34561
6393,3094,1,276,8,34561
6394,3095,1,44,9,34561
6395,3096,1,13,1,34621
6396,3097,1,46,8,34621
6397,3098,1,315,7,34621
6398,3098,1,174,5,34621
6399,3099,1,189,9,34681
6400,3100,1,211,8,34681
6401,3100,1,201,10,34681
6402,3100,1,16,2,34681
6403,3101,1,60,7,34681
6404,3101,1,85,2,34681
6405,3101,1,0,2,34681
6406,3101,1,138,10,34681
6407,3102,1,0,3,34681
6408,3103,1,293,3,34741
6409,3103,1,13,6,34741
6410,3103,1,125,4,34741
6411,3103,1,151,8,34741
6412,3104,1,381,10,34741
6413,3105,1,3,6,34741
6414,3105,1,60,8,34741
6415,3105,1,34,11,34741
6416,3105,1,26,10,34741
6417,3106,1,77,2,34741
6418,3107,1,73,10,34741
6419,3107,1,1,4,34741
6420,3108,1,385,2,34741
6421,3108,1,464,11,34741
6422,3108,1,7,4,34741
6423,3109,1,416,4,34741
6424,3110,1,3,6,34801
6425,3111,1,375,8,34801
6426,3111,1,22,7,34801
6427,3111,1,278,6,34801
6428,3111,1,17,4,34801
6429,3112,1,5,7,34801
6430,3112,1,98,7,34801
6431,3113,1,60,8,34801
6432,3113,1,5,8,34801
6433,3113,1,115,9,34801
6434,3113,1,326,8,34801
6435,3113,1,392,6,34801
6436,3113,1,10,10,34801
6437,3113,1,89,3,34801
6438,3114,1,23,10,34801
6439,3115,1,340,6,34861
6440,3116,1,188,5,34861
6441,3116,1,7,12,34861
6442,3116,1,45,6,34861
6443,3116,1,63,10,34861
6444,3117,1,47,1,34861
6445,3117,1,139,12,34861
6446,3117,1,376,7,34861
6447,3118,1,5,4,34921
6448,3119,1,11,8,34921
6449,3120,1,1,4,34921
6450,3121,1,145,2,34921
6451,3122,1,22,6,34921
6452,3122,1,339,2,34921
6453,3123,1,24,5,34981
6454,3124,1,14,10,34981
6455,3124,1,22,6,34981
6456,3125,1,155,1,34981
6457,3125,1,15,10,34981
6458,3126,1,165,9,34981
6459,3126,1,1,10,34981
6460,3126,1,41,4,34981
6461,3126,1,181,4,34981
6462,3127,1,4,6,34981
6463,3128,1,301,6,34981
6464,3129,1,475,2,34981
6465,3130,1,242,10,34981
6466,3130,1,24,6,34981
6467,3131,1,77,11,35041
6468,3131,1,26,6,35041
6469,3131,1,34,6,35041
6470,3131,1,5,12,35041
6471,3132,1,0,7,35041
6472,3133,1,99,4,35041
6473,3134,1,18,9,35041
6474,3134,1,26,3,35041
6475,3135,1,10,1,35041
6476,3136,1,4,5,35101
6477,3136,1,2,5,35101
6478,3137,1,137,8,35101
6479,3137,1,133,4,35101
6480,3137,1,249,3,35101
6481,3138,1,6,12,35101
6482,3138,1,42,9,35101
6483,3138,1,94,6,35101
6484,3138,1,176,4,35101
6485,3139,1,151,5,35161
6486,3139,1,363,5,35161
6487,3139,1,37,6,35161
6488,3140,1,2,4,35161
6489,3141,1,47,6,35161
6490,3142,1,486,1,35161
6491,3143,1,107,5,35161
6492,3143,1,121,8,35161
6493,3144,1,15,8,35161
6494,3145,1,44,5,35161
6495,3145,1,8,6,35161
6496,3145,1,142,6,35161
6497,3146,1,39,6,35221
6498,3146,1,22,10,35221
6499,3146,1,99,2,35221
6500,3146,1,109,5,35221
6501,3146,1,6,6,35221
6502,3147,1,462,2,35221
6503,3147,1,37,5,35221
6504,3147,1,20,10,35221
6505,3148,1,68,11,35221
6506,3148,1,168,8,35221
6507,3149,1,19,2,35281
6508,3150,1,69,9,35281
6509,3150,1,283,12,35281
6510,3151,1,399,8,35281
6511,3152,1,484,2,35281
6512,3152,1,46,9,35281
6513,3152,1,32,7,35281
6514,3153,1,86,1,35281
6515,3154,1,364,6,35281
6516,3155,1,493,4,35281
6517,3155,1,236,3,35281
6518,3156,1,63,4,35281
6519,3157,1,45,2,35341
6520,3158,1,127,4,35341
6521,3158,1,109,5,35341
6522,3159,1,219,12,35341
6523,3160,1,208,1,35341
6524,3161,1,131,6,35341
6525,3161,1,13,7,35341
6526,3162,1,8,2,35401
6527,3163,1,80,10,35401
6528,3164,1,75,6,35401
6529,3164,1,238,5,35401
6530,3165,1,28,2,35461
6531,3165,1,7,6,35461
6532,3165,1,78,11,35461
6533,3165,1,5,6,35461
6534,3166,1,118,10,35461
6535,3167,1,191,2,35461
6536,3168,1,173,3,35461
6537,3168,1,1,5,35461
6538,3168,1,318,2,35461
6539,3169,1,5,6,35461
6540,3170,1,62,11,35461
6541,3171,1,87,7,35521
6542,3172,1,495,7,35581
6543,3173,1,7,4,35581
6544,3173,1,144,8,35581
6545,3173,1,8,2,35581
6546,3173,1,68,6,35581
6547,3173,1,402,7,35581
6548,3173,1,0,6,35581
6549,3173,1,336,1,35581
6550,3173,1,9,6,35581
6551,3173,1,238,6,35581
6552,3173,1,22,12,35581
6553,3174,1,80,8,35581
6554,3174,1,105,2,35581
6555,3175,1,7,6,35581
6556,3175,1,58,12,35581
6557,3176,1,291,6,35641
6558,3176,1,162,2,35641
6559,3176,1,2,4,35641
6560,3176,1,8,7,35641
6561,3177,1,2,8,35641
6562,3178,1,49,6,35641
6563,3179,1,1,6,35641
6564,3180,1,22,2,35701
6565,3180,1,489,12,35701
6566,3180,1,294,4,35701
6567,3180,1,138,3,35701
6568,3180,1,368,10,35701
6569,3180,1,341,9,35701
6570,3181,1,359,6,35701
6571,3181,1,4,5,35701
6572,3181,1,9,7,35701
6573,3182,1,11,11,35701
6574,3183,1,4,4,35761
6575,3183,1,441,5,35761
6576,3184,1,6,10,35761
6577,3185,1,4,7,35761
6578,3185,1,93,2,35761
6579,3186,1,18,5,35761
6580,3186,1,11,6,35761
6581,3187,1,3,7,35761
6582,3187,1,104,12,35761
6583,3188,1,109,5,35761
6584,3189,1,106,11,35761
6585,3189,1,7,8,35761
6586,3189,1,39,6,35761
6587,3189,1,232,7,35761
6588,3189,1,60,9,35761
6589,3189,1,58,8,35761
6590,3189,1,102,10,35761
6591,3189,1,3,5,35761
6592,3190,1,7,8,35761
6593,3190,1,45,5,35761
6594,3191,1,394,5,35821
6595,3192,1,199,12,35821
6596,3193,1,31,2,35821
6597,3193,1,24,10,35821
6598,3193,1,330,8,35821
6599,3194,1,67,12,35821
6600,3195,1,132,10,35821
6601,3196,1,0,6,35821
6602,3196,1,42,9,35821
6603,3197,1,27,5,35821
6604,3197,1,18,2,35821
6605,3197,1,43,10,35821
6606,3198,1,289,10,35821
6607,3199,1,263,4,35881
6608,3200,1,155,8,35881
6609,3200,1,48,4,35881
6610,3201,1,6,3,35881
6611,3202,1,2,2,35881
6612,3203,1,28,9,35941
6613,3203,1,24,2,35941
6614,3203,1,44,5,35941
6615,3204,1,34,5,35941
6616,3204,1,36,6,35941
6617,3205,1,131,1,35941
6618,3206,1,33,6,35941
6619,3206,1,372,8,35941
6620,3207,1,43,7,35941
6621,3207,1,110,4,35941
6622,3207,1,166,11,35941
6623,3207,1,179,4,35941
6624,3208,1,8,6,35941
6625,3209,1,23,12,35941
6626,3209,1,384,2,35941
6627,3210,1,53,6,35941
6628,3211,1,17,8,36001
6629,3212,1,4,9,36001
6630,3213,1,201,8,36001
6631,3214,1,292,4,36001
6632,3214,1,28,9,36001
6633,3215,1,403,1,36001
6634,3215,1,341,5,36001
6635,3215,1,2,8,36001
6636,3215,1,67,6,36001
6637,3215,1,179,10,36001
6638,3215,1,181,12,36001
6639,3216,1,37,6,36001
6640,3217,1,14,8,36061
6641,3218,1,17,6,36061
6642,3219,1,34,4,36061
6643,3219,1,216,6,36061
6644,3219,1,12,4,36061
6645,3219,1,472,8,36061
6646,3220,1,181,5,36061
6647,3220,1,56,6,36061
6648,3220,1,27,10,36061
6649,3220,1,16,8,36061
6650,3220,1,74,6,36061
6651,3220,1,11,8,36061
6652,3221,1,177,8,36121
6653,3221,1,16,4,36121
6654,3221,1,46,2,36121
6655,3221,1,208,5,36121
6656,3222,1,29,11,36121
6657,3222,1,81,4,36121
6658,3223,1,42,7,36121
6659,3223,1,198,6,36121
6660,3223,1,80,6,36121
6661,3224,1,46,6,36121
6662,3224,1,201,6,36121
6663,3225,1,26,6,36121
6664,3225,1,203,9,36121
6665,3226,1,7,4,36181
6666,3227,1,42,8,36181
6667,3228,1,41,9,36181
6668,3228,1,338,8,36181
6669,3229,1,5,7,36181
6670,3230,1,395,12,36241
6671,3231,1,181,7,36241
6672,3231,1,118,6,36241
6673,3231,1,73,9,36241
6674,3231,1,402,9,36241
6675,3232,1,168,8,36241
6676,3233,1,291,10,36241
6677,3234,1,17,3,36241
6678,3234,1,18,7,36241
6679,3234,1,449,8,36241
6680,3234,1,169,9,36241
6681,3235,1,155,2,36241
6682,3236,1,386,7,36301
6683,3237,1,103,7,36301
6684,3237,1,128,6,36301
6685,3237,1,285,4,36301
6686,3238,1,33,8,36301
6687,3238,1,123,2,36301
6688,3238,1,32,3,36301
6689,3238,1,37,5,36301
6690,3239,1,35,8,36361
6691,3240,1,17,5,36361
6692,3241,1,7,6,36361
6693,3242,1,0,8,36361
6694,3242,1,111,5,36361
6695,3243,1,21,5,36361
6696,3244,1,118,12,36361
6697,3244,1,133,3,36361
6698,3244,1,105,10,36361
6699,3245,1,36,2,36361
6700,3245,1,0,8,36361
6701,3245,1,47,4,36361
6702,3246,1,12,4,36421
6703,3246,1,7,6,36421
6704,3246,1,2,4,36421
6705,3247,1,55,10,36421
6706,3248,1,8,9,36421
6707,3248,1,2,9,36421
6708,3249,1,127,3,36481
6709,3250,1,41,5,36481
6710,3250,1,9,4,36481
6711,3251,1,31,8,36481
6712,3252,1,6,10,36541
6713,3252,1,10,9,36541
6714,3252,1,18,10,36541
6715,3253,1,109,10,36541
6716,3254,1,39,8,36541
6717,3254,1,127,6,36541
6718,3254,1,51,4,36541
6719,3254,1,114,10,36541
6720,3254,1,46,2,36541
6721,3254,1,134,8,36541
6722,3254,1,36,4,36541
6723,3255,1,90,6,36541
6724,3255,1,431,2,36541
6725,3255,1,346,9,36541
6726,3255,1,54,1,36541
6727,3256,1,5,3,36541
6728,3257,1,46,6,36541
6729,3257,1,0,7,36541
6730,3258,1,337,8,36541
6731,3259,1,0,4,36541
6732,3259,1,387,8,36541
6733,3260,1,146,6,36541
6734,3261,1,131,9,36601
6735,3262,1,20,4,36601
6736,3262,1,93,10,36601
6737,3263,1,223,9,36601
6738,3264,1,20,8,36601
6739,3265,1,113,8,36601
6740,3265,1,188,4,36601
6741,3265,1,483,12,36601
6742,3265,1,348,10,36601
6743,3265,1,7,8,36601
6744,3265,1,154,9,36601
6745,3266,1,200,5,36661
6746,3267,1,80,2,36661
6747,3268,1,35,4,36661
6748,3269,1,44,3,36661
6749,3269,1,17,5,36661
6750,3269,1,16,6,36661
6751,3269,1,91,8,36661
6752,3269,1,144,6,36661
6753,3269,1,22,4,36661
6754,3270,1,361,6,36661
6755,3271,1,238,5,36661
6756,3272,1,204,2,36661
6757,3273,1,389,5,36721
6758,3274,1,11,12,36721
6759,3275,1,469,7,36721
6760,3276,1,164,8,36721
6761,3276,1,72,6,36721
6762,3277,1,33,9,36721
6763,3277,1,19,7,36721
6764,3277,1,5,3,36721
6765,3278,1,5,2,36721
6766,3279,1,0,8,36721
6767,3280,1,59,4,36781
6768,3280,1,7,7,36781
6769,3280,1,308,10,36781
6770,3280,1,61,3,36781
6771,3280,1,75,1,36781
6772,3280,1,20,7,36781
6773,3280,1,89,6,36781
6774,3280,1,107,5,36781
6775,3280,1,25,6,36781
6776,3281,1,82,2,36781
6777,3281,1,453,10,36781
6778,3281,1,139,11,36781
6779,3281,1,47,3,36781
6780,3282,1,6,4,36781
6781,3283,1,22,6,36781
6782,3284,1,46,8,36781
6783,3285,1,5,6,36781
6784,3285,1,281,8,36781
6785,3286,1,113,11,36781
6786,3287,1,27,7,36781
6787,3288,1,150,2,36841
6788,3289,1,92,5,36841
6789,3289,1,149,8,36841
6790,3290,1,337,2,36841
6791,3290,1,19,4,36841
6792,3291,1,212,12,36841
6793,3292,1,41,10,36841
6794,3293,1,19,4,36841
6795,3293,1,136,11,36841
6796,3294,1,48,12,36841
6797,3294,1,5,9,36841
6798,3294,1,6,12,36841
6799,3295,1,32,5,36901
6800,3296,1,7,8,36901
6801,3297,1,46,6,36901
6802,3297,1,31,10,36901
6803,3297,1,11,5,36901
6804,3298,1,44,4,36901
6805,3298,1,6,2,36901
6806,3298,1,106,8,36901
6807,3299,1,13,8,36901
6808,3299,1,2,8,36901
6809,3299,1,308,10,36901
6810,3300,1,9,4,36961
6811,3300,1,76,6,36961
6812,3300,1,81,6,36961
6813,3300,1,41,5,36961
6814,3300,1,48,5,36961
6815,3300,1,12,5,36961
6816,3300,1,28,10,36961
6817,3300,1,7,8,36961
6818,3301,1,346,11,36961
6819,3301,1,21,6,36961
6820,3302,1,68,8,36961
6821,3302,1,309,11,36961
6822,3302,1,21,6,36961
6823,3302,1,25,12,36961
6824,3303,1,0,12,37021
6825,3304,1,288,10,37021
6826,3305,1,0,10,37021
6827,3305,1,231,5,37021
6828,3306,1,31,7,37021
6829,3307,1,24,6,37021
6830,3308,1,437,3,37021
6831,3308,1,148,8,37021
6832,3309,1,37,7,37021
6833,3309,1,18,8,37021
6834,3310,1,12,9,37081
6835,3310,1,47,10,37081
6836,3310,1,18,10,37081
6837,3310,1,211,10,37081
6838,3311,1,117,2,37081
6839,3312,1,14,2,37141
6840,3312,1,480,4,37141
6841,3313,1,383,3,37141
6842,3314,1,63,10,37141
6843,3314,1,104,4,37141
6844,3314,1,76,7,37141
6845,3315,1,35,4,37141
6846,3316,1,0,8,37141
6847,3317,1,2,5,37141
6848,3317,1,47,1,37141
6849,3318,1,4,3,37141
6850,3319,1,10,11,37141
6851,3319,1,34,4,37141
6852,3320,1,301,6,37141
6853,3321,1,33,6,37201
6854,3322,1,196,7,37201
6855,3323,1,146,6,37201
6856,3324,1,5,5,37201
6857,3324,1,7,8,37201
6858,3324,1,16,6,37201
6859,3325,1,56,6,37201
6860,3325,1,42,6,37201
6861,3326,1,486,4,37261
6862,3327,1,17,7,37261
6863,3327,1,456,9,37261
6864,3328,1,165,6,37321
6865,3328,1,25,9,37321
6866,3329,1,5,7,37381
6867,3330,1,187,4,37381
6868,3331,1,23,3,37381
6869,3332,1,177,6,37381
6870,3332,1,5,6,37381
6871,3333,1,4,8,37381
6872,3333,1,53,8,37381
6873,3334,1,80,6,37441
6874,3335,1,349,10,37441
6875,3336,1,5,2,37441
6876,3337,1,4,5,37441
6877,3338,1,16,7,37441
6878,3338,1,13,10,37441
6879,3339,1,366,12,37501
6880,3339,1,31,12,37501
6881,3339,1,194,3,37501
6882,3340,1,40,4,37501
6883,3341,1,172,10,37501
6884,3342,1,20,9,37501
6885,3342,1,252,6,37501
6886,3343,1,1,6,37501
6887,3343,1,67,7,37501
6888,3343,1,171,7,37501
6889,3344,1,97,8,37501
6890,3344,1,238,6,37501
6891,3344,1,1,10,37501
6892,3345,1,47,7,37501
6893,3346,1,2,6,37501
6894,3346,1,17,8,37501
6895,3346,1,444,6,37501
6896,3347,1,53,4,37561
6897,3348,1,32,6,37561
6898,3349,1,20,3,37561
6899,3349,1,2,6,37561
6900,3349,1,499,6,37561
6901,3349,1,379,3,37561
6902,3350,1,121,6,37561
6903,3350,1,24,4,37561
6904,3351,1,16,9,37561
6905,3352,1,142,10,37561
6906,3353,1,17,3,37561
6907,3354,1,19,5,37561
6908,3355,1,26,10,37561
6909,3355,1,18,10,37561
6910,3355,1,8,12,37561
6911,3356,1,17,6,37561
6912,3357,1,90,6,37621
6913,3357,1,16,4,37621
6914,3358,1,278,7,37621
6915,3358,1,13,6,37621
6916,3358,1,453,7,37621
6917,3358,1,29,12,37621
6918,3358,1,444,9,37621
6919,3359,1,179,12,37681
6920,3360,1,1,6,37681
6921,3361,1,174,8,37681
6922,3361,1,18,6,37681
6923,3362,1,49,2,37681
6924,3363,1,32,6,37681
6925,3363,1,480,10,37681
6926,3364,1,51,7,37681
6927,3364,1,12,12,37681
6928,3365,1,28,10,37681
6929,3365,1,0,8,37681
6930,3365,1,113,8,37681
6931,3365,1,122,7,37681
6932,3365,1,242,11,37681
6933,3366,1,267,9,37681
6934,3366,1,218,11,37681
6935,3367,1,287,9,37681
6936,3368,1,337,4,37681
6937,3369,1,244,5,37681
6938,3370,1,349,6,37741
6939,3370,1,29,4,37741
6940,3371,1,139,10,37741
6941,3372,1,222,5,37741
6942,3373,1,109,2,37741
6943,3374,1,27,4,37741
6944,3375,1,150,8,37801
6945,3375,1,110,3,37801
6946,3376,1,7,6,37801
6947,3377,1,176,9,37801
6948,3377,1,19,6,37801
6949,3377,1,40,4,37801
6950,3377,1,9,10,37801
6951,3377,1,97,11,37801
6952,3378,1,288,4,37801
6953,3379,1,19,9,37861
6954,3380,1,84,6,37861
6955,3381,1,175,8,37861
6956,3382,1,82,7,37861
6957,3383,1,173,5,37861
6958,3383,1,479,6,37861
6959,3383,1,177,12,37861
6960,3383,1,215,4,37861
6961,3383,1,51,10,37861
6962,3383,1,425,9,37861
6963,3383,1,146,3,37861
6964,3384,1,171,12,37861
6965,3384,1,16,5,37861
6966,3385,1,52,6,37861
6967,3386,1,7,8,37921
6968,3386,1,2,7,37921
6969,3386,1,26,6,37921
6970,3387,1,2,7,37921
6971,3387,1,53,6,37921
6972,3387,1,113,4,37921
6973,3388,1,456,3,37921
6974,3388,1,19,10,37921
6975,3388,1,74,5,37921
6976,3388,1,398,8,37921
6977,3388,1,43,4,37921
6978,3389,1,0,9,37921
6979,3389,1,117,5,37921
6980,3390,1,24,8,37921
6981,3391,1,370,9,37921
6982,3392,1,390,7,37981
6983,3393,1,480,3,37981
6984,3393,1,21,2,37981
6985,3393,1,87,2,37981
6986,3394,1,77,6,37981
6987,3395,1,17,10,37981
6988,3396,1,6,5,37981
6989,3397,1,136,4,37981
6990,3397,1,28,8,37981
6991,3398,1,319,6,37981
6992,3399,1,40,6,38041
6993,3400,1,35,9,38041
6994,3400,1,0,8,38041
6995,3400,1,221,7,38041
6996,3401,1,486,8,38041
6997,3401,1,84,5,38041
6998,3402,1,13,9,38041
6999,3403,1,289,9,38101
7000,3404,1,280,5,38101
7001,3405,1,250,6,38101
7002,3406,1,186,2,38101
7003,3406,1,142,6,38101
7004,3407,1,426,10,38101
7005,3408,1,29,8,38101
7006,3408,1,12,5,38101
7007,3408,1,128,10,38101
7008,3408,1,199,10,38101
7009,3408,1,25,5,38101
7010,3409,1,491,9,38101
7011,3409,1,3,10,38101
7012,3410,1,112,10,38161
7013,3410,1,296,4,38161
7014,3410,1,61,7,38161
7015,3410,1,93,6,38161
7016,3410,1,18,6,38161
7017,3411,1,81,6,38161
7018,3411,1,285,8,38161
7019,3412,1,348,2,38161
7020,3412,1,129,4,38161
7021,3413,1,60,4,38161
7022,3414,1,33,8,38161
7023,3415,1,84,10,38221
7024,3415,1,30,5,38221
7025,3416,1,39,12,38221
7026,3416,1,13,2,38221
7027,3416,1,22,6,38221
7028,3417,1,40,6,38221
7029,3417,1,10,4,38221
7030,3417,1,1,4,38221
7031,3417,1,64,5,38221
7032,3417,1,31,2,38221
7033,3417,1,346,11,38221
7034,3418,1,15,6,38221
7035,3418,1,52,2,38221
7036,3418,1,7,7,38221
7037,3418,1,178,7,38221
7038,3419,1,8,4,38221
7039,3419,1,35,8,38221
7040,3419,1,267,2,38221
7041,3419,1,414,10,38221
7042,3420,1,215,8,38221
7043,3420,1,18,12,38221
7044,3420,1,111,12,38221
7045,3420,1,206,7,38221
7046,3420,1,412,3,38221
7047,3420,1,144,2,38221
7048,3421,1,34,10,38221
7049,3421,1,70,8,38221
7050,3421,1,170,4,38221
7051,3422,1,329,6,38221
7052,3423,1,302,9,38221
7053,3423,1,266,4,38221
7054,3424,1,188,7,38281
7055,3424,1,1,8,38281
7056,3424,1,427,7,38281
7057,3424,1,12,6,38281
7058,3425,1,73,11,38281
7059,3425,1,309,4,38281
7060,3425,1,16,9,38281
7061,3426,1,155,4,38281
7062,3426,1,344,3,38281
7063,3427,1,422,10,38341
7064,3428,1,315,10,38341
7065,3428,1,14,8,38341
7066,3428,1,345,1,38341
7067,3428,1,47,2,38341
7068,3429,1,485,6,38341
7069,3430,1,18,10,38341
7070,3431,1,131,10,38341
7071,3431,1,465,6,38341
7072,3432,1,37,6,38401
7073,3433,1,39,2,38401
7074,3434,1,62,8,38461
7075,3434,1,37,4,38461
7076,3435,1,3,4,38461
7077,3436,1,34,8,38461
7078,3437,1,82,3,38461
7079,3437,1,70,3,38461
7080,3437,1,101,6,38461
7081,3438,1,178,2,38461
7082,3439,1,218,9,38521
7083,3439,1,1,8,38521
7084,3440,1,280,2,38521
7085,3440,1,10,10,38521
7086,3440,1,163,6,38521
7087,3440,1,44,3,38521
7088,3441,1,37,8,38521
7089,3442,1,106,6,38521
7090,3442,1,4,7,38521
7091,3443,1,94,4,38521
7092,3443,1,15,8,38521
7093,3444,1,20,5,38581
7094,3445,1,1,8,38581
7095,3446,1,47,7,38581
7096,3447,1,178,11,38581
7097,3447,1,10,10,38581
7098,3447,1,27,6,38581
7099,3448,1,145,4,38581
7100,3448,1,457,8,38581
7101,3449,1,334,6,38581
7102,3449,1,23,5,38581
7103,3449,1,70,2,38581
7104,3450,1,351,4,38581
7105,3450,1,37,7,38581
7106,3450,1,12,12,38581
7107,3450,1,46,8,38581
7108,3451,1,17,9,38581
7109,3451,1,161,11,38581
7110,3452,1,23,6,38641
7111,3452,1,16,5,38641
7112,3452,1,195,7,38641
7113,3452,1,319,9,38641
7114,3452,1,70,10,38641
7115,3452,1,45,6,38641
7116,3452,1,442,8,38641
7117,3452,1,15,4,38641
7118,3453,1,347,10,38641
7119,3453,1,123,7,38641
7120,3454,1,30,10,38701
7121,3455,1,120,4,38701
7122,3456,1,28,5,38701
7123,3457,1,111,8,38701
7124,3458,1,98,10,38701
7125,3458,1,19,2,38701
7126,3459,1,10,6,38701
7127,3459,1,346,7,38701
7128,3460,1,12,7,38761
7129,3460,1,40,4,38761
7130,3461,1,220,6,38761
7131,3461,1,188,11,38761
7132,3461,1,11,4,38761
7133,3462,1,26,6,38761
7134,3463,1,71,4,38761
7135,3464,1,80,6,38761
7136,3465,1,12,6,38761
7137,3466,1,17,2,38821
7138,3466,1,136,4,38821
7139,3466,1,496,10,38821
7140,3467,1,59,10,38821
7141,3467,1,453,7,38821
7142,3467,1,49,7,38821
7143,3468,1,42,1,38821
7144,3469,1,51,6,38821
7145,3470,1,95,8,38821
7146,3470,1,2,6,38821
7147,3471,1,44,8,38821
7148,3472,1,52,8,38821
7149,3473,1,37,12,38821
7150,3474,1,4,9,38821
7151,3474,1,0,4,38821
7152,3474,1,196,2,38821
7153,3474,1,50,8,38821
7154,3474,1,413,8,38821
7155,3474,1,141,8,38821
7156,3474,1,23,9,38821
7157,3475,1,119,2,38821
7158,3475,1,38,12,38821
7159,3475,1,24,7,38821
7160,3475,1,44,4,38821
7161,3475,1,381,6,38821
7162,3476,1,47,10,38821
7163,3476,1,1,4,38821
7164,3477,1,36,3,38821
7165,3478,1,26,1,38881
7166,3479,1,50,8,38881
7167,3480,1,251,6,38881
7168,3481,1,343,3,38881
7169,3481,1,6,6,38881
7170,3482,1,131,9,38881
7171,3483,1,384,8,38941
7172,3484,1,292,4,38941
7173,3485,1,0,8,38941
7174,3485,1,35,6,38941
7175,3486,1,305,10,38941
7176,3486,1,22,9,38941
7177,3486,1,464,8,38941
7178,3486,1,17,4,38941
7179,3486,1,6,2,38941
7180,3486,1,33,10,38941
7181,3487,1,0,4,38941
7182,3487,1,5,4,38941
7183,3488,1,189,11,38941
7184,3488,1,78,11,38941
7185,3488,1,83,4,38941
7186,3489,1,144,5,39001
7187,3490,1,123,5,39001
7188,3490,1,428,5,39001
7189,3490,1,3,5,39001
7190,3491,1,3,12,39001
7191,3491,1,42,10,39001
7192,3492,1,48,6,39001
7193,3492,1,13,8,39001
7194,3492,1,0,4,39001
7195,3493,1,3,10,39061
7196,3494,1,31,3,39061
7197,3494,1,48,8,39061
7198,3494,1,11,8,39061
7199,3494,1,25,4,39061
7200,3494,1,152,2,39061
7201,3495,1,258,4,39121
7202,3496,1,200,5,39121
7203,3497,1,42,12,39121
7204,3497,1,0,6,39121
7205,3498,1,23,6,39121
7206,3498,1,29,10,39121
7207,3499,1,0,9,39181
7208,3499,1,27,6,39181
7209,3499,1,26,6,39181
7210,3500,1,14,3,39181
7211,3501,1,337,6,39181
7212,3501,1,5,2,39181
7213,3502,1,11,4,39181
7214,3502,1,10,8,39181
7215,3503,1,11,4,39181
7216,3504,1,98,7,39181
7217,3505,1,93,4,39181
7218,3506,1,116,4,39181
7219,3506,1,64,6,39181
7220,3507,1,407,8,39181
7221,3508,1,3,6,39241
7222,3509,1,5,6,39241
7223,3509,1,266,10,39241
7224,3509,1,208,6,39241
7225,3510,1,20,6,39241
7226,3510,1,40,8,39241
7227,3511,1,43,6,39241
7228,3512,1,282,6,39241
7229,3513,1,214,4,39241
7230,3514,1,17,5,39301
7231,3514,1,39,6,39301
7232,3515,1,454,6,39361
7233,3515,1,233,6,39361
7234,3515,1,17,7,39361
7235,3515,1,14,6,39361
7236,3515,1,84,5,39361
7237,3515,1,21,10,39361
7238,3515,1,1,7,39361
7239,3516,1,1,6,39361
7240,3517,1,38,6,39361
7241,3517,1,217,5,39361
7242,3517,1,114,2,39361
7243,3518,1,28,3,39361
7244,3519,1,201,4,39361
7245,3520,1,23,10,39421
7246,3520,1,18,6,39421
7247,3520,1,42,4,39421
7248,3520,1,11,1,39421
7249,3521,1,32,7,39421
7250,3521,1,9,8,39421
7251,3522,1,18,6,39421
7252,3522,1,94,10,39421
7253,3522,1,9,8,39421
7254,3522,1,27,3,39421
7255,3523,1,88,9,39481
7256,3523,1,282,9,39481
7257,3523,1,61,9,39481
7258,3524,1,69,6,39481
7259,3524,1,3,5,39481
7260,3525,1,118,8,39481
7261,3525,1,374,8,39481
7262,3526,1,167,10,39481
7263,3527,1,95,7,39541
7264,3527,1,0,3,39541
7265,3527,1,40,4,39541
7266,3527,1,115,8,39541
7267,3528,1,35,7,39541
7268,3528,1,244,2,39541
7269,3528,1,33,10,39541
7270,3529,1,17,4,39541
7271,3530,1,58,4,39541
7272,3531,1,2,6,39541
7273,3531,1,13,3,39541
7274,3532,1,37,5,39541
7275,3532,1,15,8,39541
7276,3533,1,11,8,39541
7277,3534,1,19,8,39541
7278,3534,1,2,11,39541
7279,3535,1,317,2,39601
7280,3536,1,318,10,39601
7281,3536,1,316,3,39601
7282,3536,1,227,10,39601
7283,3536,1,243,4,39601
7284,3536,1,11,6,39601
7285,3537,1,101,2,39601
7286,3538,1,19,10,39601
7287,3539,1,2,8,39601
7288,3540,1,83,10,39601
7289,3540,1,77,9,39601
7290,3540,1,71,4,39601
7291,3540,1,149,7,39601
7292,3541,1,15,4,39601
7293,3542,1,27,4,39661
7294,3542,1,439,9,39661
7295,3542,1,35,8,39661
7296,3543,1,1,11,39661
7297,3543,1,5,4,39661
7298,3544,1,404,5,39661
7299,3545,1,427,10,39721
7300,3546,1,2,3,39721
7301,3547,1,37,8,39721
7302,3548,1,34,2,39781
7303,3548,1,23,2,39781
7304,3549,1,391,4,39781
7305,3550,1,144,4,39781
7306,3550,1,373,2,39781
7307,3550,1,108,8,39781
7308,3550,1,73,8,39781
7309,3551,1,31,6,39841
7310,3552,1,134,10,39841
7311,3552,1,2,10,39841
7312,3552,1,48,10,39841
7313,3553,1,61,8,39841
7314,3554,1,7,6,39841
7315,3554,1,17,5,39841
7316,3554,1,1,4,39841
7317,3555,1,24,8,39841
7318,3556,1,137,8,39841
7319,3557,1,135,2,39901
7320,3557,1,21,11,39901
7321,3557,1,7,10,39901
7322,3558,1,1,10,39901
7323,3558,1,8,10,39901
7324,3558,1,19,11,39901
7325,3559,1,132,6,39901
7326,3559,1,97,8,39901
7327,3559,1,9,6,39901
7328,3560,1,11,8,39901
7329,3560,1,8,2,39901
7330,3561,1,341,7,39901
7331,3561,1,93,6,39901
7332,3562,1,19,1,39901
7333,3562,1,35,5,39901
7334,3563,1,3,6,39901
7335,3563,1,40,9,39901
7336,3563,1,0,8,39901
7337,3563,1,43,6,39901
7338,3564,1,143,8,39961
7339,3565,1,74,7,39961
7340,3565,1,2,9,39961
7341,3566,1,49,7,39961
7342,3566,1,152,9,39961
7343,3566,1,13,8,39961
7344,3567,1,498,8,39961
7345,3568,1,80,5,39961
7346,3568,1,13,7,39961
7347,3568,1,23,2,39961
7348,3569,1,9,11,39961
7349,3570,1,284,4,39961
7350,3570,1,17,9,39961
7351,3571,1,0,6,40021
7352,3571,1,217,5,40021
7353,3571,1,25,3,40021
7354,3572,1,320,7,40021
7355,3573,1,5,4,40021
7356,3573,1,12,4,40021
7357,3573,1,65,7,40021
7358,3573,1,22,9,40021
7359,3574,1,347,6,40021
7360,3574,1,293,7,40021
7361,3575,1,1,7,40081
7362,3576,1,198,3,40081
7363,3577,1,100,9,40081
7364,3577,1,88,12,40081
7365,3578,1,129,7,40081
7366,3579,1,333,9,40141
7367,3579,1,487,6,40141
7368,3580,1,41,2,40141
7369,3581,1,79,6,40141
7370,3582,1,180,7,40141
7371,3583,1,259,10,40141
7372,3584,1,89,7,40141
7373,3585,1,118,8,40141
7374,3586,1,16,10,40141
7375,3587,1,292,11,40141
7376,3587,1,258,9,40141
7377,3587,1,17,11,40141
7378,3587,1,14,6,40141
7379,3588,1,32,8,40201
7380,3589,1,71,7,40201
7381,3589,1,369,4,40201
7382,3589,1,4,11,40201
7383,3589,1,0,8,40201
7384,3589,1,47,12,40201
7385,3589,1,350,4,40201
7386,3590,1,135,8,40201
7387,3591,1,208,6,40201
7388,3592,1,0,2,40201
7389,3593,1,108,2,40261
7390,3593,1,20,4,40261
7391,3594,1,11,6,40261
7392,3594,1,39,4,40261
7393,3595,1,68,10,40261
7394,3595,1,27,12,40261
7395,3596,1,41,4,40261
7396,3597,1,43,2,40261
7397,3597,1,244,11,40261
7398,3597,1,15,5,40261
7399,3598,1,34,6,40261
7400,3599,1,49,12,40261
7401,3599,1,155,2,40261
7402,3600,1,2,11,40321
7403,3601,1,4,6,40321
7404,3601,1,5,10,40321
7405,3602,1,10,8,40321
7406,3602,1,142,4,40321
7407,3603,1,28,6,40321
7408,3603,1,348,11,40321
7409,3604,1,122,9,40321
7410,3605,1,11,6,40321
7411,3605,1,270,5,40321
7412,3605,1,0,4,40321
7413,3606,1,3,3,40321
7414,3607,1,46,5,40321
7415,3607,1,207,8,40321
7416,3607,1,21,6,40321
7417,3607,1,10,8,40321
7418,3608,1,110,9,40381
7419,3608,1,40,6,40381
7420,3609,1,374,10,40381
7421,3609,1,140,8,40381
7422,3610,1,64,7,40381
7423,3611,1,275,3,40381
7424,3612,1,361,8,40381
7425,3613,1,25,10,40381
7426,3614,1,485,9,40381
7427,3614,1,21,7,40381
7428,3615,1,15,6,40441
7429,3616,1,194,6,40441
7430,3617,1,14,4,40441
7431,3618,1,162,6,40501
7432,3618,1,30,11,40501
7433,3619,1,31,6,40501
7434,3620,1,468,7,40501
7435,3621,1,398,6,40501
7436,3622,1,218,8,40501
7437,3623,1,145,4,40501
7438,3623,1,127,6,40501
7439,3624,1,0,8,40501
7440,3625,1,13,10,40501
7441,3626,1,187,10,40561
7442,3627,1,97,8,40561
7443,3628,1,440,6,40561
7444,3629,1,97,6,40561
7445,3629,1,1,12,40561
7446,3630,1,0,4,40561
7447,3630,1,12,6,40561
7448,3630,1,32,8,40561
7449,3631,1,157,8,40621
7450,3631,1,8,9,40621
7451,3631,1,4,6,40621
7452,3631,1,22,8,40621
7453,3631,1,167,7,40621
7454,3631,1,12,6,40621
7455,3632,1,8,3,40621
7456,3633,1,308,6,40621
7457,3634,1,125,10,40621
7458,3635,1,458,8,40621
7459,3635,1,221,10,40621
7460,3636,1,5,10,40681
7461,3636,1,86,1,40681
7462,3636,1,24,8,40681
7463,3637,1,318,10,40681
7464,3637,1,6,6,40681
7465,3637,1,37,11,40681
7466,3637,1,57,10,40681
7467,3638,1,0,6,40681
7468,3638,1,5,9,40681
7469,3639,1,7,3,40681
7470,3639,1,113,6,40681
7471,3639,1,6,6,40681
7472,3639,1,10,4,40681
7473,3639,1,49,12,40681
7474,3639,1,251,5,40681
7475,3640,1,152,10,40681
7476,3641,1,91,4,40681
7477,3641,1,376,1,40681
7478,3642,1,74,9,40741
7479,3642,1,92,9,40741
7480,3642,1,20,8,40741
7481,3643,1,409,11,40741
7482,3644,1,21,6,40741
7483,3644,1,1,5,40741
7484,3645,1,283,10,40801
7485,3646,1,189,1,40801
7486,3646,1,12,6,40801
7487,3646,1,21,6,40801
7488,3646,1,0,4,40801
7489,3647,1,0,4,40801
7490,3647,1,13,2,40801
7491,3648,1,1,6,40801
7492,3648,1,123,8,40801
7493,3649,1,375,2,40861
7494,3649,1,29,4,40861
7495,3650,1,399,8,40861
7496,3651,1,22,3,40861
7497,3651,1,94,9,40861
7498,3652,1,37,7,40861
7499,3652,1,126,9,40861
7500,3653,1,57,4,40861
7501,3653,1,151,4,40861
7502,3654,1,455,7,40861
7503,3654,1,36,8,40861
7504,3655,1,267,1,40861
7505,3655,1,0,6,40861
7506,3656,1,18,4,40921
7507,3657,1,0,5,40921
7508,3658,1,69,7,40921
7509,3658,1,17,8,40921
7510,3658,1,109,5,40921
7511,3659,1,143,6,40921
7512,3659,1,1,2,40921
7513,3660,1,250,12,40921
7514,3661,1,144,2,40981
7515,3662,1,6,2,40981
7516,3662,1,288,10,40981
7517,3663,1,245,2,40981
7518,3663,1,37,5,40981
7519,3663,1,436,3,40981
7520,3663,1,36,10,40981
7521,3664,1,174,10,40981
7522,3664,1,17,7,40981
7523,3664,1,1,9,40981
7524,3665,1,183,4,40981
7525,3666,1,286,2,40981
7526,3667,1,4,7,40981
7527,3668,1,3,9,40981
7528,3668,1,24,8,40981
7529,3668,1,45,8,40981
7530,3668,1,492,7,40981
7531,3669,1,26,4,40981
7532,3669,1,3,4,40981
7533,3670,1,1,6,40981
7534,3670,1,4,2,40981
7535,3670,1,5,6,40981
7536,3671,1,43,8,40981
7537,3672,1,39,4,40981
7538,3672,1,45,6,40981
7539,3673,1,13,2,41041
7540,3674,1,232,10,41041
7541,3674,1,46,8,41041
7542,3674,1,47,8,41041
7543,3674,1,24,2,41041
7544,3674,1,9,3,41041
7545,3674,1,73,9,41041
7546,3674,1,3,12,41041
7547,3674,1,182,7,41041
7548,3675,1,52,9,41041
7549,3676,1,4,5,41041
7550,3677,1,29,7,41101
7551,3677,1,0,4,41101
7552,3678,1,37,5,41101
7553,3679,1,30,11,41101
7554,3680,1,2,8,41101
7555,3680,1,193,8,41101
7556,3681,1,174,11,41101
7557,3682,1,20,4,41161
7558,3682,1,212,8,41161
7559,3682,1,240,8,41161
7560,3682,1,2,9,41161
7561,3683,1,416,6,41161
7562,3684,1,17,2,41161
7563,3684,1,18,3,41161
7564,3685,1,1,5,41161
7565,3685,1,465,6,41161
7566,3686,1,15,4,41161
7567,3686,1,199,8,41161
7568,3687,1,22,2,41161
7569,3687,1,127,6,41161
7570,3687,1,92,7,41161
7571,3687,1,1,10,41161
7572,3687,1,94,11,41161
7573,3688,1,30,6,41221
7574,3688,1,396,11,41221
7575,3688,1,1,7,41221
7576,3688,1,22,8,41221
7577,3688,1,3,8,41221
7578,3689,1,44,9,41221
7579,3689,1,420,8,41221
7580,3690,1,205,8,41221
7581,3691,1,10,2,41281
7582,3692,1,21,7,41281
7583,3693,1,46,10,41281
7584,3693,1,1,10,41281
7585,3694,1,344,2,41341
7586,3695,1,36,5,41341
7587,3695,1,45,4,41341
7588,3695,1,223,6,41341
7589,3695,1,11,8,41341
7590,3695,1,10,3,41341
7591,3695,1,37,8,41341
7592,3696,1,10,1,41341
7593,3697,1,23,8,41341
7594,3698,1,41,2,41341
7595,3698,1,215,8,41341
7596,3699,1,145,3,41341
7597,3700,1,129,8,41341
7598,3700,1,170,2,41341
7599,3700,1,108,8,41341
7600,3700,1,345,10,41341
7601,3701,1,12,12,41401
7602,3701,1,42,6,41401
7603,3701,1,15,6,41401
7604,3702,1,11,4,41461
7605,3702,1,279,6,41461
7606,3703,1,220,5,41461
7607,3703,1,0,2,41461
7608,3703,1,322,5,41461
7609,3703,1,95,10,41461
7610,3703,1,123,4,41461
7611,3704,1,88,9,41461
7612,3704,1,28,6,41461
7613,3704,1,20,10,41461
7614,3705,1,115,4,41461
7615,3705,1,117,11,41461
7616,3705,1,153,9,41461
7617,3705,1,9,3,41461
7618,3706,1,147,6,41461
7619,3707,1,197,6,41461
7620,3707,1,10,8,41461
7621,3707,1,96,8,41461
7622,3707,1,1,5,41461
7623,3707,1,16,6,41461
7624,3708,1,0,5,41521
7625,3709,1,468,3,41521
7626,3709,1,384,7,41521
7627,3709,1,85,7,41521
7628,3709,1,28,4,41521
7629,3709,1,55,7,41521
7630,3709,1,111,5,41521
7631,3710,1,11,4,41521
7632,3710,1,243,3,41521
7633,3711,1,103,8,41521
7634,3712,1,15,8,41521
7635,3713,1,0,6,41521
7636,3714,1,40,8,41521
7637,3715,1,26,6,41581
7638,3715,1,15,7,41581
7639,3715,1,401,7,41581
7640,3715,1,49,6,41581
7641,3716,1,50,11,41581
7642,3717,1,4,8,41581
7643,3718,1,199,2,41641
7644,3718,1,35,3,41641
7645,3718,1,171,5,41641
7646,3718,1,0,2,41641
7647,3718,1,499,10,41641
7648,3718,1,141,10,41641
7649,3719,1,40,6,41641
7650,3720,1,33,9,41641
7651,3721,1,97,7,41641
7652,3721,1,92,5,41641
7653,3722,1,69,10,41641
7654,3722,1,5,10,41641
7655,3723,1,339,9,41641
7656,3723,1,16,7,41641
7657,3723,1,0,12,41641
7658,3724,1,16,6,41701
7659,3724,1,76,1,41701
7660,3724,1,106,10,41701
7661,3724,1,0,4,41701
7662,3724,1,115,3,41701
7663,3725,1,235,9,41701
7664,3725,1,156,1,41701
7665,3726,1,44,10,41761
7666,3726,1,1,5,41761
7667,3726,1,65,10,41761
7668,3726,1,2,4,41761
7669,3726,1,48,2,41761
7670,3726,1,18,9,41761
7671,3726,1,29,7,41761
7672,3726,1,131,6,41761
7673,3726,1,4,6,41761
7674,3726,1,30,5,41761
7675,3727,1,52,9,41761
7676,3728,1,463,12,41761
7677,3728,1,369,10,41761
7678,3729,1,499,8,41821
7679,3730,1,17,9,41821
7680,3731,1,103,10,41821
7681,3732,1,480,5,41821
7682,3732,1,32,9,41821
7683,3732,1,440,7,41821
7684,3732,1,141,3,41821
7685,3733,1,150,10,41821
7686,3734,1,155,6,41881
7687,3734,1,2,8,41881
7688,3734,1,9,10,41881
7689,3734,1,8,8,41881
7690,3735,1,327,1,41881
7691,3736,1,160,10,41881
7692,3736,1,483,10,41881
7693,3737,1,160,4,41881
7694,3737,1,294,2,41881
7695,3738,1,10,6,41881
7696,3739,1,117,7,41881
7697,3739,1,9,6,41881
7698,3740,1,162,8,41941
7699,3741,1,152,6,41941
7700,3742,1,44,4,42001
7701,3743,1,51,8,42001
7702,3744,1,347,3,42001
7703,3745,1,4,5,42001
7704,3746,1,79,3,42001
7705,3746,1,143,4,42001
7706,3746,1,0,7,42001
7707,3746,1,190,8,42001
7708,3746,1,93,12,42001
7709,3746,1,49,8,42001
7710,3746,1,160,9,42001
7711,3747,1,8,8,42001
7712,3747,1,321,4,42001
7713,3748,1,468,6,42001
7714,3749,1,210,10,42001
7715,3750,1,274,2,42001
7716,3750,1,32,8,42001
7717,3751,1,17,8,42061
7718,3752,1,182,6,42061
7719,3753,1,22,4,42061
7720,3754,1,249,4,42121
7721,3754,1,8,7,42121
7722,3754,1,15,6,42121
7723,3755,1,9,8,42121
7724,3755,1,253,6,42121
7725,3756,1,15,6,42121
7726,3756,1,186,8,42121
7727,3756,1,3,8,42121
7728,3757,1,18,8,42181
7729,3758,1,429,8,42181
7730,3759,1,33,4,42181
7731,3759,1,3,8,42181
7732,3759,1,42,6,42181
7733,3760,1,16,2,42181
7734,3761,1,164,8,42181
7735,3762,1,9,8,42181
7736,3762,1,74,7,42181
7737,3763,1,131,8,42241
7738,3764,1,386,8,42241
7739,3765,1,150,4,42241
7740,3765,1,76,8,42241
7741,3765,1,248,4,42241
7742,3766,1,299,3,42241
7743,3766,1,3,10,42241
7744,3766,1,14,4,42241
7745,3767,1,3,12,42241
7746,3767,1,5,3,42241
7747,3767,1,36,3,42241
7748,3767,1,63,8,42241
7749,3767,1,143,4,42241
7750,3767,1,465,4,42241
7751,3767,1,8,4,42241
7752,3767,1,392,12,42241
7753,3768,1,47,10,42241
7754,3768,1,148,6,42241
7755,3768,1,321,2,42241
7756,3769,1,39,4,42241
7757,3770,1,41,8,42301
7758,3771,1,13,6,42301
7759,3772,1,6,8,42301
7760,3772,1,21,8,42301
7761,3772,1,28,10,42301
7762,3772,1,4,8,42301
7763,3773,1,384,6,42301
7764,3774,1,127,7,42301
7765,3775,1,9,5,42361
7766,3775,1,3,7,42361
7767,3776,1,128,6,42361
7768,3777,1,32,9,42361
7769,3778,1,127,8,42361
7770,3778,1,16,8,42361
7771,3779,1,375,6,42361
7772,3779,1,1,6,42361
7773,3779,1,241,1,42361
7774,3779,1,18,6,42361
7775,3779,1,232,6,42361
7776,3780,1,15,7,42361
7777,3781,1,126,7,42421
7778,3781,1,435,6,42421
7779,3781,1,67,2,42421
7780,3781,1,77,2,42421
7781,3781,1,42,8,42421
7782,3781,1,396,10,42421
7783,3781,1,25,6,42421
7784,3782,1,2,12,42421
7785,3783,1,23,2,42421
7786,3783,1,18,12,42421
7787,3784,1,388,5,42421
7788,3784,1,32,9,42421
7789,3784,1,9,2,42421
7790,3784,1,91,8,42421
7791,3785,1,48,10,42481
7792,3786,1,37,6,42481
7793,3787,1,265,6,42541
7794,3787,1,101,8,42541
7795,3788,1,243,2,42541
7796,3788,1,117,2,42541
7797,3789,1,42,4,42541
7798,3790,1,85,8,42541
7799,3791,1,206,6,42601
7800,3791,1,81,12,42601
7801,3791,1,14,9,42601
7802,3791,1,45,12,42601
7803,3792,1,10,6,42601
7804,3792,1,108,11,42601
7805,3793,1,16,3,42601
7806,3793,1,103,8,42601
7807,3794,1,77,12,42661
7808,3795,1,286,6,42661
7809,3796,1,237,9,42661
7810,3797,1,92,8,42661
7811,3797,1,22,10,42661
7812,3797,1,352,2,42661
7813,3797,1,216,5,42661
7814,3798,1,133,8,42661
7815,3798,1,36,8,42661
7816,3798,1,13,5,42661
7817,3799,1,10,9,42661
7818,3799,1,147,8,42661
7819,3800,1,36,1,42661
7820,3800,1,20,8,42661
7821,3800,1,29,8,42661
7822,3800,1,89,4,42661
7823,3801,1,46,6,42661
7824,3802,1,184,10,42661
7825,3803,1,0,4,42661
7826,3804,1,11,1,42721
7827,3805,1,144,8,42721
7828,3806,1,42,9,42721
7829,3807,1,10,8,42721
7830,3807,1,178,6,42721
7831,3808,1,133,6,42721
7832,3809,1,7,8,42721
7833,3809,1,61,1,42721
7834,3809,1,86,7,42721
7835,3810,1,25,8,42781
7836,3810,1,4,10,42781
7837,3810,1,200,1,42781
7838,3810,1,13,5,42781
7839,3810,1,166,2,42781
7840,3811,1,40,6,42781
7841,3812,1,24,3,42841
7842,3813,1,63,7,42841
7843,3813,1,1,4,42841
7844,3814,1,2,6,42841
7845,3815,1,7,12,42841
7846,3816,1,0,6,42841
7847,3816,1,32,3,42841
7848,3816,1,327,3,42841
7849,3816,1,275,4,42841
7850,3817,1,345,10,42901
7851,3818,1,2,10,42901
7852,3819,1,292,5,42901
7853,3820,1,0,2,42901
7854,3820,1,315,9,42901
7855,3820,1,364,7,42901
7856,3821,1,22,10,42961
7857,3821,1,133,6,42961
7858,3822,1,7,10,42961
7859,3822,1,85,5,42961
7860,3822,1,31,5,42961
7861,3823,1,52,10,42961
7862,3823,1,128,4,42961
7863,3824,1,336,8,42961
7864,3825,1,276,4,43021
7865,3826,1,136,3,43021
7866,3826,1,431,9,43021
7867,3826,1,447,9,43021
7868,3827,1,23,10,43021
7869,3827,1,79,6,43021
7870,3828,1,51,11,43021
7871,3828,1,49,10,43021
7872,3829,1,28,2,43081
7873,3829,1,19,5,43081
7874,3830,1,32,11,43141
7875,3831,1,126,4,43141
7876,3831,1,38,3,43141
7877,3832,1,416,2,43141
7878,3833,1,141,3,43141
7879,3833,1,20,2,43141
7880,3834,1,0,2,43141
7881,3834,1,35,5,43141
7882,3834,1,192,10,43141
7883,3834,1,40,4,43141
7884,3834,1,10,6,43141
7885,3835,1,14,2,43141
7886,3836,1,2,4,43201
7887,3837,1,1,5,43201
7888,3838,1,58,12,43261
7889,3839,1,137,5,43261
7890,3839,1,471,4,43261
7891,3840,1,0,8,43261
7892,3840,1,156,6,43261
7893,3840,1,132,9,43261
7894,3840,1,6,8,43261
7895,3841,1,333,4,43261
7896,3841,1,17,6,43261
7897,3842,1,98,12,43261
7898,3843,1,343,7,43261
7899,3844,1,77,6,43261
7900,3844,1,1,8,43261
7901,3844,1,11,4,43261
7902,3845,1,39,12,43321
7903,3846,1,66,6,43321
7904,3847,1,1,10,43321
7905,3848,1,275,6,43321
7906,3848,1,27,6,43321
7907,3848,1,73,6,43321
7908,3848,1,22,6,43321
7909,3849,1,13,8,43381
7910,3849,1,165,9,43381
7911,3849,1,306,12,43381
7912,3850,1,8,10,43381
7913,3851,1,175,7,43381
7914,3852,1,420,12,43381
7915,3853,1,13,6,43381
7916,3853,1,44,9,43381
7917,3853,1,23,2,43381
7918,3853,1,34,2,43381
7919,3854,1,53,8,43381
7920,3855,1,40,6,43381
7921,3855,1,473,4,43381
7922,3856,1,9,9,43381
7923,3856,1,2,10,43381
7924,3857,1,4,8,43381
7925,3858,1,47,6,43441
7926,3859,1,13,9,43441
7927,3859,1,67,2,43441
7928,3860,1,53,5,43441
7929,3861,1,152,8,43441
7930,3861,1,3,8,43441
7931,3861,1,104,8,43441
7932,3862,1,11,4,43441
7933,3862,1,0,7,43441
7934,3862,1,14,11,43441
7935,3862,1,50,9,43441
7936,3863,1,0,10,43501
7937,3863,1,114,2,43501
7938,3863,1,12,5,43501
7939,3863,1,38,8,43501
7940,3863,1,110,10,43501
7941,3863,1,3,6,43501
7942,3864,1,8,12,43501
7943,3865,1,17,8,43501
7944,3865,1,4,11,43501
7945,3866,1,148,8,43501
7946,3866,1,405,2,43501
7947,3866,1,77,8,43501
7948,3867,1,25,8,43561
7949,3868,1,174,12,43561
7950,3869,1,416,12,43561
7951,3869,1,40,5,43561
7952,3870,1,366,3,43561
7953,3871,1,46,4,43561
7954,3871,1,73,8,43561
7955,3872,1,245,8,43621
7956,3873,1,29,9,43621
7957,3873,1,65,3,43621
7958,3874,1,49,8,43621
7959,3874,1,14,6,43621
7960,3874,1,391,2,43621
7961,3875,1,19,6,43621
7962,3875,1,359,4,43621
7963,3876,1,291,6,43681
7964,3876,1,448,6,43681
7965,3876,1,136,7,43681
7966,3876,1,45,10,43681
7967,3876,1,48,2,43681
7968,3877,1,155,7,43681
7969,3877,1,10,8,43681
7970,3877,1,26,6,43681
7971,3878,1,3,6,43681
7972,3879,1,290,11,43681
7973,3880,1,131,2,43681
7974,3880,1,320,8,43681
7975,3880,1,12,6,43681
7976,3881,1,9,8,43741
7977,3882,1,372,7,43741
7978,3882,1,6,4,43741
7979,3883,1,48,4,43741
7980,3883,1,97,10,43741
7981,3883,1,85,7,43741
7982,3884,1,496,9,43741
7983,3885,1,440,10,43741
7984,3885,1,155,12,43741
7985,3886,1,451,4,43741
7986,3886,1,104,10,43741
7987,3887,1,50,10,43801
7988,3888,1,337,8,43801
7989,3889,1,254,6,43801
7990,3889,1,99,4,43801
7991,3889,1,392,3,43801
7992,3890,1,2,10,43801
7993,3891,1,12,9,43801
7994,3891,1,211,8,43801
7995,3891,1,39,10,43801
7996,3891,1,80,5,43801
7997,3891,1,96,11,43801
7998,3891,1,68,9,43801
7999,3891,1,404,8,43801
8000,3891,1,4,1,43801
8001,3892,1,147,10,43861
8002,3892,1,74,3,43861
8003,3893,1,340,6,43861
8004,3894,1,30,2,43861
8005,3895,1,144,7,43861
8006,3895,1,226,4,43861
8007,3895,1,145,7,43861
8008,3896,1,19,8,43921
8009,3896,1,34,8,43921
8010,3897,1,70,12,43921
8011,3897,1,114,2,43921
8012,3898,1,417,8,43921
8013,3898,1,12,2,43921
8014,3898,1,123,3,43921
8015,3898,1,52,11,43921
8016,3898,1,25,10,43921
8017,3898,1,442,9,43921
8018,3899,1,25,6,43921
8019,3900,1,23,2,43921
8020,3901,1,7,6,43921
8021,3902,1,335,7,43981
8022,3902,1,164,4,43981
8023,3903,1,35,2,43981
8024,3903,1,40,4,43981
8025,3904,1,308,4,43981
8026,3905,1,44,8,43981
8027,3906,1,158,5,43981
8028,3906,1,127,10,43981
8029,3906,1,145,7,43981
8030,3907,1,84,4,43981
8031,3908,1,259,4,44041
8032,3908,1,42,6,44041
8033,3908,1,102,5,44041
8034,3908,1,132,3,44041
8035,3908,1,99,8,44041
8036,3908,1,186,4,44041
8037,3908,1,26,8,44041
8038,3909,1,109,8,44041
8039,3910,1,32,10,44041
8040,3911,1,78,5,44041
8041,3912,1,10,9,44041
8042,3912,1,77,10,44041
8043,3912,1,34,10,44041
8044,3913,1,489,9,44041
8045,3913,1,52,10,44041
8046,3914,1,219,2,44041
8047,3914,1,136,11,44041
8048,3915,1,20,8,44041
8049,3916,1,0,5,44041
8050,3916,1,100,11,44041
8051,3916,1,248,9,44041
8052,3917,1,272,8,44101
8053,3917,1,450,10,44101
8054,3917,1,386,11,44101
8055,3918,1,17,6,44101
8056,3919,1,37,7,44101
8057,3919,1,105,12,44101
8058,3919,1,229,6,44101
8059,3920,1,0,7,44161
8060,3920,1,193,4,44161
8061,3921,1,252,2,44161
8062,3922,1,333,10,44161
8063,3923,1,339,5,44221
8064,3924,1,30,6,44221
8065,3925,1,456,5,44221
8066,3926,1,2,6,44221
8067,3927,1,2,1,44281
8068,3928,1,76,5,44281
8069,3929,1,11,9,44281
8070,3929,1,0,10,44281
8071,3930,1,355,7,44281
8072,3931,1,33,3,44281
8073,3931,1,185,6,44281
8074,3931,1,14,10,44281
8075,3931,1,12,7,44281
8076,3932,1,106,8,44281
8077,3933,1,7,4,44341
8078,3933,1,27,11,44341
8079,3934,1,277,5,44341
8080,3934,1,35,7,44341
8081,3934,1,164,6,44341
8082,3934,1,107,8,44341
8083,3934,1,219,10,44341
8084,3934,1,39,4,44341
8085,3935,1,9,4,44341
8086,3936,1,37,4,44341
8087,3936,1,17,2,44341
8088,3936,1,425,1,44341
8089,3937,1,37,8,44401
8090,3938,1,22,8,44401
8091,3939,1,4,12,44401
8092,3940,1,7,1,44401
8093,3941,1,321,8,44461
8094,3941,1,21,11,44461
8095,3942,1,31,9,44461
8096,3943,1,13,1,44461
8097,3943,1,26,1,44461
8098,3943,1,188,9,44461
8099,3944,1,24,4,44461
8100,3944,1,46,5,44461
8101,3944,1,260,6,44461
8102,3944,1,77,7,44461
8103,3944,1,4,6,44461
8104,3945,1,85,4,44521
8105,3945,1,476,12,44521
8106,3946,1,414,11,44521
8107,3946,1,1,10,44521
8108,3946,1,467,6,44521
8109,3947,1,79,9,44521
8110,3947,1,51,10,44521
8111,3947,1,227,10,44521
8112,3948,1,66,3,44521
8113,3949,1,196,6,44521
8114,3950,1,234,7,44521
8115,3951,1,174,2,44521
8116,3952,1,59,3,44521
8117,3953,1,49,3,44521
8118,3953,1,19,4,44521
8119,3953,1,38,3,44521
8120,3953,1,8,5,44521
8121,3953,1,103,6,44521
8122,3954,1,488,2,44521
8123,3954,1,2,8,44521
8124,3955,1,10,2,44521
8125,3956,1,94,12,44521
8126,3957,1,48,3,44521
8127,3958,1,42,6,44521
8128,3959,1,10,4,44581
8129,3959,1,116,10,44581
8130,3959,1,12,8,44581
8131,3959,1,39,6,44581
8132,3959,1,1,8,44581
8133,3959,1,25,5,44581
8134,3959,1,230,10,44581
8135,3960,1,43,4,44581
8136,3961,1,198,7,44581
8137,3962,1,39,6,44581
8138,3963,1,17,4,44581
8139,3964,1,83,2,44581
8140,3964,1,145,8,44581
8141,3964,1,404,8,44581
8142,3965,1,0,3,44641
8143,3965,1,41,6,44641
8144,3966,1,28,8,44641
8145,3967,1,24,8,44641
8146,3968,1,318,10,44641
8147,3968,1,230,3,44641
8148,3968,1,73,6,44641
8149,3969,1,31,6,44641
8150,3969,1,9,2,44641
8151,3970,1,68,5,44701
8152,3971,1,64,5,44701
8153,3972,1,14,8,44701
8154,3973,1,429,4,44701
8155,3973,1,239,3,44701
8156,3973,1,42,2,44701
8157,3974,1,17,7,44701
8158,3974,1,89,5,44701
8159,3975,1,9,5,44701
8160,3975,1,98,12,44701
8161,3976,1,415,5,44761
8162,3977,1,41,6,44761
8163,3977,1,33,12,44761
8164,3977,1,12,9,44761
8165,3978,1,71,6,44761
8166,3979,1,231,9,44821
8167,3979,1,48,3,44821
8168,3980,1,217,6,44821
8169,3980,1,61,10,44821
8170,3981,1,218,4,44881
8171,3982,1,45,6,44881
8172,3982,1,15,4,44881
8173,3983,1,130,5,44881
8174,3984,1,33,4,44881
8175,3985,1,15,3,44881
8176,3985,1,1,9,44881
8177,3986,1,5,8,44881
8178,3987,1,41,6,44941
8179,3988,1,59,8,44941
8180,3988,1,206,11,44941
8181,3988,1,140,6,44941
8182,3988,1,194,6,44941
8183,3988,1,25,4,44941
8184,3989,1,237,9,44941
8185,3990,1,269,6,44941
8186,3991,1,424,4,45001
8187,3991,1,169,6,45001
8188,3991,1,86,6,45001
8189,3991,1,4,5,45001
8190,3991,1,29,8,45001
8191,3992,1,2,10,45001
8192,3993,1,83,8,45001
8193,3994,1,46,11,45001
8194,3994,1,10,6,45001
8195,3995,1,207,1,45001
8196,3995,1,14,8,45001
8197,3996,1,14,5,45001
8198,3996,1,1,6,45001
8199,3997,1,153,12,45001
8200,3998,1,16,9,45001
8201,3998,1,41,2,45001
8202,3999,1,115,8,45061
8203,3999,1,54,8,45061
8204,4000,1,43,10,45061
8205,4000,1,157,10,45061
8206,4001,1,9,8,45061
8207,4001,1,163,6,45061
8208,4002,1,31,3,45061
8209,4002,1,14,7,45061
8210,4002,1,30,10,45061
8211,4002,1,26,12,45061
8212,4002,1,5,6,45061
8213,4003,1,24,3,45061
8214,4004,1,28,6,45061
8215,4005,1,105,11,45121
8216,4006,1,5,3,45121
8217,4007,1,78,3,45121
8218,4007,1,171,2,45121
8219,4008,1,8,6,45121
8220,4009,1,177,9,45121
8221,4009,1,130,6,45121
8222,4010,1,74,6,45121
8223,4010,1,11,5,45121
8224,4010,1,10,9,45121
8225,4010,1,16,10,45121
8226,4010,1,478,8,45121
8227,4011,1,123,1,45121
8228,4012,1,23,5,45121
8229,4013,1,47,3,45121
8230,4014,1,312,6,45121
8231,4015,1,6,8,45181
8232,4015,1,40,5,45181
8233,4016,1,44,10,45181
8234,4016,1,74,8,45181
8235,4017,1,183,6,45181
8236,4017,1,28,10,45181
8237,4018,1,37,6,45181
8238,4018,1,4,12,45181
8239,4019,1,56,4,45181
8240,4020,1,103,6,45181
8241,4020,1,6,4,45181
8242,4020,1,77,12,45181
8243,4020,1,8,10,45181
8244,4021,1,22,7,45241
8245,4021,1,396,4,45241
8246,4022,1,63,9,45241
8247,4022,1,0,12,45241
8248,4022,1,377,2,45241
8249,4022,1,11,6,45241
8250,4023,1,28,7,45241
8251,4024,1,9,3,45241
8252,4024,1,266,5,45241
8253,4025,1,0,12,45241
8254,4026,1,30,8,45301
8255,4026,1,481,6,45301
8256,4027,1,320,5,45301
8257,4028,1,18,4,45301
8258,4028,1,61,10,45301
8259,4029,1,20,8,45361
8260,4030,1,5,7,45361
8261,4031,1,30,7,45361
8262,4031,1,0,4,45361
8263,4032,1,17,2,45361
8264,4032,1,3,4,45361
8265,4032,1,172,4,45361
8266,4032,1,71,3,45361
8267,4032,1,55,10,45361
8268,4033,1,159,3,45421
8269,4033,1,121,8,45421
8270,4033,1,119,4,45421
8271,4034,1,226,4,45421
8272,4035,1,2,3,45421
8273,4036,1,97,4,45481
8274,4037,1,10,1,45481
8275,4037,1,37,10,45481
8276,4038,1,0,12,45541
8277,4039,1,337,8,45541
8278,4039,1,1,4,45541
8279,4040,1,344,2,45541
8280,4041,1,6,4,45541
8281,4041,1,24,10,45541
8282,4042,1,401,2,45601
8283,4042,1,34,6,45601
8284,4043,1,294,9,45601
8285,4043,1,16,12,45601
8286,4044,1,356,8,45601
8287,4044,1,3,4,45601
8288,4045,1,87,3,45661
8289,4045,1,6,5,45661
8290,4046,1,40,5,45661
8291,4046,1,12,6,45661
8292,4046,1,8,7,45661
8293,4047,1,36,3,45661
8294,4047,1,283,6,45661
8295,4047,1,18,6,45661
8296,4048,1,69,8,45721
8297,4049,1,68,5,45721
8298,4050,1,68,7,45721
8299,4051,1,202,6,45721
8300,4051,1,490,8,45721
8301,4052,1,91,7,45781
8302,4053,1,205,8,45781
8303,4054,1,142,6,45781
8304,4055,1,23,8,45781
8305,4056,1,109,2,45781
8306,4057,1,52,6,45781
8307,4058,1,3,10,45841
8308,4059,1,478,5,45841
8309,4060,1,140,7,45841
8310,4061,1,13,3,45841
8311,4061,1,66,4,45841
8312,4061,1,1,8,45841
8313,4061,1,20,5,45841
8314,4061,1,40,5,45841
8315,4061,1,9,4,45841
8316,4061,1,12,8,45841
8317,4061,1,8,2,45841
8318,4061,1,168,9,45841
8319,4061,1,154,4,45841
8320,4061,1,47,7,45841
8321,4061,1,4,12,45841
8322,4061,1,105,6,45841
8323,4062,1,0,10,45901
8324,4062,1,30,6,45901
8325,4062,1,172,1,45901
8326,4063,1,205,6,45901
8327,4064,1,41,9,45901
8328,4064,1,18,6,45901
8329,4064,1,2,9,45901
8330,4065,1,5,10,45901
8331,4065,1,1,6,45901
8332,4066,1,150,6,45901
8333,4067,1,28,10,45961
8334,4067,1,35,5,45961
8335,4067,1,16,1,45961
8336,4067,1,3,2,45961
8337,4068,1,76,4,45961
8338,4068,1,0,5,45961
8339,4068,1,25,3,45961
8340,4068,1,1,6,45961
8341,4068,1,292,9,45961
8342,4068,1,205,9,45961
8343,4069,1,38,6,45961
8344,4069,1,0,10,45961
8345,4069,1,141,6,45961
8346,4070,1,1,5,45961
8347,4071,1,69,8,45961
8348,4071,1,295,10,45961
8349,4072,1,2,6,45961
8350,4073,1,75,12,46021
8351,4073,1,39,8,46021
8352,4074,1,159,5,46021
8353,4075,1,291,3,46021
8354,4076,1,282,10,46021
8355,4076,1,90,10,46021
8356,4077,1,1,11,46021
8357,4078,1,4,12,46021
8358,4078,1,363,10,46021
8359,4078,1,0,2,46021
8360,4078,1,23,11,46021
8361,4078,1,69,12,46021
8362,4078,1,216,7,46021
8363,4078,1,473,5,46021
8364,4079,1,6,2,46021
8365,4080,1,341,6,46021
8366,4080,1,19,3,46021
8367,4080,1,8,9,46021
8368,4080,1,195,6,46021
8369,4081,1,200,8,46021
8370,4082,1,261,3,46081
8371,4083,1,207,4,46081
8372,4084,1,291,4,46081
8373,4084,1,11,8,46081
8374,4084,1,4,3,46081
8375,4085,1,377,6,46081
8376,4085,1,20,2,46081
8377,4086,1,203,10,46081
8378,4087,1,33,8,46081
8379,4087,1,188,6,46081
8380,4088,1,46,9,46081
8381,4089,1,338,5,46081
8382,4090,1,102,10,46081
8383,4091,1,153,8,46141
8384,4091,1,72,10,46141
8385,4092,1,78,9,46141
8386,4092,1,181,10,46141
8387,4093,1,2,3,46141
8388,4093,1,36,2,46141
8389,4093,1,52,7,46141
8390,4093,1,33,4,46141
8391,4094,1,2,7,46141
8392,4094,1,148,2,46141
8393,4094,1,1,8,46141
8394,4094,1,158,4,46141
8395,4095,1,253,5,46201
8396,4096,1,180,6,46201
8397,4096,1,110,8,46201
8398,4097,1,113,10,46201
8399,4098,1,102,3,46201
8400,4098,1,97,8,46201
8401,4098,1,7,12,46201
8402,4099,1,18,6,46201
8403,4100,1,24,8,46201
8404,4101,1,24,6,46201
8405,4101,1,20,6,46201
8406,4102,1,223,4,46201
8407,4102,1,369,8,46201
8408,4102,1,4,10,46201
8409,4102,1,15,5,46201
8410,4103,1,2,6,46201
8411,4103,1,17,8,46201
8412,4104,1,7,1,46201
8413,4105,1,12,11,46201
8414,4105,1,86,6,46201
8415,4105,1,13,6,46201
8416,4106,1,435,4,46201
8417,4107,1,8,6,46261
8418,4108,1,7,5,46261
8419,4109,1,181,4,46261
8420,4109,1,7,9,46261
8421,4109,1,15,10,46261
8422,4109,1,84,4,46261
8423,4109,1,94,8,46261
8424,4109,1,282,8,46261
8425,4109,1,47,9,46261
8426,4109,1,306,12,46261
8427,4110,1,6,6,46261
8428,4111,1,212,8,46321
8429,4112,1,4,2,46381
8430,4113,1,0,4,46381
8431,4113,1,140,8,46381
8432,4114,1,31,8,46381
8433,4114,1,22,2,46381
8434,4115,1,168,6,46441
8435,4116,1,179,3,46441
8436,4116,1,124,9,46441
8437,4117,1,11,6,46501
8438,4117,1,56,10,46501
8439,4117,1,1,12,46501
8440,4118,1,8,5,46501
8441,4118,1,72,4,46501
8442,4119,1,35,7,46501
8443,4120,1,467,8,46501
8444,4121,1,195,4,46501
8445,4121,1,48,2,46501
8446,4121,1,182,6,46501
8447,4122,1,35,12,46501
8448,4123,1,7,9,46501
8449,4123,1,380,10,46501
8450,4124,1,28,6,46561
8451,4124,1,111,8,46561
8452,4125,1,235,10,46561
8453,4126,1,20,6,46561
8454,4127,1,1,4,46561
8455,4128,1,35,6,46621
8456,4128,1,47,4,46621
8457,4128,1,79,6,46621
8458,4129,1,140,10,46621
8459,4129,1,36,8,46621
8460,4129,1,347,12,46621
8461,4130,1,14,4,46621
8462,4131,1,60,7,46621
8463,4131,1,138,12,46621
8464,4131,1,1,10,46621
8465,4131,1,408,6,46621
8466,4132,1,45,2,46621
8467,4132,1,239,10,46621
8468,4132,1,54,4,46621
8469,4133,1,32,3,46621
8470,4133,1,227,6,46621
8471,4134,1,312,6,46621
8472,4135,1,15,6,46681
8473,4136,1,92,8,46681
8474,4136,1,167,2,46681
8475,4137,1,415,6,46681
8476,4137,1,46,12,46681
8477,4137,1,1,5,46681
8478,4137,1,11,9,46681
8479,4138,1,42,6,46681
8480,4138,1,0,6,46681
8481,4138,1,67,7,46681
8482,4139,1,1,2,46681
8483,4139,1,315,5,46681
8484,4139,1,10,10,46681
8485,4139,1,158,10,46681
8486,4139,1,0,2,46681
8487,4140,1,18,10,46681
8488,4140,1,42,5,46681
8489,4140,1,47,4,46681
8490,4140,1,122,3,46681
8491,4140,1,25,11,46681
8492,4141,1,23,9,46741
8493,4141,1,491,4,46741
8494,4141,1,22,1,46741
8495,4141,1,167,8,46741
8496,4141,1,322,6,46741
8497,4141,1,41,3,46741
8498,4141,1,128,8,46741
8499,4141,1,243,9,46741
8500,4141,1,5,6,46741
8501,4142,1,48,10,46741
8502,4143,1,64,4,46741
8503,4144,1,435,5,46741
8504,4145,1,192,10,46741
8505,4145,1,4,4,46741
8506,4146,1,0,2,46741
8507,4146,1,68,6,46741
8508,4146,1,54,9,46741
8509,4147,1,454,4,46741
8510,4147,1,99,5,46741
8511,4148,1,233,7,46741
8512,4148,1,248,5,46741
8513,4148,1,6,5,46741
8514,4149,1,13,4,46741
8515,4149,1,1,10,46741
8516,4150,1,469,4,46801
8517,4151,1,36,4,46801
8518,4152,1,89,2,46801
8519,4153,1,68,8,46801
8520,4153,1,9,9,46801
8521,4154,1,13,8,46801
8522,4154,1,16,3,46801
8523,4155,1,1,2,46801
8524,4156,1,190,8,46861
8525,4156,1,387,6,46861
8526,4157,1,21,4,46861
8527,4158,1,216,6,46861
8528,4158,1,3,5,46861
8529,4159,1,44,4,46861
8530,4160,1,209,1,46861
8531,4160,1,195,12,46861
8532,4161,1,74,2,46861
8533,4161,1,4,8,46861
8534,4162,1,138,10,46861
8535,4162,1,41,6,46861
8536,4163,1,97,4,46861
8537,4164,1,6,8,46861
8538,4165,1,338,9,46861
8539,4166,1,416,4,46921
8540,4166,1,336,2,46921
8541,4167,1,27,6,46921
8542,4168,1,427,8,46921
8543,4169,1,38,12,46921
8544,4169,1,25,1,46921
8545,4169,1,39,7,46921
8546,4170,1,156,7,46981
8547,4170,1,109,11,46981
8548,4171,1,0,7,46981
8549,4172,1,14,8,46981
8550,4173,1,188,3,46981
8551,4173,1,9,7,46981
8552,4174,1,184,7,46981
8553,4175,1,24,10,46981
8554,4176,1,29,5,47041
8555,4176,1,0,5,47041
8556,4177,1,16,2,47041
8557,4178,1,38,4,47041
8558,4179,1,139,8,47041
8559,4180,1,368,7,47041
8560,4181,1,66,2,47041
8561,4182,1,39,7,47041
8562,4182,1,348,1,47041
8563,4182,1,38,8,47041
8564,4182,1,164,7,47041
8565,4182,1,42,1,47041
8566,4182,1,7,8,47041
8567,4182,1,47,6,47041
8568,4182,1,81,10,47041
8569,4182,1,18,9,47041
8570,4183,1,266,7,47041
8571,4184,1,35,4,47101
8572,4185,1,150,6,47101
8573,4185,1,390,10,47101
8574,4185,1,13,7,47101
8575,4186,1,9,10,47101
8576,4186,1,367,2,47101
8577,4187,1,36,6,47101
8578,4188,1,12,10,47101
8579,4188,1,43,2,47101
8580,4189,1,125,10,47101
8581,4189,1,1,4,47101
8582,4190,1,108,1,47101
8583,4190,1,16,7,47101
8584,4191,1,283,10,47161
8585,4192,1,29,7,47161
8586,4193,1,1,5,47161
8587,4193,1,12,8,47161
8588,4194,1,192,2,47221
8589,4195,1,106,4,47221
8590,4196,1,236,6,47221
8591,4196,1,10,10,47221
8592,4196,1,0,1,47221
8593,4197,1,197,6,47221
8594,4198,1,30,10,47221
8595,4199,1,406,4,47221
8596,4200,1,384,4,47281
8597,4201,1,17,10,47281
8598,4202,1,89,10,47281
8599,4202,1,314,9,47281
8600,4203,1,20,6,47341
8601,4204,1,5,6,47341
8602,4204,1,4,6,47341
8603,4205,1,88,10,47341
8604,4206,1,42,12,47401
8605,4207,1,15,3,47401
8606,4207,1,19,11,47401
8607,4208,1,123,4,47401
8608,4208,1,5,6,47401
8609,4208,1,29,4,47401
8610,4208,1,233,9,47401
8611,4208,1,84,7,47401
8612,4209,1,498,8,47461
8613,4210,1,243,12,47461
8614,4210,1,3,2,47461
8615,4210,1,17,6,47461
8616,4210,1,233,6,47461
8617,4211,1,6,8,47461
8618,4212,1,492,6,47521
8619,4212,1,157,6,47521
8620,4213,1,20,8,47521
8621,4213,1,77,8,47521
8622,4213,1,93,7,47521
8623,4213,1,115,9,47521
8624,4214,1,19,6,47521
8625,4214,1,161,2,47521
8626,4215,1,95,6,47521
8627,4216,1,43,4,47521
8628,4216,1,5,6,47521
8629,4217,1,22,6,47521
8630,4217,1,14,6,47521
8631,4218,1,91,8,47581
8632,4219,1,211,6,47581
8633,4220,1,109,2,47581
8634,4221,1,235,8,47581
8635,4221,1,89,10,47581
8636,4222,1,12,4,47581
8637,4223,1,472,7,47641
8638,4224,1,31,2,47641
8639,4225,1,304,5,47641
8640,4226,1,18,12,47701
8641,4226,1,34,9,47701
8642,4227,1,42,12,47701
8643,4227,1,0,10,47701
8644,4227,1,24,12,47701
8645,4228,1,391,3,47701
8646,4229,1,20,4,47701
8647,4229,1,119,4,47701
8648,4230,1,161,8,47701
8649,4231,1,390,6,47701
8650,4232,1,47,3,47761
8651,4233,1,390,4,47761
8652,4233,1,42,5,47761
8653,4233,1,183,9,47761
8654,4234,1,17,6,47761
8655,4234,1,180,7,47761
8656,4234,1,20,6,47761
8657,4235,1,10,6,47761
8658,4236,1,28,4,47761
8659,4237,1,0,6,47761
8660,4238,1,1,9,47761
8661,4239,1,23,10,47761
8662,4239,1,294,8,47761
8663,4239,1,70,6,47761
8664,4239,1,24,8,47761
8665,4240,1,12,3,47821
8666,4240,1,16,12,47821
8667,4240,1,176,8,47821
8668,4240,1,24,7,47821
8669,4240,1,89,11,47821
8670,4240,1,359,8,47821
8671,4241,1,101,9,47821
8672,4241,1,131,6,47821
8673,4241,1,44,8,47821
8674,4242,1,220,2,47821
8675,4243,1,15,10,47821
8676,4243,1,197,7,47821
8677,4243,1,10,4,47821
8678,4243,1,27,5,47821
8679,4244,1,88,6,47881
8680,4245,1,109,8,47881
8681,4245,1,193,4,47881
8682,4245,1,19,8,47881
8683,4246,1,33,4,47881
8684,4246,1,370,6,47881
8685,4247,1,105,10,47881
8686,4247,1,52,4,47881
8687,4247,1,46,8,47881
8688,4247,1,0,9,47881
8689,4248,1,367,5,47881
8690,4249,1,388,6,47881
8691,4250,1,15,3,47941
8692,4251,1,155,8,47941
8693,4252,1,1,4,47941
8694,4253,1,52,5,47941
8695,4253,1,257,8,47941
8696,4254,1,60,5,47941
8697,4255,1,92,10,47941
8698,4256,1,46,11,48001
8699,4256,1,37,7,48001
8700,4257,1,98,12,48001
8701,4257,1,87,6,48001
8702,4258,1,45,8,48001
8703,4259,1,371,3,48001
8704,4259,1,17,4,48001
8705,4259,1,80,7,48001
8706,4259,1,268,3,48001
8707,4259,1,10,8,48001
8708,4259,1,211,8,48001
8709,4259,1,457,8,48001
8710,4259,1,9,4,48001
8711,4259,1,68,4,48001
8712,4259,1,222,9,48001
8713,4260,1,17,8,48001
8714,4260,1,60,5,48001
8715,4261,1,420,7,48001
8716,4261,1,113,8,48001
8717,4261,1,40,8,48001
8718,4261,1,326,1,48001
8719,4261,1,213,6,48001
8720,4261,1,6,6,48001
8721,4262,1,46,6,48001
8722,4262,1,42,7,48001
8723,4262,1,15,6,48001
8724,4262,1,176,6,48001
8725,4263,1,3,9,48001
8726,4263,1,55,9,48001
8727,4264,1,81,10,48061
8728,4265,1,44,11,48061
8729,4266,1,0,4,48061
8730,4267,1,362,8,48061
8731,4267,1,42,8,48061
8732,4267,1,0,10,48061
8733,4267,1,430,3,48061
8734,4267,1,97,8,48061
8735,4268,1,319,7,48061
8736,4268,1,8,4,48061
8737,4268,1,50,9,48061
8738,4268,1,38,8,48061
8739,4269,1,4,6,48061
8740,4270,1,6,4,48121
8741,4271,1,362,6,48121
8742,4271,1,25,4,48121
8743,4272,1,36,7,48121
8744,4273,1,4,6,48121
8745,4273,1,108,9,48121
8746,4274,1,428,6,48121
8747,4274,1,34,4,48121
8748,4275,1,156,8,48181
8749,4275,1,2,12,48181
8750,4276,1,124,8,48181
8751,4277,1,11,6,48181
8752,4278,1,40,11,48181
8753,4278,1,381,1,48181
8754,4279,1,89,8,48181
8755,4280,1,158,6,48181
8756,4280,1,36,10,48181
8757,4281,1,143,10,48241
8758,4281,1,474,6,48241
8759,4282,1,76,7,48241
8760,4282,1,264,8,48241
8761,4282,1,113,8,48241
8762,4282,1,102,8,48241
8763,4283,1,36,7,48241
8764,4284,1,204,8,48241
8765,4284,1,101,4,48241
8766,4284,1,31,4,48241
8767,4285,1,377,7,48301
8768,4286,1,16,2,48301
8769,4286,1,37,5,48301
8770,4287,1,455,6,48301
8771,4288,1,76,5,48301
8772,4288,1,17,2,48301
8773,4289,1,91,9,48301
8774,4289,1,35,7,48301
8775,4289,1,43,5,48301
8776,4289,1,102,8,48301
8777,4290,1,326,10,48301
8778,4291,1,476,5,48361
8779,4291,1,0,10,48361
8780,4292,1,35,1,48361
8781,4292,1,120,1,48361
8782,4293,1,32,6,48361
8783,4293,1,37,10,48361
8784,4293,1,102,5,48361
8785,4294,1,205,9,48361
8786,4294,1,479,7,48361
8787,4295,1,116,7,48361
8788,4295,1,108,6,48361
8789,4295,1,11,6,48361
8790,4295,1,337,3,48361
8791,4295,1,33,8,48361
8792,4296,1,14,8,48361
8793,4297,1,19,12,48361
8794,4298,1,126,1,48361
8795,4298,1,58,8,48361
8796,4299,1,249,8,48421
8797,4300,1,23,7,48421
8798,4301,1,45,1,48421
8799,4302,1,9,3,48481
8800,4303,1,49,5,48481
8801,4303,1,30,3,48481
8802,4303,1,25,8,48481
8803,4303,1,217,10,48481
8804,4303,1,339,5,48481
8805,4303,1,18,5,48481
8806,4304,1,11,9,48481
8807,4304,1,118,9,48481
8808,4305,1,342,1,48481
8809,4305,1,328,10,48481
8810,4305,1,185,9,48481
8811,4306,1,23,8,48541
8812,4306,1,35,8,48541
8813,4306,1,45,12,48541
8814,4307,1,24,7,48541
8815,4307,1,187,9,48541
8816,4307,1,320,6,48541
8817,4308,1,1,9,48601
8818,4309,1,26,2,48601
8819,4309,1,260,5,48601
8820,4310,1,3,11,48601
8821,4310,1,27,8,48601
8822,4311,1,312,5,48601
8823,4311,1,2,8,48601
8824,4312,1,103,2,48601
8825,4313,1,6,9,48661
8826,4313,1,22,6,48661
8827,4314,1,70,6,48661
8828,4314,1,239,8,48661
8829,4314,1,92,8,48661
8830,4314,1,26,9,48661
8831,4314,1,152,8,48661
8832,4314,1,10,6,48661
8833,4315,1,8,8,48661
8834,4316,1,34,7,48661
8835,4316,1,348,2,48661
8836,4316,1,370,10,48661
8837,4317,1,6,8,48661
8838,4318,1,180,1,48661
8839,4319,1,213,10,48661
8840,4320,1,18,12,48661
8841,4320,1,21,5,48661
8842,4320,1,7,6,48661
8843,4321,1,166,8,48661
8844,4322,1,457,11,48661
8845,4322,1,36,10,48661
8846,4322,1,7,10,48661
8847,4323,1,282,7,48721
8848,4323,1,0,2,48721
8849,4323,1,84,11,48721
8850,4323,1,118,4,48721
8851,4323,1,2,3,48721
8852,4323,1,14,7,48721
8853,4323,1,49,11,48721
8854,4323,1,12,2,48721
8855,4324,1,129,12,48721
8856,4324,1,49,8,48721
8857,4325,1,144,8,48721
8858,4325,1,34,10,48721
8859,4326,1,186,10,48721
8860,4326,1,452,4,48721
8861,4327,1,376,3,48721
8862,4328,1,8,12,48781
8863,4329,1,45,2,48781
8864,4329,1,25,6,48781
8865,4330,1,144,10,48781
8866,4330,1,23,11,48781
8867,4331,1,55,10,48781
8868,4331,1,9,8,48781
8869,4331,1,1,10,48781
8870,4332,1,360,11,48781
8871,4332,1,49,2,48781
8872,4333,1,78,7,48781
8873,4334,1,205,4,48781
8874,4334,1,361,8,48781
8875,4335,1,315,7,48781
8876,4335,1,15,4,48781
8877,4336,1,0,10,48841
8878,4337,1,19,11,48841
8879,4337,1,21,8,48841
8880,4337,1,24,4,48841
8881,4338,1,6,10,48901
8882,4338,1,12,5,48901
8883,4338,1,86,7,48901
8884,4339,1,411,6,48901
8885,4340,1,2,8,48901
8886,4341,1,87,9,48901
8887,4341,1,47,12,48901
8888,4341,1,116,2,48901
8889,4342,1,10,12,48961
8890,4343,1,47,6,48961
8891,4343,1,16,4,48961
8892,4344,1,93,4,48961
8893,4344,1,30,7,48961
8894,4344,1,27,12,48961
8895,4345,1,169,4,48961
8896,4345,1,70,4,48961
8897,4345,1,266,8,48961
8898,4345,1,34,9,48961
8899,4346,1,172,6,48961
8900,4347,1,17,11,49021
8901,4347,1,258,8,49021
8902,4348,1,2,7,49021
8903,4349,1,108,11,49021
8904,4349,1,264,4,49021
8905,4349,1,34,3,49021
8906,4349,1,17,8,49021
8907,4350,1,54,6,49021
8908,4351,1,392,8,49021
8909,4352,1,15,10,49021
8910,4353,1,356,8,49021
8911,4353,1,33,6,49021
8912,4354,1,8,9,49021
8913,4355,1,169,6,49081
8914,4356,1,135,12,49081
8915,4357,1,42,10,49081
8916,4358,1,2,3,49081
8917,4359,1,13,3,49141
8918,4359,1,397,10,49141
8919,4359,1,307,8,49141
8920,4359,1,311,6,49141
8921,4360,1,343,4,49141
8922,4361,1,22,9,49141
8923,4361,1,1,10,49141
8924,4361,1,0,10,49141
8925,4362,1,95,6,49141
8926,4362,1,35,10,49141
8927,4363,1,438,9,49201
8928,4363,1,49,9,49201
8929,4364,1,1,5,49201
8930,4364,1,9,3,49201
8931,4364,1,25,7,49201
8932,4364,1,40,11,49201
8933,4365,1,13,12,49201
8934,4366,1,118,5,49261
8935,4367,1,24,6,49261
8936,4368,1,81,10,49261
8937,4369,1,33,12,49261
8938,4370,1,82,5,49261
8939,4371,1,93,10,49261
8940,4371,1,11,10,49261
8941,4371,1,87,8,49261
8942,4372,1,4,10,49261
8943,4372,1,168,2,49261
8944,4373,1,89,4,49321
8945,4374,1,16,8,49321
8946,4374,1,4,10,49321
8947,4375,1,30,6,49321
8948,4376,1,109,8,49321
8949,4377,1,169,4,49321
8950,4377,1,183,7,49321
8951,4377,1,15,9,49321
8952,4377,1,61,11,49321
8953,4378,1,5,2,49321
8954,4379,1,13,8,49321
8955,4379,1,65,6,49321
8956,4379,1,1,8,49321
8957,4380,1,86,6,49321
8958,4381,1,103,6,49321
8959,4381,1,22,9,49321
8960,4381,1,15,7,49321
8961,4381,1,391,11,49321
8962,4382,1,201,4,49321
8963,4382,1,110,10,49321
8964,4383,1,155,9,49381
8965,4383,1,116,10,49381
8966,4384,1,22,4,49381
8967,4385,1,42,10,49381
8968,4385,1,219,7,49381
8969,4385,1,79,4,49381
8970,4385,1,207,4,49381
8971,4385,1,426,10,49381
8972,4386,1,57,8,49381
8973,4387,1,49,9,49441
8974,4387,1,14,4,49441
8975,4388,1,45,6,49441
8976,4389,1,19,11,49441
8977,4390,1,297,10,49441
8978,4391,1,2,8,49441
8979,4392,1,14,10,49441
8980,4393,1,5,4,49501
8981,4393,1,18,8,49501
8982,4393,1,58,9,49501
8983,4393,1,233,10,49501
8984,4393,1,0,6,49501
8985,4393,1,230,6,49501
8986,4393,1,2,7,49501
8987,4393,1,28,5,49501
8988,4393,1,43,8,49501
8989,4394,1,131,6,49501
8990,4394,1,440,8,49501
8991,4394,1,49,9,49501
8992,4394,1,2,2,49501
8993,4395,1,8,6,49501
8994,4396,1,188,6,49501
8995,4396,1,287,4,49501
8996,4397,1,87,9,49501
8997,4397,1,111,8,49501
8998,4398,1,0,7,49561
8999,4399,1,77,11,49561
9000,4399,1,38,6,49561
9001,4400,1,47,11,49621
9002,4401,1,55,8,49621
9003,4401,1,9,8,49621
9004,4401,1,47,12,49621
9005,4402,1,23,4,49741
9006,4402,1,278,4,49741
9007,4403,1,118,5,49741
9008,4403,1,394,6,49741
9009,4404,1,448,6,49741
9010,4404,1,35,11,49741
9011,4405,1,3,8,49741
9012,4406,1,178,7,49741
9013,4406,1,115,2,49741
9014,4407,1,2,6,49741
9015,4408,1,3,3,49741
9016,4408,1,16,5,49741
9017,4408,1,37,9,49741
9018,4408,1,249,12,49741
9019,4409,1,157,10,49741
9020,4409,1,193,11,49741
9021,4410,1,11,3,49741
9022,4410,1,34,5,49741
9023,4410,1,52,12,49741
9024,4410,1,314,5,49741
9025,4411,1,10,6,49801
9026,4412,1,279,6,49801
9027,4413,1,60,2,49801
9028,4413,1,107,6,49801
9029,4413,1,28,6,49801
9030,4413,1,73,5,49801
9031,4414,1,336,6,49801
9032,4415,1,37,4,49801
9033,4416,1,133,10,49801
9034,4416,1,94,9,49801
9035,4416,1,18,4,49801
9036,4416,1,11,3,49801
9037,4416,1,440,5,49801
9038,4417,1,27,1,49801
9039,4417,1,38,3,49801
9040,4418,1,74,7,49801
9041,4418,1,14,9,49801
9042,4419,1,32,10,49801
9043,4420,1,33,5,49801
9044,4420,1,19,6,49801
9045,4420,1,179,9,49801
9046,4420,1,183,11,49801
9047,4420,1,8,10,49801
9048,4420,1,62,8,49801
9049,4420,1,1,6,49801
9050,4421,1,132,10,49801
9051,4422,1,130,6,49861
9052,4423,1,22,4,49861
9053,4424,1,303,8,49861
9054,4424,1,128,4,49861
9055,4424,1,35,9,49861
9056,4425,1,27,4,49921
9057,4426,1,82,7,49921
9058,4427,1,196,6,49921
9059,4428,1,89,10,49921
9060,4429,1,139,10,49921
9061,4430,1,26,7,49921
9062,4430,1,9,2,49921
9063,4430,1,95,11,49921
9064,4431,1,25,7,49921
9065,4432,1,22,8,49921
9066,4432,1,12,4,49921
9067,4433,1,270,9,49921
9068,4434,1,115,12,49921
9069,4434,1,20,2,49921
9070,4435,1,74,10,49921
9071,4435,1,49,5,49921
9072,4435,1,184,6,49921
9073,4435,1,16,2,49921
9074,4435,1,47,8,49921
9075,4436,1,446,8,49921
9076,4437,1,187,6,49921
9077,4438,1,6,2,49981
9078,4439,1,2,9,49981
9079,4439,1,4,9,49981
9080,4440,1,144,5,49981
9081,4441,1,99,2,49981
9082,4442,1,44,7,50041
9083,4442,1,9,9,50041
9084,4442,1,238,5,50041
9085,4442,1,306,11,50041
9086,4443,1,378,10,50041
9087,4444,1,54,4,50041
9088,4445,1,44,7,50041
9089,4446,1,423,6,50101
9090,4446,1,47,8,50101
9091,4446,1,186,4,50101
9092,4446,1,105,2,50101
9093,4446,1,0,10,50101
9094,4446,1,479,6,50101
9095,4446,1,1,6,50101
9096,4447,1,303,3,50101
9097,4448,1,62,8,50101
9098,4448,1,238,3,50101
9099,4449,1,33,8,50101
9100,4450,1,124,4,50161
9101,4450,1,172,3,50161
9102,4451,1,45,1,50161
9103,4451,1,2,5,50161
9104,4451,1,177,4,50161
9105,4451,1,46,5,50161
9106,4451,1,137,1,50161
9107,4451,1,209,2,50161
9108,4451,1,12,12,50161
9109,4452,1,137,7,50161
9110,4453,1,24,10,50161
9111,4454,1,327,6,50161
9112,4454,1,186,6,50161
9113,4454,1,360,12,50161
9114,4455,1,3,2,50161
9115,4456,1,334,5,50161
9116,4457,1,261,5,50161
9117,4457,1,4,10,50161
9118,4458,1,44,10,50221
9119,4458,1,4,5,50221
9120,4459,1,6,9,50221
9121,4460,1,38,2,50221
9122,4461,1,56,5,50221
9123,4462,1,12,8,50281
9124,4462,1,162,9,50281
9125,4462,1,29,4,50281
9126,4462,1,13,10,50281
9127,4463,1,294,4,50281
9128,4463,1,430,4,50281
9129,4463,1,497,11,50281
9130,4463,1,67,8,50281
9131,4464,1,79,1,50281
9132,4465,1,177,12,50281
9133,4465,1,0,7,50281
9134,4465,1,8,10,50281
9135,4466,1,73,10,50281
9136,4467,1,35,4,50281
9137,4468,1,1,6,50341
9138,4468,1,36,5,50341
9139,4468,1,25,6,50341
9140,4469,1,44,3,50341
9141,4469,1,213,6,50341
9142,4469,1,207,8,50341
9143,4469,1,6,10,50341
9144,4469,1,82,2,50341
9145,4470,1,2,4,50341
9146,4470,1,37,4,50341
9147,4471,1,153,2,50341
9148,4472,1,17,8,50341
9149,4472,1,363,2,50341
9150,4473,1,54,6,50341
9151,4474,1,247,12,50401
9152,4474,1,372,12,50401
9153,4474,1,303,1,50401
9154,4475,1,419,6,50401
9155,4476,1,56,6,50401
9156,4477,1,2,1,50401
9157,4477,1,5,10,50401
9158,4478,1,8,12,50401
9159,4478,1,190,9,50401
9160,4479,1,43,8,50401
9161,4479,1,38,5,50401
9162,4479,1,232,6,50401
9163,4479,1,120,8,50401
9164,4479,1,8,8,50401
9165,4480,1,6,4,50461
9166,4480,1,27,6,50461
9167,4480,1,32,4,50461
9168,4481,1,40,6,50461
9169,4481,1,293,6,50461
9170,4481,1,5,6,50461
9171,4481,1,69,12,50461
9172,4482,1,328,4,50461
9173,4482,1,5,8,50461
9174,4482,1,40,5,50461
9175,4482,1,1,4,50461
9176,4483,1,39,8,50461
9177,4483,1,37,6,50461
9178,4483,1,147,7,50461
9179,4483,1,214,1,50461
9180,4484,1,296,12,50521
9181,4484,1,109,8,50521
9182,4485,1,330,7,50521
9183,4486,1,407,4,50521
9184,4486,1,6,7,50521
9185,4487,1,100,3,50581
9186,4487,1,152,5,50581
9187,4487,1,76,3,50581
9188,4487,1,54,2,50581
9189,4488,1,63,7,50581
9190,4489,1,268,10,50581
9191,4490,1,108,12,50581
9192,4490,1,90,10,50581
9193,4490,1,21,3,50581
9194,4490,1,15,4,50581
9195,4490,1,12,4,50581
9196,4490,1,8,10,50581
9197,4491,1,18,4,50581
9198,4491,1,53,6,50581
9199,4491,1,97,6,50581
9200,4491,1,5,8,50581
9201,4491,1,143,8,50581
9202,4491,1,49,12,50581
9203,4492,1,491,3,50641
9204,4493,1,32,6,50641
9205,4493,1,31,11,50641
9206,4494,1,27,9,50641
9207,4495,1,176,8,50641
9208,4496,1,189,12,50641
9209,4496,1,35,9,50641
9210,4496,1,133,7,50641
9211,4496,1,157,8,50641
9212,4497,1,18,4,50701
9213,4498,1,39,8,50701
9214,4499,1,28,5,50701
9215,4499,1,60,8,50701
9216,4500,1,4,6,50701
9217,4501,1,20,2,50761
9218,4501,1,157,4,50761
9219,4501,1,161,10,50761
9220,4501,1,47,12,50761
9221,4501,1,39,8,50761
9222,4502,1,482,9,50761
9223,4502,1,0,1,50761
9224,4502,1,96,6,50761
9225,4503,1,222,4,50761
9226,4503,1,82,2,50761
9227,4504,1,8,6,50761
9228,4505,1,38,7,50761
9229,4506,1,83,6,50761
9230,4506,1,43,7,50761
9231,4506,1,158,9,50761
9232,4507,1,118,12,50761
9233,4507,1,3,4,50761
9234,4508,1,342,12,50821
9235,4508,1,23,8,50821
9236,4508,1,49,2,50821
9237,4509,1,159,8,50821
9238,4509,1,46,8,50821
9239,4510,1,42,9,50821
9240,4510,1,19,4,50821
9241,4511,1,22,4,50821
9242,4511,1,302,8,50821
9243,4511,1,3,1,50821
9244,4511,1,1,8,50821
9245,4511,1,10,7,50821
9246,4511,1,2,3,50821
9247,4511,1,333,12,50821
9248,4511,1,102,10,50821
9249,4512,1,142,8,50821
9250,4513,1,101,12,50821
9251,4514,1,56,9,50881
9252,4514,1,53,11,50881
9253,4515,1,2,8,50881
9254,4515,1,20,8,50881
9255,4516,1,41,5,50881
9256,4517,1,346,7,50881
9257,4518,1,282,8,50941
9258,4519,1,307,6,50941
9259,4519,1,45,6,50941
9260,4519,1,16,4,50941
9261,4519,1,1,10,50941
9262,4520,1,67,11,50941
9263,4520,1,65,11,50941
9264,4521,1,255,4,50941
9265,4522,1,31,10,51001
9266,4522,1,39,10,51001
9267,4523,1,70,3,51001
9268,4524,1,15,3,51001
9269,4525,1,27,9,51001
9270,4526,1,369,3,51001
9271,4526,1,238,6,51001
9272,4526,1,417,5,51001
9273,4527,1,22,6,51001
9274,4528,1,14,9,51001
9275,4528,1,68,8,51001
9276,4528,1,277,4,51001
9277,4529,1,200,6,51061
9278,4529,1,47,5,51061
9279,4530,1,3,2,51061
9280,4531,1,39,11,51061
9281,4531,1,0,12,51061
9282,4532,1,45,9,51061
9283,4532,1,76,2,51061
9284,4533,1,318,10,51061
9285,4534,1,7,6,51121
9286,4535,1,175,6,51181
9287,4536,1,144,6,51181
9288,4536,1,65,4,51181
9289,4537,1,94,7,51241
9290,4538,1,137,4,51241
9291,4538,1,19,8,51241
9292,4538,1,183,8,51241
9293,4539,1,103,6,51241
9294,4539,1,1,4,51241
9295,4539,1,20,8,51241
9296,4539,1,29,8,51241
9297,4540,1,215,7,51241
9298,4541,1,117,4,51301
9299,4542,1,8,6,51301
9300,4543,1,180,8,51301
9301,4543,1,478,8,51301
9302,4544,1,0,11,51301
9303,4544,1,188,2,51301
9304,4545,1,140,4,51301
9305,4545,1,49,12,51301
9306,4545,1,47,9,51301
9307,4545,1,71,6,51301
9308,4546,1,337,4,51301
9309,4546,1,48,10,51301
9310,4546,1,150,10,51301
9311,4546,1,11,12,51301
9312,4547,1,245,8,51301
9313,4547,1,26,5,51301
9314,4548,1,433,9,51301
9315,4548,1,22,12,51301
9316,4548,1,123,8,51301
9317,4549,1,147,4,51361
9318,4550,1,174,7,51361
9319,4551,1,25,1,51361
9320,4552,1,132,11,51421
9321,4552,1,335,6,51421
9322,4553,1,18,5,51421
9323,4553,1,234,8,51421
9324,4554,1,234,9,51421
9325,4555,1,13,6,51481
9326,4556,1,254,6,51481
9327,4556,1,296,9,51481
9328,4557,1,4,10,51481
9329,4557,1,282,6,51481
9330,4558,1,9,8,51481
9331,4559,1,21,6,51481
9332,4559,1,2,6,51481
9333,4560,1,119,10,51541
9334,4561,1,370,3,51541
9335,4561,1,468,3,51541
9336,4561,1,36,9,51541
9337,4562,1,475,9,51541
9338,4562,1,292,2,51541
9339,4562,1,20,6,51541
9340,4563,1,6,8,51541
9341,4563,1,24,6,51541
9342,4563,1,290,2,51541
9343,4564,1,33,9,51541
9344,4565,1,137,11,51541
9345,4565,1,98,8,51541
9346,4565,1,8,7,51541
9347,4566,1,98,8,51541
9348,4566,1,83,6,51541
9349,4566,1,2,8,51541
9350,4567,1,237,7,51541
9351,4568,1,443,5,51541
9352,4568,1,36,5,51541
9353,4569,1,210,8,51601
9354,4570,1,30,4,51601
9355,4570,1,296,6,51601
9356,4571,1,40,2,51601
9357,4572,1,34,2,51661
9358,4572,1,4,3,51661
9359,4573,1,0,10,51661
9360,4574,1,22,9,51661
9361,4575,1,3,8,51661
9362,4575,1,0,8,51661
9363,4575,1,14,9,51661
9364,4576,1,306,11,51661
9365,4577,1,49,6,51661
9366,4577,1,10,5,51661
9367,4577,1,2,8,51661
9368,4578,1,2,3,51721
9369,4579,1,97,10,51721
9370,4580,1,29,7,51721
9371,4580,1,0,4,51721
9372,4581,1,46,6,51721
9373,4582,1,410,6,51781
9374,4582,1,5,8,51781
9375,4582,1,165,7,51781
9376,4582,1,0,8,51781
9377,4582,1,78,6,51781
9378,4582,1,28,8,51781
9379,4583,1,13,6,51781
9380,4583,1,39,2,51781
9381,4583,1,37,6,51781
9382,4583,1,172,2,51781
9383,4584,1,13,6,51781
9384,4585,1,192,7,51781
9385,4585,1,148,9,51781
9386,4586,1,6,5,51781
9387,4586,1,28,6,51781
9388,4586,1,60,4,51781
9389,4586,1,333,10,51781
9390,4587,1,22,8,51781
9391,4588,1,87,2,51781
9392,4588,1,210,6,51781
9393,4589,1,36,6,51781
9394,4590,1,20,6,51841
9395,4590,1,180,4,51841
9396,4590,1,246,5,51841
9397,4591,1,10,8,51841
9398,4592,1,5,4,51841
9399,4592,1,28,6,51841
9400,4592,1,13,4,51841
9401,4593,1,378,8,51841
9402,4593,1,94,6,51841
9403,4593,1,100,1,51841
9404,4593,1,409,4,51841
9405,4594,1,403,2,51841
9406,4595,1,0,5,51841
9407,4595,1,107,9,51841
9408,4595,1,41,4,51841
9409,4595,1,66,10,51841
9410,4596,1,26,8,51841
9411,4597,1,16,8,51901
9412,4598,1,132,5,51901
9413,4598,1,151,9,51901
9414,4599,1,20,3,51901
9415,4600,1,34,2,51901
9416,4600,1,161,6,51901
9417,4600,1,24,5,51901
9418,4601,1,101,6,51901
9419,4601,1,143,12,51901
9420,4601,1,140,4,51901
9421,4601,1,95,4,51901
9422,4602,1,231,10,51901
9423,4602,1,4,5,51901
9424,4603,1,48,10,51901
9425,4603,1,98,8,51901
9426,4604,1,379,6,51901
9427,4605,1,49,2,51961
9428,4605,1,1,2,51961
9429,4605,1,239,7,51961
9430,4606,1,15,7,51961
9431,4607,1,489,11,51961
9432,4607,1,0,10,51961
9433,4607,1,329,10,51961
9434,4608,1,164,9,51961
9435,4609,1,48,4,51961
9436,4609,1,379,7,51961
9437,4610,1,193,6,51961
9438,4611,1,3,1,52021
9439,4612,1,9,3,52021
9440,4612,1,40,5,52021
9441,4613,1,75,10,52081
9442,4613,1,299,4,52081
9443,4614,1,5,6,52081
9444,4615,1,70,4,52081
9445,4616,1,32,9,52081
9446,4616,1,52,7,52081
9447,4616,1,28,3,52081
9448,4617,1,8,3,52081
9449,4618,1,56,10,52081
9450,4619,1,185,4,52141
9451,4620,1,3,7,52141
9452,4620,1,403,6,52141
9453,4621,1,229,5,52141
9454,4621,1,93,2,52141
9455,4621,1,123,4,52141
9456,4621,1,96,5,52141
9457,4622,1,19,6,52201
9458,4623,1,88,8,52201
9459,4624,1,94,6,52201
9460,4624,1,68,7,52201
9461,4625,1,8,8,52201
9462,4625,1,0,9,52201
9463,4625,1,36,4,52201
9464,4626,1,373,7,52201
9465,4626,1,21,1,52201
9466,4626,1,3,11,52201
9467,4627,1,255,8,52201
9468,4627,1,22,8,52201
9469,4628,1,147,11,52261
9470,4628,1,19,4,52261
9471,4629,1,176,12,52261
9472,4629,1,330,6,52261
9473,4630,1,32,5,52261
9474,4630,1,1,7,52261
9475,4631,1,9,6,52261
9476,4631,1,13,10,52261
9477,4632,1,1,10,52321
9478,4632,1,16,8,52321
9479,4633,1,12,4,52321
9480,4633,1,140,9,52321
9481,4634,1,292,3,52321
9482,4635,1,315,8,52321
9483,4636,1,42,9,52321
9484,4637,1,55,8,52321
9485,4638,1,200,2,52321
9486,4638,1,1,6,52321
9487,4639,1,217,5,52321
9488,4640,1,0,11,52381
9489,4640,1,1,11,52381
9490,4641,1,323,2,52381
9491,4642,1,327,10,52381
9492,4643,1,464,8,52381
9493,4644,1,19,9,52381
9494,4644,1,1,5,52381
9495,4644,1,12,10,52381
9496,4644,1,45,4,52381
9497,4644,1,272,11,52381
9498,4644,1,143,7,52381
9499,4644,1,43,4,52381
9500,4644,1,14,6,52381
9501,4645,1,46,5,52381
9502,4646,1,34,3,52381
9503,4647,1,47,8,52381
9504,4647,1,25,2,52381
9505,4647,1,303,7,52381
9506,4647,1,258,4,52381
9507,4648,1,20,2,52441
9508,4648,1,189,5,52441
9509,4649,1,160,8,52441
9510,4649,1,11,9,52441
9511,4650,1,66,6,52441
9512,4651,1,46,5,52441
9513,4651,1,6,10,52441
9514,4651,1,58,9,52441
9515,4652,1,2,11,52441
9516,4653,1,48,10,52441
9517,4654,1,22,7,52441
9518,4655,1,13,7,52441
9519,4655,1,81,10,52441
9520,4655,1,246,9,52441
9521,4655,1,108,10,52441
9522,4656,1,270,4,52441
9523,4657,1,0,8,52501
9524,4658,1,341,10,52501
9525,4659,1,234,4,52501
9526,4660,1,46,8,52501
9527,4660,1,6,8,52501
9528,4661,1,12,12,52501
9529,4662,1,140,3,52561
9530,4662,1,33,6,52561
9531,4663,1,4,6,52561
9532,4663,1,82,10,52561
9533,4664,1,22,7,52561
9534,4665,1,0,2,52561
9535,4666,1,452,4,52561
9536,4666,1,286,4,52561
9537,4667,1,11,7,52561
9538,4668,1,22,3,52621
9539,4668,1,167,10,52621
9540,4668,1,348,3,52621
9541,4668,1,19,10,52621
9542,4669,1,10,9,52681
9543,4669,1,46,6,52681
9544,4669,1,21,8,52681
9545,4669,1,22,6,52681
9546,4669,1,8,8,52681
9547,4669,1,49,3,52681
9548,4669,1,14,4,52681
9549,4670,1,94,6,52681
9550,4671,1,132,12,52681
9551,4672,1,180,5,52741
9552,4673,1,146,8,52741
9553,4673,1,164,4,52741
9554,4674,1,20,9,52741
9555,4674,1,167,6,52741
9556,4675,1,57,8,52741
9557,4675,1,323,8,52741
9558,4675,1,9,9,52741
9559,4675,1,20,1,52741
9560,4675,1,249,4,52741
9561,4675,1,99,6,52741
9562,4676,1,131,2,52741
9563,4677,1,202,4,52801
9564,4677,1,0,10,52801
9565,4678,1,8,6,52801
9566,4679,1,39,2,52801
9567,4680,1,239,6,52801
9568,4680,1,13,9,52801
9569,4681,1,26,7,52861
9570,4681,1,16,8,52861
9571,4682,1,126,7,52861
9572,4683,1,254,6,52861
9573,4683,1,108,5,52861
9574,4683,1,77,4,52861
9575,4684,1,142,3,52861
9576,4685,1,148,6,52861
9577,4686,1,100,7,52861
9578,4687,1,71,9,52861
9579,4687,1,247,6,52861
9580,4687,1,30,2,52861
9581,4688,1,1,12,52921
9582,4689,1,1,3,52921
9583,4689,1,152,6,52921
9584,4690,1,116,10,52921
9585,4690,1,98,4,52921
9586,4691,1,33,2,52921
9587,4691,1,177,6,52921
9588,4691,1,62,8,52921
9589,4691,1,149,10,52921
9590,4691,1,333,5,52921
9591,4691,1,1,7,52921
9592,4691,1,246,7,52921
9593,4692,1,82,8,52921
9594,4692,1,452,2,52921
9595,4692,1,23,8,52921
9596,4692,1,54,8,52921
9597,4692,1,239,4,52921
9598,4692,1,55,6,52921
9599,4692,1,410,4,52921
9600,4693,1,28,6,52981
9601,4694,1,3,11,52981
9602,4695,1,2,4,52981
9603,4696,1,59,6,52981
9604,4697,1,250,10,52981
9605,4697,1,36,12,52981
9606,4698,1,14,10,52981
9607,4699,1,104,6,52981
9608,4700,1,102,10,52981
9609,4700,1,59,10,52981
9610,4701,1,10,10,53041
9611,4701,1,17,4,53041
9612,4702,1,29,6,53041
9613,4702,1,79,7,53041
9614,4702,1,8,6,53041
9615,4703,1,99,12,53041
9616,4703,1,188,7,53041
9617,4704,1,48,10,53041
9618,4704,1,1,7,53041
9619,4705,1,284,7,53041
9620,4706,1,67,7,53101
9621,4706,1,121,12,53101
9622,4706,1,168,2,53101
9623,4707,1,1,2,53101
9624,4708,1,53,6,53101
9625,4709,1,194,2,53101
9626,4709,1,410,8,53101
9627,4709,1,474,11,53101
9628,4710,1,301,5,53161
9629,4711,1,10,9,53161
9630,4712,1,53,4,53161
9631,4712,1,117,5,53161
9632,4713,1,86,6,53161
9633,4714,1,50,6,53221
9634,4714,1,195,2,53221
9635,4715,1,261,11,53221
9636,4716,1,18,8,53221
9637,4717,1,1,8,53221
9638,4717,1,297,1,53221
9639,4718,1,260,7,53281
9640,4718,1,86,9,53281
9641,4718,1,7,2,53281
9642,4718,1,365,6,53281
9643,4718,1,50,2,53281
9644,4718,1,39,10,53281
9645,4718,1,4,6,53281
9646,4718,1,37,8,53281
9647,4719,1,4,7,53281
9648,4719,1,41,6,53281
9649,4719,1,3,5,53281
9650,4720,1,2,6,53281
9651,4721,1,94,4,53281
9652,4721,1,65,10,53281
9653,4721,1,12,3,53281
9654,4722,1,47,1,53281
9655,4723,1,100,8,53341
9656,4724,1,307,8,53341
9657,4724,1,47,5,53341
9658,4725,1,3,3,53341
9659,4726,1,60,7,53341
9660,4726,1,341,6,53341
9661,4726,1,324,6,53341
9662,4726,1,58,5,53341
9663,4726,1,326,4,53341
9664,4726,1,64,8,53341
9665,4726,1,17,10,53341
9666,4727,1,4,10,53341
9667,4727,1,49,8,53341
9668,4728,1,473,4,53341
9669,4728,1,16,8,53341
9670,4728,1,204,3,53341
9671,4728,1,231,4,53341
9672,4729,1,11,12,53401
9673,4730,1,345,7,53401
9674,4730,1,448,10,53401
9675,4731,1,73,10,53401
9676,4731,1,151,6,53401
9677,4732,1,355,8,53401
9678,4732,1,4,2,53401
9679,4732,1,3,1,53401
9680,4733,1,167,6,53401
9681,4733,1,101,6,53401
9682,4734,1,8,10,53401
9683,4734,1,129,9,53401
9684,4735,1,444,3,53401
9685,4735,1,5,4,53401
9686,4736,1,0,4,53401
9687,4736,1,1,8,53401
9688,4736,1,267,10,53401
9689,4736,1,4,6,53401
9690,4737,1,105,6,53461
9691,4737,1,1,7,53461
9692,4737,1,49,6,53461
9693,4738,1,325,10,53461
9694,4738,1,9,2,53461
9695,4739,1,8,7,53461
9696,4740,1,165,7,53521
9697,4740,1,93,11,53521
9698,4741,1,20,6,53521
9699,4741,1,11,7,53521
9700,4742,1,8,3,53581
9701,4742,1,3,10,53581
9702,4742,1,23,11,53581
9703,4743,1,307,3,53581
9704,4744,1,152,2,53581
9705,4745,1,170,3,53641
9706,4745,1,165,4,53641
9707,4745,1,60,10,53641
9708,4746,1,141,8,53641
9709,4747,1,1,4,53641
9710,4747,1,42,4,53641
9711,4748,1,353,4,53641
9712,4749,1,34,4,53641
9713,4750,1,83,9,53641
9714,4750,1,186,4,53641
9715,4750,1,135,5,53641
9716,4751,1,223,8,53641
9717,4752,1,15,4,53641
9718,4753,1,1,8,53641
9719,4754,1,9,6,53641
9720,4755,1,1,7,53641
9721,4756,1,28,7,53641
9722,4756,1,42,8,53641
9723,4756,1,136,10,53641
9724,4757,1,111,5,53641
9725,4757,1,332,8,53641
9726,4758,1,469,2,53641
9727,4758,1,13,1,53641
9728,4758,1,68,10,53641
9729,4758,1,16,7,53641
9730,4759,1,12,8,53701
9731,4759,1,26,6,53701
9732,4760,1,1,7,53701
9733,4761,1,360,7,53701
9734,4761,1,344,8,53701
9735,4762,1,78,7,53701
9736,4763,1,14,4,53761
9737,4763,1,40,11,53761
9738,4764,1,102,8,53761
9739,4764,1,38,5,53761
9740,4765,1,11,6,53761
9741,4766,1,390,5,53761
9742,4767,1,14,10,53761
9743,4767,1,146,8,53761
9744,4768,1,67,1,53761
9745,4769,1,26,12,53821
9746,4769,1,183,4,53821
9747,4769,1,32,8,53821
9748,4770,1,0,4,53821
9749,4771,1,374,6,53821
9750,4771,1,45,6,53821
9751,4771,1,370,7,53821
9752,4772,1,9,6,53821
9753,4773,1,5,4,53881
9754,4774,1,494,5,53881
9755,4775,1,16,8,53881
9756,4776,1,191,12,53941
9757,4777,1,494,2,53941
9758,4778,1,0,1,53941
9759,4778,1,89,7,53941
9760,4779,1,358,6,53941
9761,4780,1,305,10,53941
9762,4781,1,78,6,53941
9763,4782,1,57,3,53941
9764,4782,1,223,2,53941
9765,4782,1,6,10,53941
9766,4783,1,12,8,53941
9767,4783,1,23,8,53941
9768,4784,1,66,6,54001
9769,4785,1,20,8,54001
9770,4786,1,37,6,54001
9771,4786,1,215,6,54001
9772,4786,1,28,2,54001
9773,4786,1,24,4,54001
9774,4786,1,398,8,54001
9775,4786,1,465,4,54001
9776,4787,1,179,8,54001
9777,4787,1,5,4,54001
9778,4787,1,116,8,54001
9779,4788,1,275,12,54001
9780,4789,1,35,8,54001
9781,4790,1,483,7,54001
9782,4790,1,13,10,54001
9783,4791,1,422,6,54001
9784,4791,1,57,9,54001
9785,4792,1,48,7,54001
9786,4793,1,260,10,54061
9787,4794,1,73,6,54061
9788,4794,1,49,4,54061
9789,4794,1,35,6,54061
9790,4794,1,208,10,54061
9791,4794,1,0,9,54061
9792,4795,1,6,10,54061
9793,4796,1,449,4,54061
9794,4796,1,446,2,54061
9795,4796,1,2,4,54061
9796,4797,1,12,4,54121
9797,4798,1,321,7,54121
9798,4798,1,165,10,54121
9799,4798,1,14,3,54121
9800,4798,1,343,5,54121
9801,4799,1,116,3,54121
9802,4800,1,461,7,54121
9803,4800,1,0,7,54121
9804,4801,1,313,8,54121
9805,4802,1,18,10,54121
9806,4802,1,21,4,54121
9807,4802,1,29,10,54121
9808,4803,1,174,6,54181
9809,4803,1,4,8,54181
9810,4803,1,79,5,54181
9811,4803,1,194,8,54181
9812,4804,1,28,2,54181
9813,4805,1,93,6,54181
9814,4805,1,61,9,54181
9815,4805,1,139,8,54181
9816,4805,1,136,4,54181
9817,4805,1,48,6,54181
9818,4805,1,0,12,54181
9819,4805,1,31,7,54181
9820,4806,1,495,10,54241
9821,4806,1,171,11,54241
9822,4806,1,373,6,54241
9823,4806,1,174,6,54241
9824,4806,1,60,4,54241
9825,4807,1,32,2,54241
9826,4807,1,1,4,54241
9827,4807,1,17,9,54241
9828,4808,1,32,10,54241
9829,4809,1,1,5,54241
9830,4809,1,3,10,54241
9831,4810,1,314,10,54301
9832,4810,1,72,8,54301
9833,4810,1,2,3,54301
9834,4810,1,1,8,54301
9835,4811,1,156,10,54301
9836,4811,1,15,4,54301
9837,4812,1,50,8,54301
9838,4812,1,0,2,54301
9839,4812,1,49,12,54301
9840,4813,1,42,11,54301
9841,4814,1,42,6,54301
9842,4815,1,475,6,54301
9843,4815,1,38,12,54301
9844,4816,1,200,3,54301
9845,4817,1,101,9,54301
9846,4818,1,26,12,54361
9847,4818,1,3,5,54361
9848,4819,1,4,5,54361
9849,4819,1,7,11,54361
9850,4820,1,138,6,54361
9851,4821,1,242,12,54361
9852,4822,1,93,6,54361
9853,4823,1,311,7,54361
9854,4823,1,4,7,54361
9855,4824,1,264,5,54421
9856,4825,1,5,10,54421
9857,4826,1,328,10,54421
9858,4827,1,5,8,54421
9859,4827,1,132,12,54421
9860,4827,1,72,12,54421
9861,4828,1,38,8,54481
9862,4828,1,45,5,54481
9863,4829,1,115,5,54481
9864,4829,1,16,11,54481
9865,4830,1,13,4,54481
9866,4830,1,43,7,54481
9867,4831,1,267,12,54481
9868,4832,1,79,5,54481
9869,4832,1,188,5,54481
9870,4833,1,422,4,54541
9871,4834,1,322,1,54541
9872,4835,1,261,10,54541
9873,4835,1,5,6,54541
9874,4836,1,124,6,54541
9875,4837,1,233,10,54541
9876,4837,1,499,6,54541
9877,4837,1,45,10,54541
9878,4837,1,367,8,54541
9879,4838,1,122,8,54541
9880,4838,1,293,2,54541
9881,4838,1,69,10,54541
9882,4838,1,145,5,54541
9883,4839,1,132,3,54541
9884,4840,1,31,10,54601
9885,4841,1,1,8,54601
9886,4842,1,0,10,54601
9887,4842,1,96,4,54601
9888,4842,1,6,4,54601
9889,4842,1,1,8,54601
9890,4843,1,29,1,54601
9891,4844,1,282,5,54661
9892,4845,1,94,1,54661
9893,4846,1,120,4,54661
9894,4847,1,6,11,54721
9895,4848,1,82,4,54721
9896,4849,1,22,6,54721
9897,4850,1,11,2,54721
9898,4851,1,34,10,54721
9899,4852,1,48,6,54721
9900,4852,1,18,6,54721
9901,4852,1,97,8,54721
9902,4852,1,179,8,54721
9903,4852,1,172,8,54721
9904,4852,1,214,10,54721
9905,4853,1,7,8,54721
9906,4854,1,1,6,54721
9907,4854,1,290,8,54721
9908,4854,1,29,9,54721
9909,4855,1,273,4,54721
9910,4856,1,49,9,54721
9911,4856,1,16,4,54721
9912,4857,1,57,5,54721
9913,4858,1,82,10,54781
9914,4858,1,11,4,54781
9915,4858,1,40,2,54781
9916,4858,1,293,7,54781
9917,4858,1,225,12,54781
9918,4859,1,2,6,54781
9919,4860,1,3,8,54781
9920,4860,1,136,4,54781
9921,4860,1,7,10,54781
9922,4861,1,43,6,54781
9923,4862,1,4,12,54841
9924,4862,1,7,4,54841
9925,4862,1,271,10,54841
9926,4862,1,32,4,54841
9927,4862,1,67,5,54841
9928,4863,1,326,6,54841
9929,4864,1,25,9,54841
9930,4864,1,0,6,54841
9931,4864,1,1,7,54841
9932,4865,1,57,6,54841
9933,4866,1,164,8,54841
9934,4866,1,211,5,54841
9935,4867,1,23,6,54901
9936,4867,1,6,6,54901
9937,4868,1,366,9,54901
9938,4868,1,42,2,54901
9939,4869,1,9,10,54901
9940,4869,1,34,6,54901
9941,4869,1,50,12,54901
9942,4870,1,48,8,54901
9943,4871,1,385,10,54961
9944,4871,1,44,5,54961
9945,4871,1,29,8,54961
9946,4872,1,6,4,54961
9947,4872,1,231,11,54961
9948,4872,1,1,10,54961
9949,4873,1,94,5,54961
9950,4874,1,50,8,54961
9951,4874,1,69,2,54961
9952,4875,1,36,1,55021
9953,4876,1,29,8,55021
9954,4877,1,16,3,55081
9955,4877,1,86,2,55081
9956,4877,1,17,4,55081
9957,4877,1,309,6,55081
9958,4878,1,41,9,55081
9959,4878,1,490,10,55081
9960,4878,1,79,2,55081
9961,4878,1,378,8,55081
9962,4879,1,117,4,55081
9963,4880,1,60,10,55141
9964,4881,1,30,8,55141
9965,4881,1,48,6,55141
9966,4882,1,20,2,55141
9967,4883,1,1,12,55141
9968,4884,1,47,10,55201
9969,4884,1,78,4,55201
9970,4884,1,56,4,55201
9971,4884,1,7,10,55201
9972,4885,1,26,6,55201
9973,4885,1,6,6,55201
9974,4885,1,61,6,55201
9975,4885,1,8,4,55201
9976,4886,1,82,12,55201
9977,4886,1,97,7,55201
9978,4886,1,26,4,55201
9979,4887,1,6,8,55201
9980,4887,1,129,5,55201
9981,4888,1,38,4,55201
9982,4889,1,225,6,55201
9983,4889,1,285,9,55201
9984,4889,1,0,4,55201
9985,4889,1,385,12,55201
9986,4889,1,7,3,55201
9987,4889,1,3,4,55201
9988,4890,1,5,4,55201
9989,4891,1,112,4,55201
9990,4891,1,14,10,55201
9991,4892,1,22,8,55261
9992,4892,1,8,3,55261
9993,4893,1,180,6,55261
9994,4894,1,154,8,55261
9995,4894,1,0,8,55261
9996,4895,1,280,8,55261
9997,4895,1,52,5,55261
9998,4895,1,19,4,55261
9999,4895,1,400,6,55261
10000,4895,1,28,2,55261
10001,4896,1,0,9,55261
10002,4897,1,90,4,55261
10003,4897,1,31,5,55261
10004,4897,1,46,7,55261
10005,4897,1,2,1,55261
10006,4897,1,74,4,55261
10007,4897,1,484,3,55261
10008,4897,1,197,9,55261
10009,4897,1,54,8,55261
10010,4898,1,292,2,55261
10011,4899,1,61,8,55321
10012,4900,1,426,10,55321
10013,4901,1,51,7,55321
10014,4901,1,352,10,55321
10015,4902,1,1,8,55321
10016,4902,1,353,5,55321
10017,4902,1,389,5,55321
10018,4903,1,1,8,55321
10019,4903,1,5,7,55321
10020,4903,1,282,8,55321
10021,4903,1,8,10,55321
10022,4904,1,23,10,55321
10023,4905,1,74,4,55321
10024,4905,1,21,4,55321
10025,4906,1,54,6,55321
10026,4906,1,3,9,55321
10027,4907,1,61,4,55381
10028,4908,1,18,4,55381
10029,4909,1,17,3,55381
10030,4909,1,100,7,55381
10031,4910,1,48,9,55381
10032,4910,1,3,8,55381
10033,4911,1,102,5,55381
10034,4911,1,171,9,55381
10035,4911,1,139,4,55381
10036,4911,1,1,10,55381
10037,4912,1,1,6,55381
10038,4913,1,26,6,55381
10039,4913,1,2,5,55381
10040,4914,1,42,10,55381
10041,4915,1,3,9,55441
10042,4915,1,130,6,55441
10043,4915,1,38,10,55441
10044,4915,1,50,12,55441
10045,4916,1,17,6,55441
10046,4917,1,70,5,55441
10047,4918,1,4,5,55441
10048,4918,1,0,9,55441
10049,4918,1,68,4,55441
10050,4918,1,273,10,55441
10051,4919,1,25,11,55441
10052,4920,1,7,6,55441
10053,4921,1,12,8,55501
10054,4922,1,317,5,55501
10055,4923,1,10,11,55501
10056,4924,1,6,5,55501
10057,4924,1,122,6,55501
10058,4924,1,163,8,55501
10059,4925,1,5,6,55621
10060,4926,1,18,2,55621
10061,4927,1,13,7,55621
10062,4928,1,147,7,55621
10063,4928,1,473,8,55621
10064,4929,1,20,1,55621
10065,4929,1,286,8,55621
10066,4930,1,4,7,55621
10067,4931,1,314,8,55681
10068,4932,1,37,1,55681
10069,4932,1,127,9,55681
10070,4933,1,33,8,55681
10071,4933,1,1,10,55681
10072,4933,1,190,6,55681
10073,4933,1,13,4,55681
10074,4933,1,14,10,55681
10075,4933,1,139,6,55681
10076,4934,1,250,8,55741
10077,4934,1,0,12,55741
10078,4934,1,161,6,55741
10079,4934,1,2,4,55741
10080,4935,1,52,6,55741
10081,4935,1,16,8,55741
10082,4935,1,75,10,55741
10083,4936,1,369,4,55741
10084,4936,1,25,6,55741
10085,4937,1,28,2,55741
10086,4937,1,45,6,55741
10087,4938,1,5,4,55741
10088,4939,1,7,5,55801
10089,4940,1,198,8,55801
10090,4941,1,100,8,55801
10091,4941,1,352,6,55801
10092,4942,1,40,10,55801
10093,4942,1,44,6,55801
10094,4943,1,132,9,55861
10095,4943,1,144,10,55861
10096,4943,1,353,4,55861
10097,4943,1,114,4,55861
10098,4944,1,42,6,55861
10099,4944,1,485,6,55861
10100,4945,1,405,8,55861
10101,4946,1,8,8,55861
10102,4947,1,24,4,55861
10103,4947,1,103,8,55861
10104,4948,1,5,9,55921
10105,4949,1,7,10,55921
10106,4949,1,437,4,55921
10107,4949,1,426,4,55921
10108,4950,1,50,2,55921
10109,4950,1,40,6,55921
10110,4950,1,1,8,55921
10111,4950,1,90,11,55921
10112,4950,1,73,8,55921
10113,4951,1,23,3,55981
10114,4952,1,246,10,56041
10115,4952,1,53,9,56041
10116,4952,1,142,7,56041
10117,4952,1,463,8,56041
10118,4952,1,48,12,56041
10119,4953,1,338,8,56041
10120,4954,1,32,8,56041
10121,4954,1,30,12,56041
10122,4955,1,7,6,56041
10123,4956,1,485,5,56041
10124,4956,1,2,4,56041
10125,4957,1,11,10,56041
10126,4958,1,23,8,56041
10127,4958,1,411,6,56041
10128,4958,1,34,10,56041
10129,4959,1,11,10,56101
10130,4960,1,86,7,56101
10131,4961,1,79,3,56161
10132,4962,1,67,12,56161
10133,4962,1,345,10,56161
10134,4963,1,33,6,56161
10135,4964,1,1,5,56161
10136,4964,1,26,4,56161
10137,4964,1,166,5,56161
10138,4964,1,211,2,56161
10139,4965,1,83,6,56161
10140,4966,1,0,1,56221
10141,4966,1,246,8,56221
10142,4967,1,103,1,56221
10143,4967,1,69,6,56221
10144,4967,1,83,3,56221
10145,4967,1,99,8,56221
10146,4967,1,75,8,56221
10147,4967,1,250,4,56221
10148,4967,1,9,6,56221
10149,4968,1,426,6,56221
10150,4969,1,141,8,56221
10151,4970,1,36,6,56221
10152,4970,1,129,4,56221
10153,4970,1,332,5,56221
10154,4971,1,12,8,56221
10155,4971,1,441,9,56221
10156,4971,1,1,4,56221
10157,4972,1,279,2,56221
10158,4972,1,296,12,56221
10159,4973,1,198,8,56221
10160,4973,1,37,9,56221
10161,4973,1,129,11,56221
10162,4974,1,137,2,56281
10163,4974,1,339,8,56281
10164,4974,1,44,5,56281
10165,4975,1,96,11,56281
10166,4976,1,3,6,56281
10167,4976,1,174,8,56281
10168,4977,1,39,10,56281
10169,4978,1,70,6,56341
10170,4979,1,471,4,56341
10171,4979,1,351,9,56341
10172,4979,1,49,6,56341
10173,4979,1,267,12,56341
10174,4979,1,13,5,56341
10175,4980,1,87,5,56341
10176,4981,1,31,5,56341
10177,4982,1,98,6,56341
10178,4982,1,72,12,56341
10179,4982,1,475,10,56341
10180,4982,1,251,8,56341
10181,4983,1,28,2,56341
10182,4983,1,67,10,56341
10183,4984,1,385,5,56341
10184,4984,1,352,6,56341
10185,4984,1,49,1,56341
10186,4985,1,0,8,56401
10187,4986,1,8,10,56401
10188,4987,1,92,5,56461
10189,4987,1,151,6,56461
10190,4987,1,10,4,56461
10191,4988,1,162,6,56461
10192,4988,1,6,6,56461
10193,4988,1,329,5,56461
10194,4989,1,10,10,56461
10195,4990,1,127,4,56461
10196,4990,1,464,12,56461
10197,4990,1,83,3,56461
10198,4991,1,367,6,56461
10199,4991,1,8,5,56461
10200,4992,1,225,12,56521
10201,4993,1,2,4,56581
10202,4993,1,266,6,56581
10203,4994,1,72,8,56581
10204,4994,1,7,4,56581
10205,4994,1,48,5,56581
10206,4995,1,138,9,56581
10207,4995,1,93,8,56581
10208,4996,1,3,3,56581
10209,4997,1,17,9,56581
10210,4997,1,46,8,56581
10211,4998,1,52,6,56581
10212,4998,1,14,9,56581
10213,4999,1,29,5,56581
10214,5000,1,78,8,56581
10215,5000,1,14,3,56581
10216,5000,1,224,8,56581
10217,5001,1,6,8,56581
10218,5002,1,9,8,56581
10219,5002,1,29,7,56581
10220,5003,1,225,10,56641
10221,5003,1,114,4,56641
10222,5004,1,21,8,56641
10223,5004,1,197,8,56641
10224,5004,1,163,6,56641
10225,5005,1,173,1,56641
10226,5005,1,224,4,56641
10227,5005,1,80,1,56641
10228,5005,1,477,11,56641
10229,5005,1,336,4,56641
10230,5005,1,91,3,56641
10231,5005,1,79,6,56641
10232,5006,1,16,8,56641
10233,5007,1,43,6,56641
10234,5007,1,23,8,56641
10235,5007,1,112,5,56641
10236,5008,1,181,11,56641
10237,5008,1,26,2,56641
10238,5009,1,446,3,56641
10239,5009,1,119,8,56641
10240,5009,1,2,8,56641
10241,5009,1,137,6,56641
10242,5010,1,311,7,56641
10243,5011,1,31,2,56641
10244,5011,1,10,8,56641
10245,5011,1,145,9,56641
10246,5011,1,96,6,56641
10247,5012,1,66,8,56701
10248,5012,1,107,7,56701
10249,5013,1,133,8,56701
10250,5014,1,407,2,56701
10251,5015,1,223,8,56701
10252,5016,1,6,6,56701
10253,5016,1,289,8,56701
10254,5017,1,5,8,56761
10255,5017,1,124,8,56761
10256,5017,1,20,2,56761
10257,5018,1,26,10,56761
10258,5019,1,469,7,56761
10259,5019,1,310,2,56761
10260,5019,1,27,12,56761
10261,5020,1,8,6,56821
10262,5021,1,126,10,56821
10263,5022,1,87,12,56821
10264,5022,1,48,4,56821
10265,5022,1,23,8,56821
10266,5022,1,2,9,56821
10267,5022,1,43,9,56821
10268,5022,1,7,9,56821
10269,5023,1,4,5,56821
10270,5023,1,136,6,56821
10271,5023,1,32,7,56821
10272,5023,1,63,8,56821
10273,5023,1,208,6,56821
10274,5024,1,438,5,56821
10275,5025,1,33,2,56881
10276,5025,1,274,5,56881
10277,5026,1,4,6,56881
10278,5027,1,49,6,56881
10279,5028,1,362,9,56881
10280,5028,1,41,6,56881
10281,5028,1,11,6,56881
10282,5029,1,0,12,56881
10283,5029,1,69,9,56881
10284,5030,1,113,10,56941
10285,5030,1,31,6,56941
10286,5031,1,43,10,56941
10287,5032,1,175,2,56941
10288,5033,1,5,9,57001
10289,5033,1,311,3,57001
10290,5034,1,253,4,57001
10291,5035,1,41,10,57001
10292,5036,1,14,4,57001
10293,5037,1,1,7,57001
10294,5038,1,29,9,57001
10295,5039,1,66,4,57001
10296,5039,1,4,8,57001
10297,5040,1,51,8,57001
10298,5041,1,392,3,57061
10299,5042,1,57,6,57121
10300,5043,1,2,8,57121
10301,5043,1,0,2,57121
10302,5044,1,69,8,57121
10303,5045,1,30,11,57121
10304,5046,1,103,6,57121
10305,5046,1,30,10,57121
10306,5046,1,49,10,57121
10307,5046,1,41,10,57121
10308,5047,1,128,7,57121
10309,5047,1,1,3,57121
10310,5047,1,9,10,57121
10311,5048,1,66,6,57181
10312,5048,1,279,10,57181
10313,5049,1,197,10,57181
10314,5050,1,135,8,57181
10315,5050,1,79,6,57181
10316,5051,1,39,10,57241
10317,5052,1,163,7,57241
10318,5053,1,2,4,57241
10319,5054,1,464,8,57241
10320,5055,1,475,10,57241
10321,5055,1,273,10,57241
10322,5056,1,228,7,57241
10323,5057,1,134,2,57301
10324,5058,1,95,2,57301
10325,5059,1,4,4,57301
10326,5060,1,57,11,57301
10327,5061,1,55,10,57301
10328,5061,1,298,6,57301
10329,5061,1,64,3,57301
10330,5061,1,2,3,57301
10331,5062,1,9,10,57301
10332,5062,1,189,5,57301
10333,5063,1,9,8,57361
10334,5063,1,20,9,57361
10335,5063,1,190,12,57361
10336,5064,1,166,12,57361
10337,5064,1,75,7,57361
10338,5065,1,33,2,57361
10339,5065,1,83,4,57361
10340,5065,1,42,4,57361
10341,5065,1,417,4,57361
10342,5066,1,131,10,57361
10343,5066,1,6,8,57361
10344,5066,1,7,7,57361
10345,5067,1,12,10,57361
10346,5067,1,3,2,57361
10347,5068,1,2,8,57361
10348,5069,1,22,2,57481
10349,5069,1,163,5,57481
10350,5070,1,293,10,57481
10351,5070,1,488,8,57481
10352,5071,1,89,10,57481
10353,5072,1,125,2,57481
10354,5073,1,10,5,57541
10355,5074,1,64,6,57541
10356,5074,1,22,12,57541
10357,5074,1,85,6,57541
10358,5074,1,54,12,57541
10359,5074,1,363,4,57541
10360,5074,1,29,8,57541
10361,5075,1,26,6,57541
10362,5076,1,98,9,57541
10363,5076,1,468,4,57541
10364,5076,1,6,11,57541
10365,5076,1,89,6,57541
10366,5077,1,224,7,57541
10367,5078,1,278,11,57541
10368,5079,1,5,2,57601
10369,5080,1,36,4,57601
10370,5080,1,4,5,57601
10371,5081,1,385,10,57601
10372,5082,1,60,8,57601
10373,5083,1,146,6,57661
10374,5084,1,35,8,57721
10375,5084,1,121,10,57721
10376,5084,1,347,10,57721
10377,5085,1,116,5,57721
10378,5085,1,2,6,57721
10379,5085,1,27,11,57721
10380,5086,1,3,2,57721
10381,5087,1,52,5,57721
10382,5087,1,5,4,57721
10383,5088,1,244,10,57721
10384,5088,1,410,2,57721
10385,5089,1,166,1,57721
10386,5089,1,44,7,57721
10387,5090,1,29,2,57781
10388,5091,1,4,8,57781
10389,5092,1,318,8,57781
10390,5092,1,179,2,57781
10391,5093,1,158,8,57841
10392,5093,1,37,3,57841
10393,5093,1,46,8,57841
10394,5093,1,3,8,57841
10395,5093,1,136,8,57841
10396,5093,1,211,3,57841
10397,5093,1,57,5,57841
10398,5094,1,27,6,57841
10399,5094,1,149,4,57841
10400,5095,1,167,4,57841
10401,5095,1,7,12,57841
10402,5096,1,160,9,57901
10403,5097,1,134,7,57901
10404,5097,1,350,11,57901
10405,5097,1,30,8,57901
10406,5098,1,33,10,57901
10407,5099,1,330,8,57901
10408,5100,1,29,10,57901
10409,5100,1,6,6,57901
10410,5101,1,11,10,57961
10411,5102,1,1,7,57961
10412,5103,1,354,10,57961
10413,5103,1,82,2,57961
10414,5104,1,2,8,57961
10415,5105,1,290,2,57961
10416,5105,1,9,5,57961
10417,5106,1,434,4,57961
10418,5107,1,10,8,57961
10419,5108,1,12,4,57961
10420,5108,1,24,7,57961
10421,5109,1,39,7,58021
10422,5109,1,281,8,58021
10423,5109,1,0,6,58021
10424,5109,1,140,6,58021
10425,5109,1,151,2,58021
10426,5110,1,372,11,58021
10427,5111,1,105,6,58021
10428,5111,1,1,2,58021
10429,5112,1,101,9,58081
10430,5113,1,44,4,58081
10431,5113,1,15,7,58081
10432,5114,1,185,6,58081
10433,5115,1,64,6,58081
10434,5115,1,105,9,58081
10435,5116,1,37,6,58081
10436,5116,1,4,5,58081
10437,5117,1,7,8,58081
10438,5118,1,26,8,58141
10439,5119,1,23,9,58141
10440,5120,1,42,1,58141
10441,5121,1,54,6,58141
10442,5122,1,213,5,58141
10443,5123,1,9,4,58201
10444,5123,1,15,8,58201
10445,5123,1,102,4,58201
10446,5124,1,17,8,58201
10447,5125,1,85,3,58201
10448,5125,1,65,9,58201
10449,5125,1,158,3,58201
10450,5126,1,63,10,58201
10451,5126,1,32,5,58201
10452,5127,1,165,5,58201
10453,5127,1,30,11,58201
10454,5128,1,17,10,58201
10455,5128,1,122,7,58201
10456,5129,1,8,6,58261
10457,5129,1,6,11,58261
10458,5130,1,75,5,58261
10459,5130,1,14,9,58261
10460,5131,1,286,2,58261
10461,5131,1,203,6,58261
10462,5132,1,300,6,58321
10463,5133,1,49,8,58321
10464,5133,1,79,10,58321
10465,5134,1,282,5,58321
10466,5135,1,266,6,58321
10467,5136,1,16,6,58381
10468,5137,1,171,5,58381
10469,5137,1,44,6,58381
10470,5138,1,18,8,58381
10471,5138,1,31,4,58381
10472,5138,1,194,5,58381
10473,5138,1,281,6,58381
10474,5139,1,25,4,58381
10475,5139,1,141,2,58381
10476,5139,1,5,10,58381
10477,5140,1,3,8,58381
10478,5141,1,7,3,58381
10479,5142,1,188,8,58381
10480,5142,1,2,6,58381
10481,5143,1,8,12,58381
10482,5144,1,271,10,58441
10483,5145,1,99,5,58441
10484,5145,1,25,8,58441
10485,5146,1,114,10,58441
10486,5146,1,99,7,58441
10487,5146,1,7,12,58441
10488,5146,1,131,7,58441
10489,5146,1,125,8,58441
10490,5146,1,82,7,58441
10491,5147,1,180,9,58441
10492,5147,1,154,9,58441
10493,5147,1,49,9,58441
10494,5148,1,370,4,58441
10495,5148,1,196,6,58441
10496,5148,1,47,4,58441
10497,5149,1,24,6,58441
10498,5150,1,9,4,58501
10499,5151,1,16,8,58501
10500,5152,1,34,3,58501
10501,5153,1,34,12,58501
10502,5153,1,22,4,58501
10503,5154,1,2,2,58501
10504,5154,1,62,9,58501
10505,5154,1,61,8,58501
10506,5154,1,4,6,58501
10507,5155,1,67,10,58501
10508,5155,1,1,5,58501
10509,5156,1,69,5,58501
10510,5157,1,3,12,58501
10511,5158,1,4,7,58501
10512,5158,1,171,12,58501
10513,5158,1,96,6,58501
10514,5158,1,14,2,58501
10515,5159,1,1,7,58561
10516,5159,1,0,12,58561
10517,5160,1,28,8,58561
10518,5160,1,19,4,58561
10519,5160,1,16,4,58561
10520,5161,1,292,11,58561
10521,5162,1,21,5,58561
10522,5162,1,15,9,58561
10523,5163,1,115,6,58561
10524,5164,1,1,6,58561
10525,5164,1,2,7,58561
10526,5165,1,237,12,58621
10527,5166,1,39,2,58621
10528,5167,1,1,4,58681
10529,5168,1,297,9,58681
10530,5168,1,111,7,58681
10531,5169,1,146,4,58681
10532,5169,1,57,8,58681
10533,5170,1,7,1,58741
10534,5171,1,74,12,58741
10535,5171,1,2,1,58741
10536,5171,1,0,4,58741
10537,5171,1,36,2,58741
10538,5172,1,25,8,58741
10539,5172,1,113,4,58741
10540,5173,1,420,8,58741
10541,5173,1,17,7,58741
10542,5174,1,41,7,58741
10543,5175,1,192,4,58801
10544,5176,1,17,9,58801
10545,5176,1,18,12,58801
10546,5177,1,30,4,58861
10547,5177,1,33,8,58861
10548,5177,1,39,3,58861
10549,5178,1,142,6,58861
10550,5179,1,110,8,58861
10551,5179,1,80,10,58861
10552,5180,1,368,6,58861
10553,5181,1,426,9,58861
10554,5182,1,182,6,58861
10555,5183,1,464,11,58861
10556,5183,1,386,8,58861
10557,5183,1,162,6,58861
10558,5183,1,47,8,58861
10559,5183,1,322,2,58861
10560,5183,1,27,8,58861
10561,5183,1,21,6,58861
10562,5183,1,35,12,58861
10563,5184,1,191,4,58921
10564,5185,1,113,12,58921
10565,5186,1,18,10,58921
10566,5186,1,0,8,58921
10567,5186,1,120,7,58921
10568,5187,1,219,4,58921
10569,5187,1,19,8,58921
10570,5187,1,32,3,58921
10571,5187,1,122,2,58921
10572,5188,1,44,6,58981
10573,5189,1,20,9,58981
10574,5190,1,35,4,58981
10575,5191,1,61,2,58981
10576,5192,1,22,10,59041
10577,5193,1,298,2,59041
10578,5194,1,169,7,59041
10579,5195,1,0,10,59041
10580,5195,1,137,10,59041
10581,5196,1,89,8,59041
10582,5197,1,31,10,59041
10583,5197,1,25,2,59041
10584,5198,1,147,7,59041
10585,5199,1,33,7,59041
10586,5199,1,196,7,59041
10587,5199,1,356,6,59041
10588,5199,1,45,10,59041
10589,5200,1,43,9,59101
10590,5201,1,0,6,59101
10591,5202,1,120,5,59101
10592,5202,1,206,4,59101
10593,5202,1,9,4,59101
10594,5202,1,26,5,59101
10595,5203,1,421,9,59101
10596,5204,1,38,6,59101
10597,5205,1,8,11,59101
10598,5206,1,479,10,59161
10599,5206,1,96,8,59161
10600,5206,1,26,12,59161
10601,5207,1,181,6,59161
10602,5207,1,16,2,59161
10603,5207,1,444,12,59161
10604,5208,1,48,4,59221
10605,5209,1,9,8,59221
10606,5210,1,17,5,59221
10607,5211,1,225,8,59221
10608,5211,1,55,5,59221
10609,5212,1,10,8,59221
10610,5212,1,51,8,59221
10611,5213,1,27,9,59221
10612,5213,1,185,8,59221
10613,5214,1,34,7,59221
10614,5214,1,422,8,59221
10615,5215,1,46,2,59221
10616,5216,1,421,4,59221
10617,5216,1,388,10,59221
10618,5217,1,335,5,59281
10619,5217,1,411,4,59281
10620,5217,1,41,12,59281
10621,5218,1,11,5,59281
10622,5218,1,103,9,59281
10623,5218,1,5,5,59281
10624,5218,1,395,1,59281
10625,5219,1,165,3,59281
10626,5219,1,96,6,59281
10627,5219,1,155,10,59281
10628,5220,1,210,7,59281
10629,5221,1,3,6,59281
10630,5222,1,34,4,59341
10631,5222,1,236,11,59341
10632,5223,1,117,6,59341
10633,5223,1,237,6,59341
10634,5223,1,469,5,59341
10635,5223,1,178,2,59341
10636,5224,1,150,2,59341
10637,5224,1,496,5,59341
10638,5225,1,193,7,59401
10639,5226,1,35,7,59401
10640,5227,1,12,2,59401
10641,5228,1,116,7,59401
10642,5228,1,38,11,59401
10643,5228,1,316,2,59401
10644,5228,1,41,6,59401
10645,5229,1,74,4,59401
10646,5230,1,14,4,59461
10647,5230,1,8,5,59461
10648,5230,1,261,6,59461
10649,5231,1,2,4,59461
10650,5232,1,180,2,59461
10651,5232,1,1,4,59461
10652,5233,1,3,6,59461
10653,5234,1,215,4,59461
10654,5235,1,331,7,59461
10655,5235,1,38,8,59461
10656,5235,1,104,6,59461
10657,5236,1,0,2,59461
10658,5236,1,152,10,59461
10659,5237,1,195,5,59521
10660,5237,1,74,5,59521
10661,5238,1,1,6,59521
10662,5239,1,93,4,59521
10663,5240,1,190,6,59521
10664,5241,1,442,4,59521
10665,5241,1,111,12,59521
10666,5241,1,5,6,59521
10667,5241,1,238,7,59521
10668,5241,1,169,5,59521
10669,5241,1,46,6,59521
10670,5241,1,277,4,59521
10671,5242,1,54,9,59581
10672,5242,1,8,1,59581
10673,5242,1,47,8,59581
10674,5242,1,41,7,59581
10675,5242,1,473,12,59581
10676,5242,1,341,8,59581
10677,5243,1,4,4,59581
10678,5243,1,63,4,59581
10679,5244,1,169,10,59641
10680,5244,1,47,10,59641
10681,5244,1,38,6,59641
10682,5245,1,35,7,59641
10683,5245,1,372,5,59641
10684,5245,1,456,11,59641
10685,5245,1,112,11,59641
10686,5246,1,484,4,59701
10687,5246,1,4,8,59701
10688,5247,1,49,6,59701
10689,5248,1,478,9,59701
10690,5249,1,32,8,59761
10691,5250,1,49,6,59761
10692,5251,1,10,4,59761
10693,5252,1,58,10,59761
10694,5253,1,185,7,59761
10695,5254,1,1,5,59761
10696,5255,1,15,8,59761
10697,5255,1,90,4,59761
10698,5256,1,158,6,59761
10699,5256,1,289,8,59761
10700,5256,1,156,3,59761
10701,5256,1,15,2,59761
10702,5256,1,293,7,59761
10703,5256,1,279,8,59761
10704,5257,1,397,3,59761
10705,5257,1,40,2,59761
10706,5258,1,11,2,59821
10707,5258,1,20,2,59821
10708,5259,1,346,8,59821
10709,5259,1,31,1,59821
10710,5260,1,21,9,59881
10711,5260,1,0,4,59881
10712,5261,1,354,10,59881
10713,5262,1,11,8,59881
10714,5263,1,6,3,59881
10715,5264,1,10,10,59881
10716,5265,1,32,4,59881
10717,5265,1,42,12,59881
10718,5265,1,1,8,59881
10719,5265,1,21,6,59881
10720,5265,1,11,7,59881
10721,5266,1,79,10,59941
10722,5267,1,48,7,59941
10723,5268,1,107,4,59941
10724,5269,1,78,9,59941
10725,5269,1,166,4,59941
10726,5270,1,1,6,59941
10727,5270,1,244,6,59941
10728,5271,1,15,10,60001
10729,5272,1,41,9,60001
10730,5273,1,81,8,60001
10731,5274,1,167,3,60061
10732,5274,1,384,4,60061
10733,5274,1,355,8,60061
10734,5275,1,464,2,60061
10735,5276,1,2,9,60061
10736,5276,1,19,6,60061
10737,5276,1,276,10,60061
10738,5277,1,2,6,60121
10739,5278,1,86,8,60121
10740,5279,1,20,2,60121
10741,5280,1,299,10,60121
10742,5280,1,30,12,60121
10743,5281,1,15,3,60121
10744,5282,1,24,2,60181
10745,5283,1,184,4,60241
10746,5284,1,288,10,60241
10747,5285,1,85,4,60241
10748,5285,1,0,8,60241
10749,5286,1,193,7,60241
10750,5287,1,7,6,60241
10751,5287,1,2,3,60241
10752,5288,1,118,12,60241
10753,5288,1,101,6,60241
10754,5288,1,112,7,60241
10755,5289,1,323,10,60241
10756,5289,1,78,5,60241
10757,5290,1,102,9,60241
10758,5290,1,11,2,60241
10759,5290,1,163,6,60241
10760,5291,1,83,1,60301
10761,5292,1,143,8,60301
10762,5293,1,13,6,60301
10763,5293,1,41,8,60301
10764,5293,1,119,3,60301
10765,5294,1,58,8,60301
10766,5294,1,5,3,60301
10767,5295,1,43,10,60301
10768,5296,1,56,9,60301
10769,5296,1,2,2,60301
10770,5297,1,28,11,60301
10771,5298,1,40,3,60361
10772,5299,1,54,4,60361
10773,5300,1,30,9,60361
10774,5300,1,25,8,60361
10775,5301,1,287,2,60361
10776,5302,1,19,3,60361
10777,5302,1,27,9,60361
10778,5303,1,29,2,60361
10779,5304,1,315,4,60421
10780,5305,1,146,12,60421
10781,5305,1,139,2,60421
10782,5306,1,22,8,60421
10783,5306,1,278,3,60421
10784,5306,1,164,8,60421
10785,5306,1,13,6,60421
10786,5306,1,25,4,60421
10787,5306,1,1,6,60421
10788,5307,1,42,4,60421
10789,5308,1,328,12,60421
10790,5308,1,266,6,60421
10791,5309,1,30,5,60421
10792,5309,1,10,6,60421
10793,5309,1,51,4,60421
10794,5310,1,23,7,60481
10795,5310,1,412,1,60481
10796,5310,1,40,8,60481
10797,5310,1,27,7,60481
10798,5311,1,32,10,60481
10799,5311,1,136,4,60481
10800,5312,1,231,4,60481
10801,5313,1,250,10,60481
10802,5313,1,4,6,60481
10803,5314,1,34,10,60481
10804,5315,1,425,4,60481
10805,5315,1,434,7,60481
10806,5315,1,21,6,60481
10807,5316,1,49,7,60481
10808,5316,1,12,7,60481
10809,5316,1,1,4,60481
10810,5317,1,316,9,60481
10811,5317,1,21,12,60481
10812,5318,1,110,4,60481
10813,5319,1,17,3,60481
10814,5320,1,415,7,60481
10815,5320,1,1,3,60481
10816,5321,1,21,4,60541
10817,5321,1,95,5,60541
10818,5322,1,59,8,60541
10819,5323,1,16,8,60541
10820,5324,1,37,8,60601
10821,5325,1,393,8,60601
10822,5326,1,30,12,60601
10823,5326,1,440,2,60601
10824,5326,1,89,12,60601
10825,5327,1,36,5,60601
10826,5328,1,12,6,60601
10827,5328,1,3,8,60601
10828,5329,1,166,5,60601
10829,5329,1,327,7,60601
10830,5329,1,225,10,60601
10831,5329,1,403,6,60601
10832,5330,1,9,2,60601
10833,5331,1,22,3,60661
10834,5332,1,409,9,60661
10835,5332,1,51,9,60661
10836,5332,1,58,11,60661
10837,5332,1,44,3,60661
10838,5333,1,7,12,60661
10839,5333,1,199,4,60661
10840,5333,1,44,9,60661
10841,5334,1,344,12,60661
10842,5335,1,125,2,60661
10843,5335,1,29,6,60661
10844,5335,1,395,8,60661
10845,5336,1,51,3,60721
10846,5336,1,39,3,60721
10847,5336,1,116,1,60721
10848,5337,1,24,10,60721
10849,5337,1,3,4,60721
10850,5338,1,261,4,60721
10851,5339,1,252,6,60721
10852,5340,1,370,12,60781
10853,5341,1,282,4,60781
10854,5341,1,103,4,60781
10855,5341,1,179,4,60781
10856,5341,1,389,5,60781
10857,5341,1,293,4,60781
10858,5341,1,170,6,60781
10859,5341,1,16,8,60781
10860,5342,1,37,12,60781
10861,5343,1,88,2,60781
10862,5343,1,20,6,60781
10863,5343,1,154,2,60781
10864,5343,1,318,4,60781
10865,5343,1,38,8,60781
10866,5343,1,7,8,60781
10867,5344,1,48,3,60781
10868,5345,1,15,7,60781
10869,5346,1,168,6,60781
10870,5346,1,138,8,60781
10871,5346,1,46,6,60781
10872,5347,1,0,1,60781
10873,5348,1,305,10,60841
10874,5348,1,39,7,60841
10875,5348,1,42,8,60841
10876,5349,1,331,8,60841
10877,5350,1,0,4,60841
10878,5351,1,2,2,60841
10879,5351,1,31,8,60841
10880,5351,1,21,6,60841
10881,5352,1,3,12,60841
10882,5353,1,40,10,60901
10883,5354,1,234,7,60901
10884,5354,1,31,8,60901
10885,5355,1,47,10,60901
10886,5356,1,26,4,60901
10887,5357,1,72,4,60901
10888,5357,1,32,6,60901
10889,5357,1,182,10,60901
10890,5357,1,1,7,60901
10891,5358,1,47,10,60901
10892,5359,1,3,7,60901
10893,5360,1,202,2,60961
10894,5361,1,103,7,60961
10895,5361,1,59,5,60961
10896,5362,1,29,7,60961
10897,5363,1,1,8,60961
10898,5364,1,470,8,61021
10899,5365,1,141,6,61021
10900,5366,1,20,9,61021
10901,5366,1,3,4,61021
10902,5367,1,41,1,61021
10903,5367,1,483,10,61021
10904,5368,1,425,4,61021
10905,5368,1,41,3,61021
10906,5369,1,10,1,61021
10907,5370,1,6,8,61021
10908,5370,1,33,5,61021
10909,5371,1,326,10,61021
10910,5372,1,2,10,61081
10911,5373,1,11,4,61081
10912,5374,1,438,4,61141
10913,5375,1,41,6,61141
10914,5375,1,4,3,61141
10915,5375,1,305,4,61141
10916,5376,1,195,7,61201
10917,5376,1,4,2,61201
10918,5376,1,0,8,61201
10919,5377,1,48,10,61201
10920,5378,1,426,12,61201
10921,5378,1,124,6,61201
10922,5379,1,45,6,61201
10923,5380,1,412,1,61201
10924,5381,1,24,12,61201
10925,5381,1,94,6,61201
10926,5382,1,2,10,61201
10927,5383,1,222,6,61201
10928,5383,1,77,5,61201
10929,5384,1,260,6,61261
10930,5384,1,29,5,61261
10931,5385,1,71,9,61261
10932,5385,1,46,5,61261
10933,5385,1,14,6,61261
10934,5385,1,7,3,61261
10935,5385,1,35,6,61261
10936,5385,1,13,1,61261
10937,5385,1,258,7,61261
10938,5386,1,220,6,61261
10939,5386,1,40,6,61261
10940,5386,1,11,6,61261
10941,5386,1,343,12,61261
10942,5386,1,27,6,61261
10943,5387,1,42,4,61261
10944,5388,1,44,12,61261
10945,5389,1,102,6,61261
10946,5389,1,19,4,61261
10947,5389,1,93,2,61261
10948,5390,1,400,2,61261
10949,5390,1,204,8,61261
10950,5391,1,290,4,61261
10951,5391,1,120,9,61261
10952,5392,1,461,8,61321
10953,5392,1,0,3,61321
10954,5392,1,337,4,61321
10955,5392,1,4,10,61321
10956,5392,1,23,9,61321
10957,5392,1,60,6,61321
10958,5392,1,103,7,61321
10959,5392,1,37,2,61321
10960,5392,1,441,8,61321
10961,5392,1,422,4,61321
10962,5392,1,32,8,61321
10963,5393,1,1,9,61321
10964,5394,1,224,3,61321
10965,5395,1,46,10,61321
10966,5396,1,485,7,61321
10967,5397,1,285,5,61321
10968,5398,1,460,8,61321
10969,5399,1,19,8,61381
10970,5399,1,16,10,61381
10971,5400,1,330,10,61381
10972,5400,1,225,6,61381
10973,5400,1,0,8,61381
10974,5400,1,9,9,61381
10975,5400,1,212,10,61381
10976,5401,1,83,1,61381
10977,5402,1,79,8,61381
10978,5403,1,63,10,61441
10979,5404,1,243,11,61501
10980,5405,1,94,10,61501
10981,5406,1,1,3,61561
10982,5406,1,458,8,61561
10983,5406,1,156,6,61561
10984,5407,1,56,5,61561
10985,5407,1,139,4,61561
10986,5408,1,59,6,61561
10987,5408,1,347,8,61561
10988,5408,1,25,4,61561
10989,5409,1,77,7,61561
10990,5410,1,47,7,61621
10991,5410,1,124,12,61621
10992,5410,1,17,8,61621
10993,5411,1,140,6,61621
10994,5411,1,12,9,61621
10995,5411,1,443,2,61621
10996,5412,1,358,1,61621
10997,5412,1,8,4,61621
10998,5413,1,227,8,61621
10999,5413,1,5,9,61621
11000,5414,1,15,6,61621
11001,5415,1,106,2,61621
11002,5415,1,7,8,61621
11003,5415,1,40,6,61621
11004,5415,1,23,8,61621
11005,5416,1,495,11,61621
11006,5416,1,180,8,61621
11007,5417,1,14,7,61681
11008,5418,1,186,9,61681
11009,5419,1,336,4,61681
11010,5420,1,17,8,61681
11011,5420,1,133,6,61681
11012,5420,1,138,10,61681
11013,5420,1,40,7,61681
11014,5420,1,18,10,61681
11015,5421,1,140,4,61681
11016,5422,1,19,6,61741
11017,5422,1,45,10,61741
11018,5422,1,261,8,61741
11019,5423,1,87,7,61741
11020,5423,1,133,7,61741
11021,5424,1,4,12,61741
11022,5425,1,43,6,61801
11023,5426,1,238,4,61801
11024,5426,1,5,4,61801
11025,5426,1,23,3,61801
11026,5427,1,13,2,61801
11027,5427,1,42,7,61801
11028,5428,1,110,5,61801
11029,5428,1,141,2,61801
11030,5429,1,35,12,61801
11031,5430,1,154,6,61802
11032,5430,1,3,4,61802
11033,5431,1,493,9,61802
11034,5432,1,191,7,61802
11035,5433,1,290,4,61802
11036,5434,1,63,4,61802
11037,5435,1,1,2,61802
11038,5436,1,152,8,61802
11039,5437,1,24,6,61802
11040,5438,1,26,10,61802
11041,5438,1,456,12,61802
11042,5438,1,28,7,61802
11043,5438,1,114,9,61802
11044,5439,1,92,4,61802
11045,5440,1,1,5,61802
11046,5441,1,0,5,61802
11047,5442,1,424,4,61802
11048,5442,1,87,7,61802
11049,5442,1,30,7,61802
11050,5443,1,114,4,61802
11051,5444,1,73,5,61802
11052,5444,1,105,4,61802
11053,5445,1,138,1,61802
11054,5446,1,26,4,61802
11055,5447,1,151,8,61802
11056,5448,1,117,7,61802
11057,5449,1,21,6,61802
11058,5449,1,44,3,61802
11059,5450,1,26,6,61802
11060,5451,1,32,5,61802
11061,5451,1,14,8,61802
11062,5452,1,205,7,61802
11063,5452,1,56,6,61802
11064,5453,1,17,4,61802
11065,5453,1,2,7,61802
11066,5454,1,130,6,61802
11067,5454,1,97,10,61802
11068,5455,1,28,4,61802
11069,5455,1,7,5,61802
11070,5456,1,48,8,61802
11071,5457,1,1,2,61802
11072,5457,1,207,4,61802
11073,5457,1,432,6,61802
11074,5457,1,119,4,61802
11075,5458,1,39,10,61802
11076,5459,1,454,12,61802
11077,5459,1,6,10,61802
11078,5459,1,27,10,61802
11079,5459,1,33,8,61802
11080,5459,1,37,3,61802
11081,5459,1,164,6,61802
11082,5459,1,157,8,61802
11083,5460,1,6,1,61802
11084,5461,1,131,6,61802
11085,5462,1,11,6,61802
11086,5462,1,50,4,61802
11087,5462,1,7,2,61802
11088,5463,1,167,6,61802
11089,5464,1,3,6,61802
11090,5465,1,431,7,61802
11091,5465,1,39,7,61802
11092,5465,1,168,2,61802
11093,5466,1,225,8,61802
11094,5467,1,72,8,61802
11095,5467,1,66,6,61802
11096,5468,1,16,9,61802
11097,5469,1,35,2,61802
11098,5470,1,372,12,61802
11099,5470,1,8,11,61802
11100,5470,1,356,11,61802
11101,5470,1,36,11,61802
11102,5470,1,30,6,61802
11103,5471,1,491,4,61802
11104,5472,1,38,6,61802
11105,5473,1,138,8,61802
11106,5474,1,6,8,61802
11107,5474,1,73,5,61802
11108,5474,1,2,4,61802
11109,5475,1,57,10,61802
11110,5475,1,443,4,61802
11111,5475,1,191,9,61802
11112,5475,1,4,8,61802
11113,5476,1,0,8,61802
11114,5477,1,30,1,61802
11115,5477,1,19,5,61802
11116,5478,1,28,6,61802
11117,5478,1,23,8,61802
11118,5479,1,27,4,61802
11119,5479,1,188,6,61802
11120,5479,1,76,6,61802
11121,5479,1,1,11,61802
11122,5480,1,138,2,61802
11123,5480,1,151,7,61802
11124,5480,1,38,7,61802
11125,5480,1,2,5,61802
11126,5481,1,1,7,61802
11127,5481,1,131,3,61802
11128,5481,1,128,4,61802
11129,5481,1,3,8,61802
11130,5481,1,285,2,61802
11131,5481,1,253,8,61802
11132,5481,1,72,6,61802
11133,5482,1,64,8,61802
11134,5483,1,21,8,61802
11135,5484,1,110,3,61802
11136,5485,1,31,5,61802
11137,5485,1,17,10,61802
11138,5485,1,35,6,61802
11139,5485,1,20,7,61802
11140,5485,1,8,5,61802
11141,5485,1,3,6,61802
11142,5485,1,154,3,61802
11143,5486,1,22,6,61802
11144,5486,1,15,6,61802
11145,5486,1,0,7,61802
11146,5487,1,16,6,61802
11147,5488,1,389,3,61802
11148,5488,1,67,4,61802
11149,5488,1,46,8,61802
11150,5488,1,4,12,61802
11151,5488,1,152,4,61802
11152,5489,1,25,2,61802
11153,5489,1,12,8,61802
11154,5489,1,53,6,61802
11155,5489,1,17,10,61802
11156,5490,1,54,10,61802
11157,5490,1,4,4,61802
11158,5490,1,77,2,61802
11159,5491,1,6,9,61802
11160,5492,1,25,4,61802
11161,5493,1,316,12,61802
11162,5493,1,157,3,61802
11163,5493,1,36,9,61802
11164,5493,1,59,2,61802
11165,5493,1,12,7,61802
11166,5493,1,87,8,61802
11167,5493,1,133,10,61802
11168,5493,1,44,6,61802
11169,5494,1,227,4,61802
11170,5495,1,377,9,61802
11171,5495,1,189,4,61802
11172,5495,1,436,11,61802
11173,5496,1,230,6,61802
11174,5496,1,101,6,61802
11175,5497,1,46,10,61802
11176,5498,1,315,6,61802
11177,5498,1,42,1,61802
11178,5498,1,119,11,61802
11179,5498,1,462,10,61802
11180,5498,1,126,5,61802
11181,5498,1,38,8,61802
11182,5498,1,49,4,61802
11183,5498,1,39,7,61802
11184,5499,1,97,8,61802
11185,5499,1,373,7,61802
11186,5499,1,6,8,61802
11187,5500,1,162,8,61802
11188,5500,1,401,5,61802
11189,5501,1,10,8,61802
11190,5501,1,3,4,61802
11191,5502,1,256,8,61802
11192,5502,1,166,10,61802
11193,5503,1,12,5,61802
11194,5504,1,23,5,61802
11195,5504,1,22,8,61802
11196,5504,1,2,6,61802
11197,5505,1,27,8,61802
11198,5505,1,96,5,61802
11199,5505,1,231,8,61802
11200,5506,1,114,6,61802
11201,5506,1,31,8,61802
11202,5507,1,147,2,61802
11203,5508,1,71,6,61802
11204,5509,1,5,4,61802
11205,5510,1,4,4,61802
11206,5511,1,249,9,61802
11207,5512,1,481,9,61802
11208,5512,1,27,2,61802
11209,5512,1,36,8,61802
11210,5512,1,8,6,61802
11211,5512,1,53,12,61802
11212,5513,1,62,4,61802
11213,5514,1,144,6,61802
11214,5514,1,27,6,61802
11215,5515,1,45,9,61802
11216,5516,1,14,7,61802
11217,5517,1,26,8,61802
11218,5517,1,200,11,61802
11219,5518,1,88,3,61802
11220,5518,1,162,8,61802
11221,5518,1,45,7,61802
11222,5518,1,136,2,61802
11223,5518,1,13,8,61802
11224,5518,1,10,7,61802
11225,5519,1,229,10,61802
11226,5520,1,72,4,61802
11227,5520,1,1,8,61802
11228,5520,1,13,8,61802
11229,5520,1,9,11,61802
11230,5520,1,489,8,61802
11231,5521,1,100,4,61802
11232,5521,1,450,2,61802
11233,5522,1,0,11,61802
11234,5522,1,134,3,61802
11235,5523,1,402,12,61802
11236,5524,1,61,6,61802
11237,5525,1,177,2,61802
11238,5526,1,16,3,61802
11239,5527,1,46,4,61802
11240,5527,1,11,8,61802
11241,5527,1,221,9,61802
11242,5527,1,160,9,61802
11243,5528,1,0,5,61802
11244,5529,1,422,8,61802
11245,5530,1,29,10,61862
11246,5531,1,8,7,61862
11247,5531,1,293,10,61862
11248,5531,1,9,2,61862
11249,5532,1,2,6,61862
11250,5533,1,99,7,61862
11251,5533,1,8,9,61862
11252,5533,1,27,5,61862
11253,5533,1,329,10,61862
11254,5533,1,56,10,61862
11255,5533,1,40,8,61862
11256,5534,1,11,11,61862
11257,5535,1,138,11,61862
11258,5535,1,426,7,61862
11259,5535,1,214,12,61862
11260,5536,1,89,8,61922
11261,5536,1,471,1,61922
11262,5537,1,22,10,61922
11263,5538,1,180,6,61922
11264,5539,1,45,4,61922
11265,5539,1,12,2,61922
11266,5540,1,1,6,61982
11267,5541,1,2,1,61982
11268,5541,1,37,5,61982
11269,5541,1,32,9,61982
11270,5542,1,174,12,61982
11271,5543,1,61,12,61982
11272,5544,1,18,5,61982
11273,5544,1,48,6,61982
11274,5545,1,212,7,61982
11275,5546,1,29,10,62042
11276,5547,1,35,2,62042
11277,5547,1,59,6,62042
11278,5547,1,183,3,62042
11279,5547,1,25,8,62042
11280,5548,1,39,9,62042
11281,5548,1,12,2,62042
11282,5548,1,28,6,62042
11283,5549,1,203,9,62042
11284,5550,1,140,2,62042
11285,5550,1,135,3,62042
11286,5550,1,8,2,62042
11287,5550,1,172,10,62042
11288,5551,1,267,7,62102
11289,5552,1,3,8,62102
11290,5552,1,28,2,62102
11291,5553,1,41,10,62102
11292,5553,1,50,7,62102
11293,5554,1,475,3,62102
11294,5554,1,333,10,62102
11295,5555,1,243,1,62102
11296,5555,1,43,6,62102
11297,5556,1,25,1,62102
11298,5556,1,397,7,62102
11299,5556,1,44,3,62102
11300,5557,1,13,9,62102
11301,5558,1,8,12,62102
11302,5559,1,63,8,62102
11303,5559,1,57,6,62102
11304,5559,1,332,1,62102
11305,5559,1,148,6,62102
11306,5559,1,53,8,62102
11307,5559,1,9,7,62102
11308,5560,1,140,8,62102
11309,5560,1,147,6,62102
11310,5561,1,441,11,62102
11311,5562,1,185,4,62162
11312,5563,1,41,2,62162
11313,5564,1,188,12,62222
11314,5565,1,96,10,62222
11315,5565,1,487,12,62222
11316,5565,1,88,10,62222
11317,5565,1,41,4,62222
11318,5566,1,422,7,62222
11319,5567,1,10,9,62282
11320,5567,1,14,8,62282
11321,5567,1,260,12,62282
11322,5567,1,391,12,62282
11323,5567,1,188,8,62282
11324,5567,1,198,10,62282
11325,5568,1,49,2,62282
11326,5568,1,14,7,62282
11327,5569,1,30,5,62282
11328,5569,1,66,6,62282
11329,5570,1,13,6,62282
11330,5571,1,24,8,62282
11331,5571,1,13,7,62282
11332,5571,1,156,6,62282
11333,5571,1,402,12,62282
11334,5572,1,30,6,62282
11335,5573,1,459,10,62342
11336,5574,1,34,11,62342
11337,5574,1,8,2,62342
11338,5574,1,181,10,62342
11339,5575,1,40,5,62342
11340,5575,1,21,10,62342
11341,5576,1,467,1,62342
11342,5577,1,307,9,62342
11343,5577,1,5,4,62342
11344,5578,1,17,12,62342
11345,5579,1,254,8,62342
11346,5579,1,147,4,62342
11347,5580,1,44,4,62402
11348,5580,1,5,6,62402
11349,5580,1,51,11,62402
11350,5580,1,8,10,62402
11351,5581,1,332,6,62402
11352,5581,1,21,7,62402
11353,5581,1,85,6,62402
11354,5582,1,273,12,62402
11355,5583,1,470,5,62402
11356,5583,1,86,6,62402
11357,5583,1,6,10,62402
11358,5583,1,218,12,62402
11359,5584,1,166,5,62402
11360,5585,1,191,2,62462
11361,5586,1,155,7,62462
11362,5586,1,13,4,62462
11363,5586,1,67,5,62462
11364,5586,1,106,8,62462
11365,5587,1,25,4,62522
11366,5588,1,46,8,62522
11367,5589,1,67,8,62522
11368,5589,1,40,6,62522
11369,5590,1,193,9,62522
11370,5591,1,451,2,62522
11371,5591,1,69,5,62522
11372,5592,1,2,3,62582
11373,5593,1,11,8,62582
11374,5594,1,22,4,62582
11375,5594,1,71,10,62582
11376,5594,1,44,6,62582
11377,5595,1,23,6,62582
11378,5596,1,1,7,62642
11379,5597,1,77,6,62642
11380,5598,1,45,3,62642
11381,5598,1,35,2,62642
11382,5598,1,2,4,62642
11383,5598,1,132,4,62642
11384,5598,1,341,3,62642
11385,5598,1,72,10,62642
11386,5599,1,5,2,62642
11387,5600,1,85,8,62642
11388,5601,1,296,12,62702
11389,5602,1,77,6,62702
11390,5603,1,260,10,62702
11391,5604,1,1,8,62702
11392,5605,1,32,10,62702
11393,5605,1,50,12,62702
11394,5605,1,466,12,62702
11395,5606,1,62,6,62702
11396,5606,1,6,4,62702
11397,5606,1,70,4,62702
11398,5607,1,407,10,62702
11399,5608,1,6,1,62762
11400,5608,1,0,4,62762
11401,5608,1,141,3,62762
11402,5609,1,169,5,62762
11403,5610,1,19,7,62762
11404,5611,1,13,2,62762
11405,5612,1,36,4,62762
11406,5612,1,1,4,62762
11407,5613,1,31,10,62762
11408,5614,1,472,6,62762
11409,5614,1,71,7,62762
11410,5614,1,5,9,62762
11411,5615,1,95,2,62822
11412,5615,1,0,10,62822
11413,5616,1,30,12,62822
11414,5617,1,83,4,62822
11415,5618,1,101,8,62822
11416,5619,1,119,7,62822
11417,5620,1,194,6,62882
11418,5621,1,20,5,62882
11419,5621,1,45,3,62882
11420,5621,1,478,6,62882
11421,5622,1,127,11,62882
11422,5623,1,413,10,62882
11423,5623,1,8,7,62882
11424,5623,1,3,3,62882
11425,5623,1,40,5,62882
11426,5623,1,2,10,62882
11427,5624,1,112,4,62942
11428,5625,1,353,8,62942
11429,5626,1,228,2,62942
11430,5626,1,0,7,62942
11431,5627,1,1,10,62942
11432,5628,1,45,1,63002
11433,5628,1,29,10,63002
11434,5628,1,11,5,63002
11435,5629,1,230,6,63002
11436,5630,1,1,11,63002
11437,5630,1,2,6,63002
11438,5630,1,257,4,63002
11439,5630,1,23,7,63002
11440,5630,1,41,9,63002
11441,5630,1,33,11,63002
11442,5630,1,11,5,63002
11443,5630,1,20,6,63002
11444,5631,1,4,10,63002
11445,5632,1,6,6,63002
11446,5633,1,61,8,63002
11447,5634,1,397,7,63002
11448,5635,1,22,8,63002
11449,5636,1,145,10,63002
11450,5637,1,11,8,63002
11451,5638,1,30,9,63002
11452,5639,1,474,8,63062
11453,5640,1,36,1,63062
11454,5640,1,3,8,63062
11455,5641,1,52,8,63062
11456,5641,1,7,2,63062
11457,5642,1,92,6,63062
11458,5642,1,83,7,63062
11459,5642,1,125,3,63062
11460,5643,1,404,10,63062
11461,5644,1,32,5,63062
11462,5645,1,185,2,63062
11463,5645,1,51,2,63062
11464,5646,1,43,6,63062
11465,5647,1,375,9,63062
11466,5647,1,7,12,63062
11467,5648,1,144,10,63122
11468,5648,1,29,10,63122
11469,5649,1,1,2,63122
11470,5649,1,56,8,63122
11471,5649,1,27,4,63122
11472,5649,1,172,5,63122
11473,5649,1,325,11,63122
11474,5650,1,2,2,63182
11475,5650,1,66,2,63182
11476,5651,1,23,3,63182
11477,5651,1,20,8,63182
11478,5651,1,200,5,63182
11479,5652,1,4,5,63182
11480,5652,1,62,5,63182
11481,5652,1,142,4,63182
11482,5652,1,151,8,63182
11483,5653,1,79,8,63182
11484,5653,1,54,6,63182
11485,5654,1,28,1,63182
11486,5654,1,182,9,63182
11487,5654,1,143,6,63182
11488,5654,1,201,5,63182
11489,5654,1,29,6,63182
11490,5655,1,16,10,63242
11491,5656,1,32,10,63242
11492,5657,1,424,5,63302
11493,5657,1,15,9,63302
11494,5657,1,460,6,63302
11495,5658,1,38,9,63302
11496,5659,1,126,6,63302
11497,5660,1,1,7,63302
11498,5660,1,30,6,63302
11499,5661,1,14,8,63362
11500,5661,1,55,9,63362
11501,5661,1,8,4,63362
11502,5661,1,156,8,63362
11503,5661,1,50,10,63362
11504,5661,1,43,8,63362
11505,5662,1,39,9,63362
11506,5663,1,2,8,63362
11507,5663,1,1,12,63362
11508,5664,1,13,1,63362
11509,5665,1,43,4,63362
11510,5665,1,8,6,63362
11511,5666,1,12,12,63422
11512,5666,1,16,6,63422
11513,5666,1,447,8,63422
11514,5666,1,18,4,63422
11515,5666,1,6,6,63422
11516,5666,1,418,4,63422
11517,5667,1,142,1,63422
11518,5667,1,52,12,63422
11519,5667,1,14,10,63422
11520,5668,1,14,10,63422
11521,5669,1,3,2,63422
11522,5670,1,453,12,63422
11523,5671,1,19,8,63422
11524,5671,1,58,6,63422
11525,5671,1,1,12,63422
11526,5672,1,278,10,63482
11527,5672,1,127,5,63482
11528,5673,1,379,9,63482
11529,5674,1,62,8,63482
11530,5675,1,2,7,63482
11531,5676,1,150,4,63482
11532,5676,1,9,8,63482
11533,5676,1,200,7,63482
11534,5676,1,1,3,63482
11535,5676,1,419,12,63482
11536,5677,1,5,7,63482
11537,5677,1,10,10,63482
11538,5678,1,129,8,63482
11539,5679,1,119,8,63482
11540,5680,1,9,6,63542
11541,5681,1,91,10,63542
11542,5682,1,481,3,63542
11543,5682,1,25,11,63542
11544,5682,1,0,6,63542
11545,5683,1,336,8,63542
11546,5683,1,2,9,63542
11547,5683,1,0,6,63542
11548,5684,1,439,8,63542
11549,5685,1,20,8,63542
11550,5686,1,304,8,63542
11551,5686,1,17,8,63542
11552,5686,1,470,3,63542
11553,5687,1,167,4,63542
11554,5687,1,40,4,63542
11555,5688,1,478,5,63602
11556,5689,1,69,3,63602
11557,5690,1,73,4,63602
11558,5691,1,404,8,63602
11559,5692,1,293,8,63602
11560,5693,1,13,5,63602
11561,5693,1,43,11,63602
11562,5693,1,253,9,63602
11563,5694,1,22,4,63602
11564,5694,1,43,4,63602
11565,5694,1,403,2,63602
11566,5695,1,96,2,63602
11567,5695,1,132,10,63602
11568,5695,1,186,3,63602
11569,5695,1,14,9,63602
11570,5696,1,127,4,63602
11571,5696,1,4,4,63602
11572,5697,1,475,10,63662
11573,5698,1,0,9,63662
11574,5698,1,75,4,63662
11575,5698,1,309,10,63662
11576,5699,1,7,6,63662
11577,5700,1,126,4,63662
11578,5701,1,19,10,63662
11579,5701,1,160,11,63662
11580,5701,1,9,8,63662
11581,5701,1,42,12,63662
11582,5702,1,11,8,63662
11583,5703,1,91,10,63722
11584,5704,1,104,8,63722
11585,5705,1,100,6,63722
11586,5705,1,424,8,63722
11587,5705,1,14,9,63722
11588,5706,1,47,2,63722
11589,5706,1,475,8,63722
11590,5707,1,119,4,63722
11591,5707,1,201,10,63722
11592,5707,1,14,2,63722
11593,5708,1,44,7,63722
11594,5708,1,10,4,63722
11595,5709,1,78,12,63782
11596,5710,1,4,10,63782
11597,5711,1,270,8,63782
11598,5712,1,15,2,63782
11599,5712,1,3,7,63782
11600,5712,1,29,12,63782
11601,5712,1,276,6,63782
11602,5713,1,37,2,63782
11603,5713,1,9,5,63782
11604,5714,1,263,6,63782
11605,5715,1,161,3,63782
11606,5715,1,78,2,63782
11607,5715,1,52,9,63782
11608,5716,1,273,6,63842
11609,5716,1,28,3,63842
11610,5717,1,33,8,63842
11611,5718,1,4,6,63842
11612,5718,1,454,4,63842
11613,5718,1,0,7,63842
11614,5718,1,172,4,63842
11615,5718,1,123,8,63842
11616,5718,1,107,6,63842
11617,5718,1,131,5,63842
11618,5719,1,44,10,63842
11619,5720,1,267,8,63902
11620,5720,1,2,8,63902
11621,5721,1,17,9,63902
11622,5722,1,42,6,63902
11623,5722,1,28,12,63902
11624,5722,1,21,10,63902
11625,5722,1,29,11,63902
11626,5723,1,18,5,63902
11627,5723,1,379,11,63902
11628,5724,1,138,7,63962
11629,5725,1,18,5,63962
11630,5726,1,76,6,63962
11631,5727,1,111,7,63962
11632,5728,1,53,4,63962
11633,5728,1,7,10,63962
11634,5729,1,262,12,63962
11635,5730,1,29,6,63962
11636,5730,1,15,4,63962
11637,5730,1,1,5,63962
11638,5731,1,32,8,63962
11639,5731,1,46,5,63962
11640,5732,1,10,6,64022
11641,5733,1,48,8,64022
11642,5733,1,8,4,64022
11643,5734,1,113,11,64022
11644,5734,1,41,9,64022
11645,5734,1,165,7,64022
11646,5734,1,69,6,64022
11647,5734,1,1,8,64022
11648,5734,1,26,11,64022
11649,5734,1,27,5,64022
11650,5735,1,11,3,64022
11651,5735,1,454,6,64022
11652,5736,1,399,5,64022
11653,5736,1,2,5,64022
11654,5737,1,13,2,64082
11655,5738,1,447,12,64082
11656,5738,1,53,8,64082
11657,5738,1,3,9,64082
11658,5739,1,403,1,64142
11659,5740,1,30,8,64142
11660,5741,1,6,9,64142
11661,5742,1,59,11,64142
11662,5743,1,44,2,64142
11663,5743,1,109,6,64142
11664,5743,1,29,10,64142
11665,5744,1,218,3,64142
11666,5744,1,9,3,64142
11667,5744,1,13,1,64142
11668,5744,1,24,9,64142
11669,5745,1,461,8,64202
11670,5745,1,56,12,64202
11671,5746,1,276,10,64202
11672,5747,1,388,2,64202
11673,5748,1,155,10,64202
11674,5749,1,56,10,64202
11675,5749,1,107,5,64202
11676,5750,1,35,3,64202
11677,5750,1,367,5,64202
11678,5750,1,15,4,64202
11679,5750,1,4,3,64202
11680,5750,1,8,10,64202
11681,5750,1,37,1,64202
11682,5750,1,14,9,64202
11683,5751,1,330,3,64202
11684,5752,1,2,6,64262
11685,5752,1,11,4,64262
11686,5753,1,10,11,64262
11687,5753,1,246,8,64262
11688,5753,1,45,12,64262
11689,5753,1,17,4,64262
11690,5754,1,40,8,64262
11691,5754,1,18,2,64262
11692,5754,1,402,4,64262
11693,5754,1,37,8,64262
11694,5755,1,10,5,64262
11695,5755,1,153,7,64262
11696,5755,1,267,8,64262
11697,5756,1,193,6,64262
11698,5756,1,10,8,64262
11699,5756,1,5,7,64262
11700,5757,1,290,7,64322
11701,5758,1,119,8,64322
11702,5759,1,488,9,64322
11703,5759,1,12,12,64322
11704,5760,1,353,9,64382
11705,5761,1,2,8,64382
11706,5761,1,0,11,64382
11707,5762,1,3,8,64382
11708,5763,1,39,2,64382
11709,5764,1,30,4,64382
11710,5764,1,38,3,64382
11711,5764,1,11,8,64382
11712,5764,1,42,7,64382
11713,5764,1,21,2,64382
11714,5764,1,5,2,64382
11715,5764,1,17,9,64382
11716,5764,1,22,11,64382
11717,5764,1,33,5,64382
11718,5764,1,37,8,64382
11719,5765,1,5,4,64382
11720,5766,1,75,2,64442
11721,5767,1,459,12,64502
11722,5767,1,25,6,64502
11723,5768,1,32,6,64502
11724,5769,1,24,4,64502
11725,5770,1,6,4,64502
11726,5771,1,34,4,64502
11727,5772,1,78,1,64502
11728,5773,1,52,3,64502
11729,5773,1,335,8,64502
11730,5773,1,208,12,64502
11731,5774,1,15,3,64562
11732,5774,1,26,2,64562
11733,5774,1,2,5,64562
11734,5775,1,329,1,64562
11735,5776,1,100,6,64562
11736,5776,1,319,10,64562
11737,5777,1,412,1,64562
11738,5778,1,94,2,64562
11739,5778,1,52,3,64562
11740,5778,1,13,4,64562
11741,5779,1,78,11,64622
11742,5780,1,75,6,64622
11743,5780,1,23,7,64622
11744,5781,1,2,7,64622
11745,5782,1,20,6,64682
11746,5783,1,216,6,64682
11747,5784,1,200,10,64682
11748,5785,1,116,8,64682
11749,5785,1,298,4,64682
11750,5785,1,33,3,64682
11751,5785,1,161,12,64682
11752,5785,1,36,9,64682
11753,5785,1,120,12,64682
11754,5785,1,18,6,64682
11755,5785,1,45,6,64682
11756,5785,1,39,8,64682
11757,5786,1,1,2,64682
11758,5786,1,7,5,64682
11759,5786,1,362,12,64682
11760,5786,1,443,10,64682
11761,5787,1,210,4,64742
11762,5788,1,26,4,64742
11763,5788,1,72,8,64742
11764,5788,1,328,4,64742
11765,5788,1,0,4,64742
11766,5789,1,13,8,64742
11767,5790,1,6,4,64742
11768,5790,1,36,10,64742
11769,5791,1,52,4,64802
11770,5791,1,172,10,64802
11771,5791,1,413,6,64802
11772,5792,1,143,4,64802
11773,5792,1,118,4,64802
11774,5793,1,153,10,64802
11775,5794,1,467,9,64862
11776,5795,1,0,6,64862
11777,5796,1,33,3,64862
11778,5797,1,1,8,64862
11779,5797,1,396,6,64862
11780,5797,1,434,3,64862
11781,5798,1,56,7,64922
11782,5799,1,155,8,64922
11783,5800,1,131,9,64922
11784,5800,1,70,4,64922
11785,5800,1,4,8,64922
11786,5800,1,103,6,64922
11787,5801,1,21,8,64922
11788,5801,1,482,4,64922
11789,5802,1,4,8,64922
11790,5802,1,43,9,64922
11791,5802,1,8,7,64922
11792,5802,1,56,9,64922
11793,5803,1,17,9,64982
11794,5804,1,197,12,64982
11795,5804,1,77,8,64982
11796,5804,1,33,4,64982
11797,5805,1,37,4,64982
11798,5805,1,7,6,64982
11799,5806,1,142,12,64982
11800,5806,1,268,5,64982
11801,5806,1,2,8,64982
11802,5807,1,94,12,64982
11803,5808,1,159,4,64982
11804,5808,1,0,2,64982
11805,5808,1,39,2,64982
11806,5808,1,239,4,64982
11807,5808,1,29,5,64982
11808,5808,1,49,6,64982
11809,5809,1,164,8,64982
11810,5810,1,37,8,65042
11811,5810,1,5,2,65042
11812,5810,1,58,5,65042
11813,5811,1,427,5,65042
11814,5812,1,102,5,65042
11815,5813,1,105,10,65042
11816,5814,1,1,7,65042
11817,5814,1,6,8,65042
11818,5814,1,2,2,65042
11819,5814,1,9,4,65042
11820,5815,1,37,4,65042
11821,5816,1,17,1,65042
11822,5816,1,9,5,65042
11823,5816,1,8,12,65042
11824,5817,1,162,12,65042
11825,5817,1,193,8,65042
11826,5817,1,284,4,65042
11827,5817,1,379,4,65042
11828,5817,1,17,4,65042
11829,5818,1,92,4,65102
11830,5819,1,490,9,65102
11831,5820,1,8,2,65102
11832,5820,1,47,4,65102
11833,5820,1,27,9,65102
11834,5821,1,1,4,65162
11835,5822,1,295,5,65162
11836,5823,1,21,6,65222
11837,5824,1,40,2,65222
11838,5824,1,384,4,65222
11839,5825,1,38,4,65222
11840,5826,1,8,11,65222
11841,5826,1,64,4,65222
11842,5826,1,86,7,65222
11843,5827,1,2,6,65222
11844,5828,1,210,6,65222
11845,5829,1,465,8,65222
11846,5830,1,283,4,65222
11847,5830,1,292,12,65222
11848,5830,1,31,6,65222
11849,5830,1,43,8,65222
11850,5830,1,6,10,65222
11851,5831,1,145,6,65282
11852,5832,1,326,6,65282
11853,5832,1,221,7,65282
11854,5832,1,105,5,65282
11855,5833,1,168,6,65282
11856,5833,1,0,7,65282
11857,5834,1,0,7,65282
11858,5834,1,8,7,65282
11859,5835,1,40,7,65282
11860,5835,1,322,7,65282
11861,5835,1,42,3,65282
11862,5835,1,343,8,65282
11863,5835,1,1,10,65282
11864,5836,1,20,5,65282
11865,5836,1,3,8,65282
11866,5836,1,49,2,65282
11867,5837,1,292,8,65282
11868,5838,1,61,6,65282
11869,5838,1,5,2,65282
11870,5838,1,4,12,65282
11871,5839,1,3,7,65282
11872,5840,1,37,10,65282
11873,5840,1,116,12,65282
11874,5841,1,20,2,65282
11875,5842,1,6,12,65282
11876,5842,1,42,12,65282
11877,5842,1,74,5,65282
11878,5843,1,1,1,65342
11879,5843,1,16,10,65342
11880,5844,1,369,8,65342
11881,5844,1,20,5,65342
11882,5845,1,488,6,65342
11883,5845,1,32,6,65342
11884,5846,1,449,8,65342
11885,5846,1,3,11,65342
11886,5847,1,202,3,65342
11887,5848,1,90,10,65342
11888,5849,1,13,12,65342
11889,5849,1,4,4,65342
11890,5850,1,46,4,65342
11891,5850,1,1,8,65342
11892,5851,1,474,4,65342
11893,5852,1,3,4,65402
11894,5853,1,0,6,65402
11895,5854,1,161,6,65462
11896,5855,1,28,2,65462
11897,5856,1,7,2,65462
11898,5857,1,21,12,65462
11899,5857,1,47,4,65462
11900,5857,1,32,2,65462
11901,5857,1,78,8,65462
11902,5857,1,122,8,65462
11903,5858,1,86,10,65462
11904,5858,1,13,5,65462
11905,5858,1,381,2,65462
11906,5858,1,70,6,65462
11907,5859,1,317,2,65462
11908,5859,1,276,8,65462
11909,5860,1,44,9,65462
11910,5861,1,13,1,65522
11911,5862,1,46,8,65522
11912,5863,1,315,7,65522
11913,5863,1,174,5,65522
11914,5864,1,189,9,65582
11915,5865,1,211,8,65582
11916,5865,1,201,10,65582
11917,5865,1,16,2,65582
11918,5866,1,60,7,65582
11919,5866,1,85,2,65582
11920,5866,1,0,2,65582
11921,5866,1,138,10,65582
11922,5867,1,0,3,65582
11923,5868,1,293,3,65642
11924,5868,1,13,6,65642
11925,5868,1,125,4,65642
11926,5868,1,151,8,65642
11927,5869,1,381,10,65642
11928,5870,1,3,6,65642
11929,5870,1,60,8,65642
11930,5870,1,34,11,65642
11931,5870,1,26,10,65642
11932,5871,1,77,2,65642
11933,5872,1,73,10,65642
11934,5872,1,1,4,65642
11935,5873,1,385,2,65642
11936,5873,1,464,11,65642
11937,5873,1,7,4,65642
11938,5874,1,416,4,65642
11939,5875,1,3,6,65702
11940,5876,1,375,8,65702
11941,5876,1,22,7,65702
11942,5876,1,278,6,65702
11943,5876,1,17,4,65702
11944,5877,1,5,7,65702
11945,5877,1,98,7,65702
11946,5878,1,60,8,65702
11947,5878,1,5,8,65702
11948,5878,1,115,9,65702
11949,5878,1,326,8,65702
11950,5878,1,392,6,65702
11951,5878,1,10,10,65702
11952,5878,1,89,3,65702
11953,5879,1,23,10,65702
11954,5880,1,340,6,65762
11955,5881,1,188,5,65762
11956,5881,1,7,12,65762
11957,5881,1,45,6,65762
11958,5881,1,63,10,65762
11959,5882,1,47,1,65762
11960,5882,1,139,12,65762
11961,5882,1,376,7,65762
11962,5883,1,5,4,65822
11963,5884,1,11,8,65822
11964,5885,1,1,4,65822
11965,5886,1,145,2,65822
11966,5887,1,22,6,65822
11967,5887,1,339,2,65822
11968,5888,1,24,5,65882
11969,5889,1,14,10,65882
11970,5889,1,22,6,65882
11971,5890,1,155,1,65882
11972,5890,1,15,10,65882
11973,5891,1,165,9,65882
11974,5891,1,1,10,65882
11975,5891,1,41,4,65882
11976,5891,1,181,4,65882
11977,5892,1,4,6,65882
11978,5893,1,301,6,65882
11979,5894,1,475,2,65882
11980,5895,1,242,10,65882
11981,5895,1,24,6,65882
11982,5896,1,77,11,65942
11983,5896,1,26,6,65942
11984,5896,1,34,6,65942
11985,5896,1,5,12,65942
11986,5897,1,0,7,65942
11987,5898,1,99,4,65942
11988,5899,1,18,9,65942
11989,5899,1,26,3,65942
11990,5900,1,10,1,65942
11991,5901,1,4,5,66002
11992,5901,1,2,5,66002
11993,5902,1,137,8,66002
11994,5902,1,133,4,66002
11995,5902,1,249,3,66002
11996,5903,1,6,12,66002
11997,5903,1,42,9,66002
11998,5903,1,94,6,66002
11999,5903,1,176,4,66002
12000,5904,1,151,5,66062
12001,5904,1,363,5,66062
12002,5904,1,37,6,66062
12003,5905,1,2,4,66062
12004,5906,1,47,6,66062
12005,5907,1,486,1,66062
12006,5908,1,107,5,66062
12007,5908,1,121,8,66062
12008,5909,1,15,8,66062
12009,5910,1,44,5,66062
12010,5910,1,8,6,66062
12011,5910,1,142,6,66062
12012,5911,1,39,6,66122
12013,5911,1,22,10,66122
12014,5911,1,99,2,66122
12015,5911,1,109,5,66122
12016,5911,1,6,6,66122
12017,5912,1,462,2,66122
12018,5912,1,37,5,66122
12019,5912,1,20,10,66122
12020,5913,1,68,11,66122
12021,5913,1,168,8,66122
12022,5914,1,19,2,66182
12023,5915,1,69,9,66182
12024,5915,1,283,12,66182
12025,5916,1,399,8,66182
12026,5917,1,484,2,66182
12027,5917,1,46,9,66182
12028,5917,1,32,7,66182
12029,5918,1,86,1,66182
12030,5919,1,364,6,66182
12031,5920,1,493,4,66182
12032,5920,1,236,3,66182
12033,5921,1,63,4,66182
12034,5922,1,45,2,66242
12035,5923,1,127,4,66242
12036,5923,1,109,5,66242
12037,5924,1,219,12,66242
12038,5925,1,208,1,66242
12039,5926,1,131,6,66242
12040,5926,1,13,7,66242
12041,5927,1,8,2,66302
12042,5928,1,80,10,66302
12043,5929,1,75,6,66302
12044,5929,1,238,5,66302
12045,5930,1,28,2,66362
12046,5930,1,7,6,66362
12047,5930,1,78,11,66362
12048,5930,1,5,6,66362
12049,5931,1,118,10,66362
12050,5932,1,191,2,66362
12051,5933,1,173,3,66362
12052,5933,1,1,5,66362
12053,5933,1,318,2,66362
12054,5934,1,5,6,66362
12055,5935,1,62,11,66362
12056,5936,1,87,7,66422
12057,5937,1,495,7,66482
12058,5938,1,7,4,66482
12059,5938,1,144,8,66482
12060,5938,1,8,2,66482
12061,5938,1,68,6,66482
12062,5938,1,402,7,66482
12063,5938,1,0,6,66482
12064,5938,1,336,1,66482
12065,5938,1,9,6,66482
12066,5938,1,238,6,66482
12067,5938,1,22,12,66482
12068,5939,1,80,8,66482
12069,5939,1,105,2,66482
12070,5940,1,7,6,66482
12071,5940,1,58,12,66482
12072,5941,1,291,6,66542
12073,5941,1,162,2,66542
12074,5941,1,2,4,66542
12075,5941,1,8,7,66542
12076,5942,1,2,8,66542
12077,5943,1,49,6,66542
12078,5944,1,1,6,66542
12079,5945,1,22,2,66602
12080,5945,1,489,12,66602
12081,5945,1,294,4,66602
12082,5945,1,138,3,66602
12083,5945,1,368,10,66602
12084,5945,1,341,9,66602
12085,5946,1,359,6,66602
12086,5946,1,4,5,66602
12087,5946,1,9,7,66602
12088,5947,1,11,11,66602
12089,5948,1,4,4,66662
12090,5948,1,441,5,66662
12091,5949,1,6,10,66662
12092,5950,1,4,7,66662
12093,5950,1,93,2,66662
12094,5951,1,18,5,66662
12095,5951,1,11,6,66662
12096,5952,1,3,7,66662
12097,5952,1,104,12,66662
12098,5953,1,109,5,66662
12099,5954,1,106,11,66662
12100,5954,1,7,8,66662
12101,5954,1,39,6,66662
12102,5954,1,232,7,66662
12103,5954,1,60,9,66662
12104,5954,1,58,8,66662
12105,5954,1,102,10,66662
12106,5954,1,3,5,66662
12107,5955,1,7,8,66662
12108,5955,1,45,5,66662
12109,5956,1,394,5,66722
12110,5957,1,199,12,66722
12111,5958,1,31,2,66722
12112,5958,1,24,10,66722
12113,5958,1,330,8,66722
12114,5959,1,67,12,66722
12115,5960,1,132,10,66722
12116,5961,1,0,6,66722
12117,5961,1,42,9,66722
12118,5962,1,27,5,66722
12119,5962,1,18,2,66722
12120,5962,1,43,10,66722
12121,5963,1,289,10,66722
12122,5964,1,263,4,66782
12123,5965,1,155,8,66782
12124,5965,1,48,4,66782
12125,5966,1,6,3,66782
12126,5967,1,2,2,66782
12127,5968,1,28,9,66842
12128,5968,1,24,2,66842
12129,5968,1,44,5,66842
12130,5969,1,34,5,66842
12131,5969,1,36,6,66842
12132,5970,1,131,1,66842
12133,5971,1,33,6,66842
12134,5971,1,372,8,66842
12135,5972,1,43,7,66842
12136,5972,1,110,4,66842
12137,5972,1,166,11,66842
12138,5972,1,179,4,66842
12139,5973,1,8,6,66842
12140,5974,1,23,12,66842
12141,5974,1,384,2,66842
12142,5975,1,53,6,66842
12143,5976,1,17,8,66902
12144,5977,1,4,9,66902
12145,5978,1,201,8,66902
12146,5979,1,292,4,66902
12147,5979,1,28,9,66902
12148,5980,1,403,1,66902
12149,5980,1,341,5,66902
12150,5980,1,2,8,66902
12151,5980,1,67,6,66902
12152,5980,1,179,10,66902
12153,5980,1,181,12,66902
12154,5981,1,37,6,66902
12155,5982,1,14,8,66962
12156,5983,1,17,6,66962
12157,5984,1,34,4,66962
12158,5984,1,216,6,66962
12159,5984,1,12,4,66962
12160,5984,1,472,8,66962
12161,5985,1,181,5,66962
12162,5985,1,56,6,66962
12163,5985,1,27,10,66962
12164,5985,1,16,8,66962
12165,5985,1,74,6,66962
12166,5985,1,11,8,66962
12167,5986,1,177,8,67022
12168,5986,1,16,4,67022
12169,5986,1,46,2,67022
12170,5986,1,208,5,67022
12171,5987,1,29,11,67022
12172,5987,1,81,4,67022
12173,5988,1,42,7,67022
12174,5988,1,198,6,67022
12175,5988,1,80,6,67022
12176,5989,1,46,6,67022
12177,5989,1,201,6,67022
12178,5990,1,26,6,67022
12179,5990,1,203,9,67022
12180,5991,1,7,4,67082
12181,5992,1,42,8,67082
12182,5993,1,41,9,67082
12183,5993,1,338,8,67082
12184,5994,1,5,7,67082
12185,5995,1,395,12,67142
12186,5996,1,181,7,67142
12187,5996,1,118,6,67142
12188,5996,1,73,9,67142
12189,5996,1,402,9,67142
12190,5997,1,168,8,67142
12191,5998,1,291,10,67142
12192,5999,1,17,3,67142
12193,5999,1,18,7,67142
12194,5999,1,449,8,67142
12195,5999,1,169,9,67142
12196,6000,1,155,2,67142
12197,6001,1,386,7,67202
12198,6002,1,103,7,67202
12199,6002,1,128,6,67202
12200,6002,1,285,4,67202
12201,6003,1,33,8,67202
12202,6003,1,123,2,67202
12203,6003,1,32,3,67202
12204,6003,1,37,5,67202
12205,6004,1,35,8,67262
12206,6005,1,17,5,67262
12207,6006,1,7,6,67262
12208,6007,1,0,8,67262
12209,6007,1,111,5,67262
12210,6008,1,21,5,67262
12211,6009,1,118,12,67262
12212,6009,1,133,3,67262
12213,6009,1,105,10,67262
12214,6010,1,36,2,67262
12215,6010,1,0,8,67262
12216,6010,1,47,4,67262
12217,6011,1,12,4,67322
12218,6011,1,7,6,67322
12219,6011,1,2,4,67322
12220,6012,1,55,10,67322
12221,6013,1,8,9,67322
12222,6013,1,2,9,67322
12223,6014,1,127,3,67382
12224,6015,1,41,5,67382
12225,6015,1,9,4,67382
12226,6016,1,31,8,67382
12227,6017,1,6,10,67442
12228,6017,1,10,9,67442
12229,6017,1,18,10,67442
12230,6018,1,109,10,67442
12231,6019,1,39,8,67442
12232,6019,1,127,6,67442
12233,6019,1,51,4,67442
12234,6019,1,114,10,67442
12235,6019,1,46,2,67442
12236,6019,1,134,8,67442
12237,6019,1,36,4,67442
12238,6020,1,90,6,67442
12239,6020,1,431,2,67442
12240,6020,1,346,9,67442
12241,6020,1,54,1,67442
12242,6021,1,5,3,67442
12243,6022,1,46,6,67442
12244,6022,1,0,7,67442
12245,6023,1,337,8,67442
12246,6024,1,0,4,67442
12247,6024,1,387,8,67442
12248,6025,1,146,6,67442
12249,6026,1,131,9,67502
12250,6027,1,20,4,67502
12251,6027,1,93,10,67502
12252,6028,1,223,9,67502
12253,6029,1,20,8,67502
12254,6030,1,113,8,67502
12255,6030,1,188,4,67502
12256,6030,1,483,12,67502
12257,6030,1,348,10,67502
12258,6030,1,7,8,67502
12259,6030,1,154,9,67502
12260,6031,1,200,5,67562
12261,6032,1,80,2,67562
12262,6033,1,35,4,67562
12263,6034,1,44,3,67562
12264,6034,1,17,5,67562
12265,6034,1,16,6,67562
12266,6034,1,91,8,67562
12267,6034,1,144,6,67562
12268,6034,1,22,4,67562
12269,6035,1,361,6,67562
12270,6036,1,238,5,67562
12271,6037,1,204,2,67562
12272,6038,1,389,5,67622
12273,6039,1,11,12,67622
12274,6040,1,469,7,67622
12275,6041,1,164,8,67622
12276,6041,1,72,6,67622
12277,6042,1,33,9,67622
12278,6042,1,19,7,67622
12279,6042,1,5,3,67622
12280,6043,1,5,2,67622
12281,6044,1,0,8,67622
12282,6045,1,59,4,67682
12283,6045,1,7,7,67682
12284,6045,1,308,10,67682
12285,6045,1,61,3,67682
12286,6045,1,75,1,67682
12287,6045,1,20,7,67682
12288,6045,1,89,6,67682
12289,6045,1,107,5,67682
12290,6045,1,25,6,67682
12291,6046,1,82,2,67682
12292,6046,1,453,10,67682
12293,6046,1,139,11,67682
12294,6046,1,47,3,67682
12295,6047,1,6,4,67682
12296,6048,1,22,6,67682
12297,6049,1,46,8,67682
12298,6050,1,5,6,67682
12299,6050,1,281,8,67682
12300,6051,1,113,11,67682
12301,6052,1,27,7,67682
12302,6053,1,150,2,67742
12303,6054,1,92,5,67742
12304,6054,1,149,8,67742
12305,6055,1,337,2,67742
12306,6055,1,19,4,67742
12307,6056,1,212,12,67742
12308,6057,1,41,10,67742
12309,6058,1,19,4,67742
12310,6058,1,136,11,67742
12311,6059,1,48,12,67742
12312,6059,1,5,9,67742
12313,6059,1,6,12,67742
12314,6060,1,32,5,67802
12315,6061,1,7,8,67802
12316,6062,1,46,6,67802
12317,6062,1,31,10,67802
12318,6062,1,11,5,67802
12319,6063,1,44,4,67802
12320,6063,1,6,2,67802
12321,6063,1,106,8,67802
12322,6064,1,13,8,67802
12323,6064,1,2,8,67802
12324,6064,1,308,10,67802
12325,6065,1,9,4,67862
12326,6065,1,76,6,67862
12327,6065,1,81,6,67862
12328,6065,1,41,5,67862
12329,6065,1,48,5,67862
12330,6065,1,12,5,67862
12331,6065,1,28,10,67862
12332,6065,1,7,8,67862
12333,6066,1,346,11,67862
12334,6066,1,21,6,67862
12335,6067,1,68,8,67862
12336,6067,1,309,11,67862
12337,6067,1,21,6,67862
12338,6067,1,25,12,67862
12339,6068,1,0,12,67922
12340,6069,1,288,10,67922
12341,6070,1,0,10,67922
12342,6070,1,231,5,67922
12343,6071,1,31,7,67922
12344,6072,1,24,6,67922
12345,6073,1,437,3,67922
12346,6073,1,148,8,67922
12347,6074,1,37,7,67922
12348,6074,1,18,8,67922
12349,6075,1,12,9,67982
12350,6075,1,47,10,67982
12351,6075,1,18,10,67982
12352,6075,1,211,10,67982
12353,6076,1,117,2,67982
12354,6077,1,14,2,68042
12355,6077,1,480,4,68042
12356,6078,1,383,3,68042
12357,6079,1,63,10,68042
12358,6079,1,104,4,68042
12359,6079,1,76,7,68042
12360,6080,1,35,4,68042
12361,6081,1,0,8,68042
12362,6082,1,2,5,68042
12363,6082,1,47,1,68042
12364,6083,1,4,3,68042
12365,6084,1,10,11,68042
12366,6084,1,34,4,68042
12367,6085,1,301,6,68042
12368,6086,1,33,6,68102
12369,6087,1,196,7,68102
12370,6088,1,146,6,68102
12371,6089,1,5,5,68102
12372,6089,1,7,8,68102
12373,6089,1,16,6,68102
12374,6090,1,56,6,68102
12375,6090,1,42,6,68102
12376,6091,1,486,4,68162
12377,6092,1,17,7,68162
12378,6092,1,456,9,68162
12379,6093,1,165,6,68222
12380,6093,1,25,9,68222
12381,6094,1,5,7,68282
12382,6095,1,187,4,68282
12383,6096,1,23,3,68282
12384,6097,1,177,6,68282
12385,6097,1,5,6,68282
12386,6098,1,4,8,68282
12387,6098,1,53,8,68282
12388,6099,1,80,6,68342
12389,6100,1,349,10,68342
12390,6101,1,5,2,68342
12391,6102,1,4,5,68342
12392,6103,1,16,7,68342
12393,6103,1,13,10,68342
12394,6104,1,366,12,68402
12395,6104,1,31,12,68402
12396,6104,1,194,3,68402
12397,6105,1,40,4,68402
12398,6106,1,172,10,68402
12399,6107,1,20,9,68402
12400,6107,1,252,6,68402
12401,6108,1,1,6,68402
12402,6108,1,67,7,68402
12403,6108,1,171,7,68402
12404,6109,1,97,8,68402
12405,6109,1,238,6,68402
12406,6109,1,1,10,68402
12407,6110,1,47,7,68402
12408,6111,1,2,6,68402
12409,6111,1,17,8,68402
12410,6111,1,444,6,68402
12411,6112,1,53,4,68462
12412,6113,1,32,6,68462
12413,6114,1,20,3,68462
12414,6114,1,2,6,68462
12415,6114,1,499,6,68462
12416,6114,1,379,3,68462
12417,6115,1,121,6,68462
12418,6115,1,24,4,68462
12419,6116,1,16,9,68462
12420,6117,1,142,10,68462
12421,6118,1,17,3,68462
12422,6119,1,19,5,68462
12423,6120,1,26,10,68462
12424,6120,1,18,10,68462
12425,6120,1,8,12,68462
12426,6121,1,17,6,68462
12427,6122,1,90,6,68522
12428,6122,1,16,4,68522
12429,6123,1,278,7,68522
12430,6123,1,13,6,68522
12431,6123,1,453,7,68522
12432,6123,1,29,12,68522
12433,6123,1,444,9,68522
12434,6124,1,179,12,68582
12435,6125,1,1,6,68582
12436,6126,1,174,8,68582
12437,6126,1,18,6,68582
12438,6127,1,49,2,68582
12439,6128,1,32,6,68582
12440,6128,1,480,10,68582
12441,6129,1,51,7,68582
12442,6129,1,12,12,68582
12443,6130,1,28,10,68582
12444,6130,1,0,8,68582
12445,6130,1,113,8,68582
12446,6130,1,122,7,68582
12447,6130,1,242,11,68582
12448,6131,1,267,9,68582
12449,6131,1,218,11,68582
12450,6132,1,287,9,68582
12451,6133,1,337,4,68582
12452,6134,1,244,5,68582
12453,6135,1,349,6,68642
12454,6135,1,29,4,68642
12455,6136,1,139,10,68642
12456,6137,1,222,5,68642
12457,6138,1,109,2,68642
12458,6139,1,27,4,68642
12459,6140,1,150,8,68702
12460,6140,1,110,3,68702
12461,6141,1,7,6,68702
12462,6142,1,176,9,68702
12463,6142,1,19,6,68702
12464,6142,1,40,4,68702
12465,6142,1,9,10,68702
12466,6142,1,97,11,68702
12467,6143,1,288,4,68702
12468,6144,1,19,9,68762
12469,6145,1,84,6,68762
12470,6146,1,175,8,68762
12471,6147,1,82,7,68762
12472,6148,1,173,5,68762
12473,6148,1,479,6,68762
12474,6148,1,177,12,68762
12475,6148,1,215,4,68762
12476,6148,1,51,10,68762
12477,6148,1,425,9,68762
12478,6148,1,146,3,68762
12479,6149,1,171,12,68762
12480,6149,1,16,5,68762
12481,6150,1,52,6,68762
12482,6151,1,7,8,68822
12483,6151,1,2,7,68822
12484,6151,1,26,6,68822
12485,6152,1,2,7,68822
12486,6152,1,53,6,68822
12487,6152,1,113,4,68822
12488,6153,1,456,3,68822
12489,6153,1,19,10,68822
12490,6153,1,74,5,68822
12491,6153,1,398,8,68822
12492,6153,1,43,4,68822
12493,6154,1,0,9,68822
12494,6154,1,117,5,68822
12495,6155,1,24,8,68822
12496,6156,1,370,9,68822
12497,6157,1,390,7,68882
12498,6158,1,480,3,68882
12499,6158,1,21,2,68882
12500,6158,1,87,2,68882
12501,6159,1,77,6,68882
12502,6160,1,17,10,68882
12503,6161,1,6,5,68882
12504,6162,1,136,4,68882
12505,6162,1,28,8,68882
12506,6163,1,319,6,68882
12507,6164,1,40,6,68942
12508,6165,1,35,9,68942
12509,6165,1,0,8,68942
12510,6165,1,221,7,68942
12511,6166,1,486,8,68942
12512,6166,1,84,5,68942
12513,6167,1,13,9,68942
12514,6168,1,289,9,69002
12515,6169,1,280,5,69002
12516,6170,1,250,6,69002
12517,6171,1,186,2,69002
12518,6171,1,142,6,69002
12519,6172,1,426,10,69002
12520,6173,1,29,8,69002
12521,6173,1,12,5,69002
12522,6173,1,128,10,69002
12523,6173,1,199,10,69002
12524,6173,1,25,5,69002
12525,6174,1,491,9,69002
12526,6174,1,3,10,69002
12527,6175,1,112,10,69062
12528,6175,1,296,4,69062
12529,6175,1,61,7,69062
12530,6175,1,93,6,69062
12531,6175,1,18,6,69062
12532,6176,1,81,6,69062
12533,6176,1,285,8,69062
12534,6177,1,348,2,69062
12535,6177,1,129,4,69062
12536,6178,1,60,4,69062
12537,6179,1,33,8,69062
12538,6180,1,84,10,69122
12539,6180,1,30,5,69122
12540,6181,1,39,12,69122
12541,6181,1,13,2,69122
12542,6181,1,22,6,69122
12543,6182,1,40,6,69122
12544,6182,1,10,4,69122
12545,6182,1,1,4,69122
12546,6182,1,64,5,69122
12547,6182,1,31,2,69122
12548,6182,1,346,11,69122
12549,6183,1,15,6,69122
12550,6183,1,52,2,69122
12551,6183,1,7,7,69122
12552,6183,1,178,7,69122
12553,6184,1,8,4,69122
12554,6184,1,35,8,69122
12555,6184,1,267,2,69122
12556,6184,1,414,10,69122
12557,6185,1,215,8,69122
12558,6185,1,18,12,69122
12559,6185,1,111,12,69122
12560,6185,1,206,7,69122
12561,6185,1,412,3,69122
12562,6185,1,144,2,69122
12563,6186,1,34,10,69122
12564,6186,1,70,8,69122
12565,6186,1,170,4,69122
12566,6187,1,329,6,69122
12567,6188,1,302,9,69122
12568,6188,1,266,4,69122
12569,6189,1,188,7,69182
12570,6189,1,1,8,69182
12571,6189,1,427,7,69182
12572,6189,1,12,6,69182
12573,6190,1,73,11,69182
12574,6190,1,309,4,69182
12575,6190,1,16,9,69182
12576,6191,1,155,4,69182
12577,6191,1,344,3,69182
12578,6192,1,422,10,69242
12579,6193,1,315,10,69242
12580,6193,1,14,8,69242
12581,6193,1,345,1,69242
12582,6193,1,47,2,69242
12583,6194,1,485,6,69242
12584,6195,1,18,10,69242
12585,6196,1,131,10,69242
12586,6196,1,465,6,69242
12587,6197,1,37,6,69302
12588,6198,1,39,2,69302
12589,6199,1,62,8,69362
12590,6199,1,37,4,69362
12591,6200,1,3,4,69362
12592,6201,1,34,8,69362
12593,6202,1,82,3,69362
12594,6202,1,70,3,69362
12595,6202,1,101,6,69362
12596,6203,1,178,2,69362
12597,6204,1,218,9,69422
12598,6204,1,1,8,69422
12599,6205,1,280,2,69422
12600,6205,1,10,10,69422
12601,6205,1,163,6,69422
12602,6205,1,44,3,69422
12603,6206,1,37,8,69422
12604,6207,1,106,6,69422
12605,6207,1,4,7,69422
12606,6208,1,94,4,69422
12607,6208,1,15,8,69422
12608,6209,1,20,5,69482
12609,6210,1,1,8,69482
12610,6211,1,47,7,69482
12611,6212,1,178,11,69482
12612,6212,1,10,10,69482
12613,6212,1,27,6,69482
12614,6213,1,145,4,69482
12615,6213,1,457,8,69482
12616,6214,1,334,6,69482
12617,6214,1,23,5,69482
12618,6214,1,70,2,69482
12619,6215,1,351,4,69482
12620,6215,1,37,7,69482
12621,6215,1,12,12,69482
12622,6215,1,46,8,69482
12623,6216,1,17,9,69482
12624,6216,1,161,11,69482
12625,6217,1,23,6,69542
12626,6217,1,16,5,69542
12627,6217,1,195,7,69542
12628,6217,1,319,9,69542
12629,6217,1,70,10,69542
12630,6217,1,45,6,69542
12631,6217,1,442,8,69542
12632,6217,1,15,4,69542
12633,6218,1,347,10,69542
12634,6218,1,123,7,69542
12635,6219,1,30,10,69602
12636,6220,1,120,4,69602
12637,6221,1,28,5,69602
12638,6222,1,111,8,69602
12639,6223,1,98,10,69602
12640,6223,1,19,2,69602
12641,6224,1,10,6,69602
12642,6224,1,346,7,69602
12643,6225,1,12,7,69662
12644,6225,1,40,4,69662
12645,6226,1,220,6,69662
12646,6226,1,188,11,69662
12647,6226,1,11,4,69662
12648,6227,1,26,6,69662
12649,6228,1,71,4,69662
12650,6229,1,80,6,69662
12651,6230,1,12,6,69662
12652,6231,1,17,2,69722
12653,6231,1,136,4,69722
12654,6231,1,496,10,69722
12655,6232,1,59,10,69722
12656,6232,1,453,7,69722
12657,6232,1,49,7,69722
12658,6233,1,42,1,69722
12659,6234,1,51,6,69722
12660,6235,1,95,8,69722
12661,6235,1,2,6,69722
12662,6236,1,44,8,69722
12663,6237,1,52,8,69722
12664,6238,1,37,12,69722
12665,6239,1,4,9,69722
12666,6239,1,0,4,69722
12667,6239,1,196,2,69722
12668,6239,1,50,8,69722
12669,6239,1,413,8,69722
12670,6239,1,141,8,69722
12671,6239,1,23,9,69722
12672,6240,1,119,2,69722
12673,6240,1,38,12,69722
12674,6240,1,24,7,69722
12675,6240,1,44,4,69722
12676,6240,1,381,6,69722
12677,6241,1,47,10,69722
12678,6241,1,1,4,69722
12679,6242,1,36,3,69722
12680,6243,1,26,1,69782
12681,6244,1,50,8,69782
12682,6245,1,251,6,69782
12683,6246,1,343,3,69782
12684,6246,1,6,6,69782
12685,6247,1,131,9,69782
12686,6248,1,384,8,69842
12687,6249,1,292,4,69842
12688,6250,1,0,8,69842
12689,6250,1,35,6,69842
12690,6251,1,305,10,69842
12691,6251,1,22,9,69842
12692,6251,1,464,8,69842
12693,6251,1,17,4,69842
12694,6251,1,6,2,69842
12695,6251,1,33,10,69842
12696,6252,1,0,4,69842
12697,6252,1,5,4,69842
12698,6253,1,189,11,69842
12699,6253,1,78,11,69842
12700,6253,1,83,4,69842
12701,6254,1,144,5,69902
12702,6255,1,123,5,69902
12703,6255,1,428,5,69902
12704,6255,1,3,5,69902
12705,6256,1,3,12,69902
12706,6256,1,42,10,69902
12707,6257,1,48,6,69902
12708,6257,1,13,8,69902
12709,6257,1,0,4,69902
12710,6258,1,3,10,69962
12711,6259,1,31,3,69962
12712,6259,1,48,8,69962
12713,6259,1,11,8,69962
12714,6259,1,25,4,69962
12715,6259,1,152,2,69962
12716,6260,1,258,4,70022
12717,6261,1,200,5,70022
12718,6262,1,42,12,70022
12719,6262,1,0,6,70022
12720,6263,1,23,6,70022
12721,6263,1,29,10,70022
12722,6264,1,0,9,70082
12723,6264,1,27,6,70082
12724,6264,1,26,6,70082
12725,6265,1,14,3,70082
12726,6266,1,337,6,70082
12727,6266,1,5,2,70082
12728,6267,1,11,4,70082
12729,6267,1,10,8,70082
12730,6268,1,11,4,70082
12731,6269,1,98,7,70082
12732,6270,1,93,4,70082
12733,6271,1,116,4,70082
12734,6271,1,64,6,70082
12735,6272,1,407,8,70082
12736,6273,1,3,6,70142
12737,6274,1,5,6,70142
12738,6274,1,266,10,70142
12739,6274,1,208,6,70142
12740,6275,1,20,6,70142
12741,6275,1,40,8,70142
12742,6276,1,43,6,70142
12743,6277,1,282,6,70142
12744,6278,1,214,4,70142
12745,6279,1,17,5,70202
12746,6279,1,39,6,70202
12747,6280,1,454,6,70262
12748,6280,1,233,6,70262
12749,6280,1,17,7,70262
12750,6280,1,14,6,70262
12751,6280,1,84,5,70262
12752,6280,1,21,10,70262
12753,6280,1,1,7,70262
12754,6281,1,1,6,70262
12755,6282,1,38,6,70262
12756,6282,1,217,5,70262
12757,6282,1,114,2,70262
12758,6283,1,28,3,70262
12759,6284,1,201,4,70262
12760,6285,1,23,10,70322
12761,6285,1,18,6,70322
12762,6285,1,42,4,70322
12763,6285,1,11,1,70322
12764,6286,1,32,7,70322
12765,6286,1,9,8,70322
12766,6287,1,18,6,70322
12767,6287,1,94,10,70322
12768,6287,1,9,8,70322
12769,6287,1,27,3,70322
12770,6288,1,88,9,70382
12771,6288,1,282,9,70382
12772,6288,1,61,9,70382
12773,6289,1,69,6,70382
12774,6289,1,3,5,70382
12775,6290,1,118,8,70382
12776,6290,1,374,8,70382
12777,6291,1,167,10,70382
12778,6292,1,95,7,70442
12779,6292,1,0,3,70442
12780,6292,1,40,4,70442
12781,6292,1,115,8,70442
12782,6293,1,35,7,70442
12783,6293,1,244,2,70442
12784,6293,1,33,10,70442
12785,6294,1,17,4,70442
12786,6295,1,58,4,70442
12787,6296,1,2,6,70442
12788,6296,1,13,3,70442
12789,6297,1,37,5,70442
12790,6297,1,15,8,70442
12791,6298,1,11,8,70442
12792,6299,1,19,8,70442
12793,6299,1,2,11,70442
12794,6300,1,317,2,70502
12795,6301,1,318,10,70502
12796,6301,1,316,3,70502
12797,6301,1,227,10,70502
12798,6301,1,243,4,70502
12799,6301,1,11,6,70502
12800,6302,1,101,2,70502
12801,6303,1,19,10,70502
12802,6304,1,2,8,70502
12803,6305,1,83,10,70502
12804,6305,1,77,9,70502
12805,6305,1,71,4,70502
12806,6305,1,149,7,70502
12807,6306,1,15,4,70502
12808,6307,1,27,4,70562
12809,6307,1,439,9,70562
12810,6307,1,35,8,70562
12811,6308,1,1,11,70562
12812,6308,1,5,4,70562
12813,6309,1,404,5,70562
12814,6310,1,427,10,70622
12815,6311,1,2,3,70622
12816,6312,1,37,8,70622
12817,6313,1,34,2,70682
12818,6313,1,23,2,70682
12819,6314,1,391,4,70682
12820,6315,1,144,4,70682
12821,6315,1,373,2,70682
12822,6315,1,108,8,70682
12823,6315,1,73,8,70682
12824,6316,1,31,6,70742
12825,6317,1,134,10,70742
12826,6317,1,2,10,70742
12827,6317,1,48,10,70742
12828,6318,1,61,8,70742
12829,6319,1,7,6,70742
12830,6319,1,17,5,70742
12831,6319,1,1,4,70742
12832,6320,1,24,8,70742
12833,6321,1,137,8,70742
12834,6322,1,135,2,70802
12835,6322,1,21,11,70802
12836,6322,1,7,10,70802
12837,6323,1,1,10,70802
12838,6323,1,8,10,70802
12839,6323,1,19,11,70802
12840,6324,1,132,6,70802
12841,6324,1,97,8,70802
12842,6324,1,9,6,70802
12843,6325,1,11,8,70802
12844,6325,1,8,2,70802
12845,6326,1,341,7,70802
12846,6326,1,93,6,70802
12847,6327,1,19,1,70802
12848,6327,1,35,5,70802
12849,6328,1,3,6,70802
12850,6328,1,40,9,70802
12851,6328,1,0,8,70802
12852,6328,1,43,6,70802
12853,6329,1,143,8,70862
12854,6330,1,74,7,70862
12855,6330,1,2,9,70862
12856,6331,1,49,7,70862
12857,6331,1,152,9,70862
12858,6331,1,13,8,70862
12859,6332,1,498,8,70862
12860,6333,1,80,5,70862
12861,6333,1,13,7,70862
12862,6333,1,23,2,70862
12863,6334,1,9,11,70862
12864,6335,1,284,4,70862
12865,6335,1,17,9,70862
12866,6336,1,0,6,70922
12867,6336,1,217,5,70922
12868,6336,1,25,3,70922
12869,6337,1,320,7,70922
12870,6338,1,5,4,70922
12871,6338,1,12,4,70922
12872,6338,1,65,7,70922
12873,6338,1,22,9,70922
12874,6339,1,347,6,70922
12875,6339,1,293,7,70922
12876,6340,1,1,7,70982
12877,6341,1,198,3,70982
12878,6342,1,100,9,70982
12879,6342,1,88,12,70982
12880,6343,1,129,7,70982
12881,6344,1,333,9,71042
12882,6344,1,487,6,71042
12883,6345,1,41,2,71042
12884,6346,1,79,6,71042
12885,6347,1,180,7,71042
12886,6348,1,259,10,71042
12887,6349,1,89,7,71042
12888,6350,1,118,8,71042
12889,6351,1,16,10,71042
12890,6352,1,292,11,71042
12891,6352,1,258,9,71042
12892,6352,1,17,11,71042
12893,6352,1,14,6,71042
12894,6353,1,32,8,71102
12895,6354,1,71,7,71102
12896,6354,1,369,4,71102
12897,6354,1,4,11,71102
12898,6354,1,0,8,71102
12899,6354,1,47,12,71102
12900,6354,1,350,4,71102
12901,6355,1,135,8,71102
12902,6356,1,208,6,71102
12903,6357,1,0,2,71102
12904,6358,1,108,2,71162
12905,6358,1,20,4,71162
12906,6359,1,11,6,71162
12907,6359,1,39,4,71162
12908,6360,1,68,10,71162
12909,6360,1,27,12,71162
12910,6361,1,41,4,71162
12911,6362,1,43,2,71162
12912,6362,1,244,11,71162
12913,6362,1,15,5,71162
12914,6363,1,34,6,71162
12915,6364,1,49,12,71162
12916,6364,1,155,2,71162
12917,6365,1,2,11,71222
12918,6366,1,4,6,71222
12919,6366,1,5,10,71222
12920,6367,1,10,8,71222
12921,6367,1,142,4,71222
12922,6368,1,28,6,71222
12923,6368,1,348,11,71222
12924,6369,1,122,9,71222
12925,6370,1,11,6,71222
12926,6370,1,270,5,71222
12927,6370,1,0,4,71222
12928,6371,1,3,3,71222
12929,6372,1,46,5,71222
12930,6372,1,207,8,71222
12931,6372,1,21,6,71222
12932,6372,1,10,8,71222
12933,6373,1,110,9,71282
12934,6373,1,40,6,71282
12935,6374,1,374,10,71282
12936,6374,1,140,8,71282
12937,6375,1,64,7,71282
12938,6376,1,275,3,71282
12939,6377,1,361,8,71282
12940,6378,1,25,10,71282
12941,6379,1,485,9,71282
12942,6379,1,21,7,71282
12943,6380,1,15,6,71342
12944,6381,1,194,6,71342
12945,6382,1,14,4,71342
12946,6383,1,162,6,71402
12947,6383,1,30,11,71402
12948,6384,1,31,6,71402
12949,6385,1,468,7,71402
12950,6386,1,398,6,71402
12951,6387,1,218,8,71402
12952,6388,1,145,4,71402
12953,6388,1,127,6,71402
12954,6389,1,0,8,71402
12955,6390,1,13,10,71402
12956,6391,1,187,10,71462
12957,6392,1,97,8,71462
12958,6393,1,440,6,71462
12959,6394,1,97,6,71462
12960,6394,1,1,12,71462
12961,6395,1,0,4,71462
12962,6395,1,12,6,71462
12963,6395,1,32,8,71462
12964,6396,1,157,8,71522
12965,6396,1,8,9,71522
12966,6396,1,4,6,71522
12967,6396,1,22,8,71522
12968,6396,1,167,7,71522
12969,6396,1,12,6,71522
12970,6397,1,8,3,71522
12971,6398,1,308,6,71522
12972,6399,1,125,10,71522
12973,6400,1,458,8,71522
12974,6400,1,221,10,71522
12975,6401,1,5,10,71582
12976,6401,1,86,1,71582
12977,6401,1,24,8,71582
12978,6402,1,318,10,71582
12979,6402,1,6,6,71582
12980,6402,1,37,11,71582
12981,6402,1,57,10,71582
12982,6403,1,0,6,71582
12983,6403,1,5,9,71582
12984,6404,1,7,3,71582
12985,6404,1,113,6,71582
12986,6404,1,6,6,71582
12987,6404,1,10,4,71582
12988,6404,1,49,12,71582
12989,6404,1,251,5,71582
12990,6405,1,152,10,71582
12991,6406,1,91,4,71582
12992,6406,1,376,1,71582
12993,6407,1,74,9,71642
12994,6407,1,92,9,71642
12995,6407,1,20,8,71642
12996,6408,1,409,11,71642
12997,6409,1,21,6,71642
12998,6409,1,1,5,71642
12999,6410,1,283,10,71702
13000,6411,1,189,1,71702
13001,6411,1,12,6,71702
13002,6411,1,21,6,71702
13003,6411,1,0,4,71702
13004,6412,1,0,4,71702
13005,6412,1,13,2,71702
13006,6413,1,1,6,71702
13007,6413,1,123,8,71702
13008,6414,1,375,2,71762
13009,6414,1,29,4,71762
13010,6415,1,399,8,71762
13011,6416,1,22,3,71762
13012,6416,1,94,9,71762
13013,6417,1,37,7,71762
13014,6417,1,126,9,71762
13015,6418,1,57,4,71762
13016,6418,1,151,4,71762
13017,6419,1,455,7,71762
13018,6419,1,36,8,71762
13019,6420,1,267,1,71762
13020,6420,1,0,6,71762
13021,6421,1,18,4,71822
13022,6422,1,0,5,71822
13023,6423,1,69,7,71822
13024,6423,1,17,8,71822
13025,6423,1,109,5,71822
13026,6424,1,143,6,71822
13027,6424,1,1,2,71822
13028,6425,1,250,12,71822
13029,6426,1,144,2,71882
13030,6427,1,6,2,71882
13031,6427,1,288,10,71882
13032,6428,1,245,2,71882
13033,6428,1,37,5,71882
13034,6428,1,436,3,71882
13035,6428,1,36,10,71882
13036,6429,1,174,10,71882
13037,6429,1,17,7,71882
13038,6429,1,1,9,71882
13039,6430,1,183,4,71882
13040,6431,1,286,2,71882
13041,6432,1,4,7,71882
13042,6433,1,3,9,71882
13043,6433,1,24,8,71882
13044,6433,1,45,8,71882
13045,6433,1,492,7,71882
13046,6434,1,26,4,71882
13047,6434,1,3,4,71882
13048,6435,1,1,6,71882
13049,6435,1,4,2,71882
13050,6435,1,5,6,71882
13051,6436,1,43,8,71882
13052,6437,1,39,4,71882
13053,6437,1,45,6,71882
13054,6438,1,13,2,71942
13055,6439,1,232,10,71942
13056,6439,1,46,8,71942
13057,6439,1,47,8,71942
13058,6439,1,24,2,71942
13059,6439,1,9,3,71942
13060,6439,1,73,9,71942
13061,6439,1,3,12,71942
13062,6439,1,182,7,71942
13063,6440,1,52,9,71942
13064,6441,1,4,5,71942
13065,6442,1,29,7,72002
13066,6442,1,0,4,72002
13067,6443,1,37,5,72002
13068,6444,1,30,11,72002
13069,6445,1,2,8,72002
13070,6445,1,193,8,72002
13071,6446,1,174,11,72002
13072,6447,1,20,4,72062
13073,6447,1,212,8,72062
13074,6447,1,240,8,72062
13075,6447,1,2,9,72062
13076,6448,1,416,6,72062
13077,6449,1,17,2,72062
13078,6449,1,18,3,72062
13079,6450,1,1,5,72062
13080,6450,1,465,6,72062
13081,6451,1,15,4,72062
13082,6451,1,199,8,72062
13083,6452,1,22,2,72062
13084,6452,1,127,6,72062
13085,6452,1,92,7,72062
13086,6452,1,1,10,72062
13087,6452,1,94,11,72062
13088,6453,1,30,6,72122
13089,6453,1,396,11,72122
13090,6453,1,1,7,72122
13091,6453,1,22,8,72122
13092,6453,1,3,8,72122
13093,6454,1,44,9,72122
13094,6454,1,420,8,72122
13095,6455,1,205,8,72122
13096,6456,1,10,2,72182
13097,6457,1,21,7,72182
13098,6458,1,46,10,72182
13099,6458,1,1,10,72182
13100,6459,1,344,2,72242
13101,6460,1,36,5,72242
13102,6460,1,45,4,72242
13103,6460,1,223,6,72242
13104,6460,1,11,8,72242
13105,6460,1,10,3,72242
13106,6460,1,37,8,72242
13107,6461,1,10,1,72242
13108,6462,1,23,8,72242
13109,6463,1,41,2,72242
13110,6463,1,215,8,72242
13111,6464,1,145,3,72242
13112,6465,1,129,8,72242
13113,6465,1,170,2,72242
13114,6465,1,108,8,72242
13115,6465,1,345,10,72242
13116,6466,1,12,12,72302
13117,6466,1,42,6,72302
13118,6466,1,15,6,72302
13119,6467,1,11,4,72362
13120,6467,1,279,6,72362
13121,6468,1,220,5,72362
13122,6468,1,0,2,72362
13123,6468,1,322,5,72362
13124,6468,1,95,10,72362
13125,6468,1,123,4,72362
13126,6469,1,88,9,72362
13127,6469,1,28,6,72362
13128,6469,1,20,10,72362
13129,6470,1,115,4,72362
13130,6470,1,117,11,72362
13131,6470,1,153,9,72362
13132,6470,1,9,3,72362
13133,6471,1,147,6,72362
13134,6472,1,197,6,72362
13135,6472,1,10,8,72362
13136,6472,1,96,8,72362
13137,6472,1,1,5,72362
13138,6472,1,16,6,72362
13139,6473,1,0,5,72422
13140,6474,1,468,3,72422
13141,6474,1,384,7,72422
13142,6474,1,85,7,72422
13143,6474,1,28,4,72422
13144,6474,1,55,7,72422
13145,6474,1,111,5,72422
13146,6475,1,11,4,72422
13147,6475,1,243,3,72422
13148,6476,1,103,8,72422
13149,6477,1,15,8,72422
13150,6478,1,0,6,72422
13151,6479,1,40,8,72422
13152,6480,1,26,6,72482
13153,6480,1,15,7,72482
13154,6480,1,401,7,72482
13155,6480,1,49,6,72482
13156,6481,1,50,11,72482
13157,6482,1,4,8,72482
13158,6483,1,199,2,72542
13159,6483,1,35,3,72542
13160,6483,1,171,5,72542
13161,6483,1,0,2,72542
13162,6483,1,499,10,72542
13163,6483,1,141,10,72542
13164,6484,1,40,6,72542
13165,6485,1,33,9,72542
13166,6486,1,97,7,72542
13167,6486,1,92,5,72542
13168,6487,1,69,10,72542
13169,6487,1,5,10,72542
13170,6488,1,339,9,72542
13171,6488,1,16,7,72542
13172,6488,1,0,12,72542
13173,6489,1,16,6,72602
13174,6489,1,76,1,72602
13175,6489,1,106,10,72602
13176,6489,1,0,4,72602
13177,6489,1,115,3,72602
13178,6490,1,235,9,72602
13179,6490,1,156,1,72602
13180,6491,1,44,10,72662
13181,6491,1,1,5,72662
13182,6491,1,65,10,72662
13183,6491,1,2,4,72662
13184,6491,1,48,2,72662
13185,6491,1,18,9,72662
13186,6491,1,29,7,72662
13187,6491,1,131,6,72662
13188,6491,1,4,6,72662
13189,6491,1,30,5,72662
13190,6492,1,52,9,72662
13191,6493,1,463,12,72662
13192,6493,1,369,10,72662
13193,6494,1,499,8,72722
13194,6495,1,17,9,72722
13195,6496,1,103,10,72722
13196,6497,1,480,5,72722
13197,6497,1,32,9,72722
13198,6497,1,440,7,72722
13199,6497,1,141,3,72722
13200,6498,1,150,10,72722
13201,6499,1,155,6,72782
13202,6499,1,2,8,72782
13203,6499,1,9,10,72782
13204,6499,1,8,8,72782
13205,6500,1,327,1,72782
13206,6501,1,160,10,72782
13207,6501,1,483,10,72782
13208,6502,1,160,4,72782
13209,6502,1,294,2,72782
13210,6503,1,10,6,72782
13211,6504,1,117,7,72782
13212,6504,1,9,6,72782
13213,6505,1,162,8,72842
13214,6506,1,152,6,72842
13215,6507,1,44,4,72902
13216,6508,1,51,8,72902
13217,6509,1,347,3,72902
13218,6510,1,4,5,72902
13219,6511,1,79,3,72902
13220,6511,1,143,4,72902
13221,6511,1,0,7,72902
13222,6511,1,190,8,72902
13223,6511,1,93,12,72902
13224,6511,1,49,8,72902
13225,6511,1,160,9,72902
13226,6512,1,8,8,72902
13227,6512,1,321,4,72902
13228,6513,1,468,6,72902
13229,6514,1,210,10,72902
13230,6515,1,274,2,72902
13231,6515,1,32,8,72902
13232,6516,1,17,8,72962
13233,6517,1,182,6,72962
13234,6518,1,22,4,72962
13235,6519,1,249,4,73022
13236,6519,1,8,7,73022
13237,6519,1,15,6,73022
13238,6520,1,9,8,73022
13239,6520,1,253,6,73022
13240,6521,1,15,6,73022
13241,6521,1,186,8,73022
13242,6521,1,3,8,73022
13243,6522,1,18,8,73082
13244,6523,1,429,8,73082
13245,6524,1,33,4,73082
13246,6524,1,3,8,73082
13247,6524,1,42,6,73082
13248,6525,1,16,2,73082
13249,6526,1,164,8,73082
13250,6527,1,9,8,73082
13251,6527,1,74,7,73082
13252,6528,1,131,8,73142
13253,6529,1,386,8,73142
13254,6530,1,150,4,73142
13255,6530,1,76,8,73142
13256,6530,1,248,4,73142
13257,6531,1,299,3,73142
13258,6531,1,3,10,73142
13259,6531,1,14,4,73142
13260,6532,1,3,12,73142
13261,6532,1,5,3,73142
13262,6532,1,36,3,73142
13263,6532,1,63,8,73142
13264,6532,1,143,4,73142
13265,6532,1,465,4,73142
13266,6532,1,8,4,73142
13267,6532,1,392,12,73142
13268,6533,1,47,10,73142
13269,6533,1,148,6,73142
13270,6533,1,321,2,73142
13271,6534,1,39,4,73142
13272,6535,1,41,8,73202
13273,6536,1,13,6,73202
13274,6537,1,6,8,73202
13275,6537,1,21,8,73202
13276,6537,1,28,10,73202
13277,6537,1,4,8,73202
13278,6538,1,384,6,73202
13279,6539,1,127,7,73202
13280,6540,1,9,5,73262
13281,6540,1,3,7,73262
13282,6541,1,128,6,73262
13283,6542,1,32,9,73262
13284,6543,1,127,8,73262
13285,6543,1,16,8,73262
13286,6544,1,375,6,73262
13287,6544,1,1,6,73262
13288,6544,1,241,1,73262
13289,6544,1,18,6,73262
13290,6544,1,232,6,73262
13291,6545,1,15,7,73262
13292,6546,1,126,7,73322
13293,6546,1,435,6,73322
13294,6546,1,67,2,73322
13295,6546,1,77,2,73322
13296,6546,1,42,8,73322
13297,6546,1,396,10,73322
13298,6546,1,25,6,73322
13299,6547,1,2,12,73322
13300,6548,1,23,2,73322
13301,6548,1,18,12,73322
13302,6549,1,388,5,73322
13303,6549,1,32,9,73322
13304,6549,1,9,2,73322
13305,6549,1,91,8,73322
13306,6550,1,48,10,73382
13307,6551,1,37,6,73382
13308,6552,1,265,6,73442
13309,6552,1,101,8,73442
13310,6553,1,243,2,73442
13311,6553,1,117,2,73442
13312,6554,1,42,4,73442
13313,6555,1,85,8,73442
13314,6556,1,206,6,73502
13315,6556,1,81,12,73502
13316,6556,1,14,9,73502
13317,6556,1,45,12,73502
13318,6557,1,10,6,73502
13319,6557,1,108,11,73502
13320,6558,1,16,3,73502
13321,6558,1,103,8,73502
13322,6559,1,77,12,73562
13323,6560,1,286,6,73562
13324,6561,1,237,9,73562
13325,6562,1,92,8,73562
13326,6562,1,22,10,73562
13327,6562,1,352,2,73562
13328,6562,1,216,5,73562
13329,6563,1,133,8,73562
13330,6563,1,36,8,73562
13331,6563,1,13,5,73562
13332,6564,1,10,9,73562
13333,6564,1,147,8,73562
13334,6565,1,36,1,73562
13335,6565,1,20,8,73562
13336,6565,1,29,8,73562
13337,6565,1,89,4,73562
13338,6566,1,46,6,73562
13339,6567,1,184,10,73562
13340,6568,1,0,4,73562
13341,6569,1,11,1,73622
13342,6570,1,144,8,73622
13343,6571,1,42,9,73622
13344,6572,1,10,8,73622
13345,6572,1,178,6,73622
13346,6573,1,133,6,73622
13347,6574,1,7,8,73622
13348,6574,1,61,1,73622
13349,6574,1,86,7,73622
13350,6575,1,25,8,73682
13351,6575,1,4,10,73682
13352,6575,1,200,1,73682
13353,6575,1,13,5,73682
13354,6575,1,166,2,73682
13355,6576,1,40,6,73682
13356,6577,1,24,3,73742
13357,6578,1,63,7,73742
13358,6578,1,1,4,73742
13359,6579,1,2,6,73742
13360,6580,1,7,12,73742
13361,6581,1,0,6,73742
13362,6581,1,32,3,73742
13363,6581,1,327,3,73742
13364,6581,1,275,4,73742
13365,6582,1,345,10,73802
13366,6583,1,2,10,73802
13367,6584,1,292,5,73802
13368,6585,1,0,2,73802
13369,6585,1,315,9,73802
13370,6585,1,364,7,73802
13371,6586,1,22,10,73862
13372,6586,1,133,6,73862
13373,6587,1,7,10,73862
13374,6587,1,85,5,73862
13375,6587,1,31,5,73862
13376,6588,1,52,10,73862
13377,6588,1,128,4,73862
13378,6589,1,336,8,73862
13379,6590,1,276,4,73922
13380,6591,1,136,3,73922
13381,6591,1,431,9,73922
13382,6591,1,447,9,73922
13383,6592,1,23,10,73922
13384,6592,1,79,6,73922
13385,6593,1,51,11,73922
13386,6593,1,49,10,73922
13387,6594,1,28,2,73982
13388,6594,1,19,5,73982
13389,6595,1,32,11,74042
13390,6596,1,126,4,74042
13391,6596,1,38,3,74042
13392,6597,1,416,2,74042
13393,6598,1,141,3,74042
13394,6598,1,20,2,74042
13395,6599,1,0,2,74042
13396,6599,1,35,5,74042
13397,6599,1,192,10,74042
13398,6599,1,40,4,74042
13399,6599,1,10,6,74042
13400,6600,1,14,2,74042
13401,6601,1,2,4,74102
13402,6602,1,1,5,74102
13403,6603,1,58,12,74162
13404,6604,1,137,5,74162
13405,6604,1,471,4,74162
13406,6605,1,0,8,74162
13407,6605,1,156,6,74162
13408,6605,1,132,9,74162
13409,6605,1,6,8,74162
13410,6606,1,333,4,74162
13411,6606,1,17,6,74162
13412,6607,1,98,12,74162
13413,6608,1,343,7,74162
13414,6609,1,77,6,74162
13415,6609,1,1,8,74162
13416,6609,1,11,4,74162
13417,6610,1,39,12,74222
13418,6611,1,66,6,74222
13419,6612,1,1,10,74222
13420,6613,1,275,6,74222
13421,6613,1,27,6,74222
13422,6613,1,73,6,74222
13423,6613,1,22,6,74222
13424,6614,1,13,8,74282
13425,6614,1,165,9,74282
13426,6614,1,306,12,74282
13427,6615,1,8,10,74282
13428,6616,1,175,7,74282
13429,6617,1,420,12,74282
13430,6618,1,13,6,74282
13431,6618,1,44,9,74282
13432,6618,1,23,2,74282
13433,6618,1,34,2,74282
13434,6619,1,53,8,74282
13435,6620,1,40,6,74282
13436,6620,1,473,4,74282
13437,6621,1,9,9,74282
13438,6621,1,2,10,74282
13439,6622,1,4,8,74282
13440,6623,1,47,6,74342
13441,6624,1,13,9,74342
13442,6624,1,67,2,74342
13443,6625,1,53,5,74342
13444,6626,1,152,8,74342
13445,6626,1,3,8,74342
13446,6626,1,104,8,74342
13447,6627,1,11,4,74342
13448,6627,1,0,7,74342
13449,6627,1,14,11,74342
13450,6627,1,50,9,74342
13451,6628,1,0,10,74402
13452,6628,1,114,2,74402
13453,6628,1,12,5,74402
13454,6628,1,38,8,74402
13455,6628,1,110,10,74402
13456,6628,1,3,6,74402
13457,6629,1,8,12,74402
13458,6630,1,17,8,74402
13459,6630,1,4,11,74402
13460,6631,1,148,8,74402
13461,6631,1,405,2,74402
13462,6631,1,77,8,74402
13463,6632,1,25,8,74462
13464,6633,1,174,12,74462
13465,6634,1,416,12,74462
13466,6634,1,40,5,74462
13467,6635,1,366,3,74462
13468,6636,1,46,4,74462
13469,6636,1,73,8,74462
13470,6637,1,245,8,74522
13471,6638,1,29,9,74522
13472,6638,1,65,3,74522
13473,6639,1,49,8,74522
13474,6639,1,14,6,74522
13475,6639,1,391,2,74522
13476,6640,1,19,6,74522
13477,6640,1,359,4,74522
13478,6641,1,291,6,74582
13479,6641,1,448,6,74582
13480,6641,1,136,7,74582
13481,6641,1,45,10,74582
13482,6641,1,48,2,74582
13483,6642,1,155,7,74582
13484,6642,1,10,8,74582
13485,6642,1,26,6,74582
13486,6643,1,3,6,74582
13487,6644,1,290,11,74582
13488,6645,1,131,2,74582
13489,6645,1,320,8,74582
13490,6645,1,12,6,74582
13491,6646,1,9,8,74642
13492,6647,1,372,7,74642
13493,6647,1,6,4,74642
13494,6648,1,48,4,74642
13495,6648,1,97,10,74642
13496,6648,1,85,7,74642
13497,6649,1,496,9,74642
13498,6650,1,440,10,74642
13499,6650,1,155,12,74642
13500,6651,1,451,4,74642
13501,6651,1,104,10,74642
13502,6652,1,50,10,74702
13503,6653,1,337,8,74702
13504,6654,1,254,6,74702
13505,6654,1,99,4,74702
13506,6654,1,392,3,74702
13507,6655,1,2,10,74702
13508,6656,1,12,9,74702
13509,6656,1,211,8,74702
13510,6656,1,39,10,74702
13511,6656,1,80,5,74702
13512,6656,1,96,11,74702
13513,6656,1,68,9,74702
13514,6656,1,404,8,74702
13515,6656,1,4,1,74702
13516,6657,1,147,10,74762
13517,6657,1,74,3,74762
13518,6658,1,340,6,74762
13519,6659,1,30,2,74762
13520,6660,1,144,7,74762
13521,6660,1,226,4,74762
13522,6660,1,145,7,74762
13523,6661,1,19,8,74822
13524,6661,1,34,8,74822
13525,6662,1,70,12,74822
13526,6662,1,114,2,74822
13527,6663,1,417,8,74822
13528,6663,1,12,2,74822
13529,6663,1,123,3,74822
13530,6663,1,52,11,74822
13531,6663,1,25,10,74822
13532,6663,1,442,9,74822
13533,6664,1,25,6,74822
13534,6665,1,23,2,74822
13535,6666,1,7,6,74822
13536,6667,1,335,7,74882
13537,6667,1,164,4,74882
13538,6668,1,35,2,74882
13539,6668,1,40,4,74882
13540,6669,1,308,4,74882
13541,6670,1,44,8,74882
13542,6671,1,158,5,74882
13543,6671,1,127,10,74882
13544,6671,1,145,7,74882
13545,6672,1,84,4,74882
13546,6673,1,259,4,74942
13547,6673,1,42,6,74942
13548,6673,1,102,5,74942
13549,6673,1,132,3,74942
13550,6673,1,99,8,74942
13551,6673,1,186,4,74942
13552,6673,1,26,8,74942
13553,6674,1,109,8,74942
13554,6675,1,32,10,74942
13555,6676,1,78,5,74942
13556,6677,1,10,9,74942
13557,6677,1,77,10,74942
13558,6677,1,34,10,74942
13559,6678,1,489,9,74942
13560,6678,1,52,10,74942
13561,6679,1,219,2,74942
13562,6679,1,136,11,74942
13563,6680,1,20,8,74942
13564,6681,1,0,5,74942
13565,6681,1,100,11,74942
13566,6681,1,248,9,74942
13567,6682,1,272,8,75002
13568,6682,1,450,10,75002
13569,6682,1,386,11,75002
13570,6683,1,17,6,75002
13571,6684,1,37,7,75002
13572,6684,1,105,12,75002
13573,6684,1,229,6,75002
13574,6685,1,0,7,75062
13575,6685,1,193,4,75062
13576,6686,1,252,2,75062
13577,6687,1,333,10,75062
13578,6688,1,339,5,75122
13579,6689,1,30,6,75122
13580,6690,1,456,5,75122
13581,6691,1,2,6,75122
13582,6692,1,2,1,75182
13583,6693,1,76,5,75182
13584,6694,1,11,9,75182
13585,6694,1,0,10,75182
13586,6695,1,355,7,75182
13587,6696,1,33,3,75182
13588,6696,1,185,6,75182
13589,6696,1,14,10,75182
13590,6696,1,12,7,75182
13591,6697,1,106,8,75182
13592,6698,1,7,4,75242
13593,6698,1,27,11,75242
13594,6699,1,277,5,75242
13595,6699,1,35,7,75242
13596,6699,1,164,6,75242
13597,6699,1,107,8,75242
13598,6699,1,219,10,75242
13599,6699,1,39,4,75242
13600,6700,1,9,4,75242
13601,6701,1,37,4,75242
13602,6701,1,17,2,75242
13603,6701,1,425,1,75242
13604,6702,1,37,8,75302
13605,6703,1,22,8,75302
13606,6704,1,4,12,75302
13607,6705,1,7,1,75302
13608,6706,1,321,8,75362
13609,6706,1,21,11,75362
13610,6707,1,31,9,75362
13611,6708,1,13,1,75362
13612,6708,1,26,1,75362
13613,6708,1,188,9,75362
13614,6709,1,24,4,75362
13615,6709,1,46,5,75362
13616,6709,1,260,6,75362
13617,6709,1,77,7,75362
13618,6709,1,4,6,75362
13619,6710,1,85,4,75422
13620,6710,1,476,12,75422
13621,6711,1,414,11,75422
13622,6711,1,1,10,75422
13623,6711,1,467,6,75422
13624,6712,1,79,9,75422
13625,6712,1,51,10,75422
13626,6712,1,227,10,75422
13627,6713,1,66,3,75422
13628,6714,1,196,6,75422
13629,6715,1,234,7,75422
13630,6716,1,174,2,75422
13631,6717,1,59,3,75422
13632,6718,1,49,3,75422
13633,6718,1,19,4,75422
13634,6718,1,38,3,75422
13635,6718,1,8,5,75422
13636,6718,1,103,6,75422
13637,6719,1,488,2,75422
13638,6719,1,2,8,75422
13639,6720,1,10,2,75422
13640,6721,1,94,12,75422
13641,6722,1,48,3,75422
13642,6723,1,42,6,75422
13643,6724,1,10,4,75482
13644,6724,1,116,10,75482
13645,6724,1,12,8,75482
13646,6724,1,39,6,75482
13647,6724,1,1,8,75482
13648,6724,1,25,5,75482
13649,6724,1,230,10,75482
13650,6725,1,43,4,75482
13651,6726,1,198,7,75482
13652,6727,1,39,6,75482
13653,6728,1,17,4,75482
13654,6729,1,83,2,75482
13655,6729,1,145,8,75482
13656,6729,1,404,8,75482
13657,6730,1,0,3,75542
13658,6730,1,41,6,75542
13659,6731,1,28,8,75542
13660,6732,1,24,8,75542
13661,6733,1,318,10,75542
13662,6733,1,230,3,75542
13663,6733,1,73,6,75542
13664,6734,1,31,6,75542
13665,6734,1,9,2,75542
13666,6735,1,68,5,75602
13667,6736,1,64,5,75602
13668,6737,1,14,8,75602
13669,6738,1,429,4,75602
13670,6738,1,239,3,75602
13671,6738,1,42,2,75602
13672,6739,1,17,7,75602
13673,6739,1,89,5,75602
13674,6740,1,9,5,75602
13675,6740,1,98,12,75602
13676,6741,1,415,5,75662
13677,6742,1,41,6,75662
13678,6742,1,33,12,75662
13679,6742,1,12,9,75662
13680,6743,1,71,6,75662
13681,6744,1,231,9,75722
13682,6744,1,48,3,75722
13683,6745,1,217,6,75722
13684,6745,1,61,10,75722
13685,6746,1,218,4,75782
13686,6747,1,45,6,75782
13687,6747,1,15,4,75782
13688,6748,1,130,5,75782
13689,6749,1,33,4,75782
13690,6750,1,15,3,75782
13691,6750,1,1,9,75782
13692,6751,1,5,8,75782
13693,6752,1,41,6,75842
13694,6753,1,59,8,75842
13695,6753,1,206,11,75842
13696,6753,1,140,6,75842
13697,6753,1,194,6,75842
13698,6753,1,25,4,75842
13699,6754,1,237,9,75842
13700,6755,1,269,6,75842
13701,6756,1,424,4,75902
13702,6756,1,169,6,75902
13703,6756,1,86,6,75902
13704,6756,1,4,5,75902
13705,6756,1,29,8,75902
13706,6757,1,2,10,75902
13707,6758,1,83,8,75902
13708,6759,1,46,11,75902
13709,6759,1,10,6,75902
13710,6760,1,207,1,75902
13711,6760,1,14,8,75902
13712,6761,1,14,5,75902
13713,6761,1,1,6,75902
13714,6762,1,153,12,75902
13715,6763,1,16,9,75902
13716,6763,1,41,2,75902
13717,6764,1,115,8,75962
13718,6764,1,54,8,75962
13719,6765,1,43,10,75962
13720,6765,1,157,10,75962
13721,6766,1,9,8,75962
13722,6766,1,163,6,75962
13723,6767,1,31,3,75962
13724,6767,1,14,7,75962
13725,6767,1,30,10,75962
13726,6767,1,26,12,75962
13727,6767,1,5,6,75962
13728,6768,1,24,3,75962
13729,6769,1,28,6,75962
13730,6770,1,105,11,76022
13731,6771,1,5,3,76022
13732,6772,1,78,3,76022
13733,6772,1,171,2,76022
13734,6773,1,8,6,76022
13735,6774,1,177,9,76022
13736,6774,1,130,6,76022
13737,6775,1,74,6,76022
13738,6775,1,11,5,76022
13739,6775,1,10,9,76022
13740,6775,1,16,10,76022
13741,6775,1,478,8,76022
13742,6776,1,123,1,76022
13743,6777,1,23,5,76022
13744,6778,1,47,3,76022
13745,6779,1,312,6,76022
13746,6780,1,6,8,76082
13747,6780,1,40,5,76082
13748,6781,1,44,10,76082
13749,6781,1,74,8,76082
13750,6782,1,183,6,76082
13751,6782,1,28,10,76082
13752,6783,1,37,6,76082
13753,6783,1,4,12,76082
13754,6784,1,56,4,76082
13755,6785,1,103,6,76082
13756,6785,1,6,4,76082
13757,6785,1,77,12,76082
13758,6785,1,8,10,76082
13759,6786,1,22,7,76142
13760,6786,1,396,4,76142
13761,6787,1,63,9,76142
13762,6787,1,0,12,76142
13763,6787,1,377,2,76142
13764,6787,1,11,6,76142
13765,6788,1,28,7,76142
13766,6789,1,9,3,76142
13767,6789,1,266,5,76142
13768,6790,1,0,12,76142
13769,6791,1,30,8,76202
13770,6791,1,481,6,76202
13771,6792,1,320,5,76202
13772,6793,1,18,4,76202
13773,6793,1,61,10,76202
13774,6794,1,20,8,76262
13775,6795,1,5,7,76262
13776,6796,1,30,7,76262
13777,6796,1,0,4,76262
13778,6797,1,17,2,76262
13779,6797,1,3,4,76262
13780,6797,1,172,4,76262
13781,6797,1,71,3,76262
13782,6797,1,55,10,76262
13783,6798,1,159,3,76322
13784,6798,1,121,8,76322
13785,6798,1,119,4,76322
13786,6799,1,226,4,76322
13787,6800,1,2,3,76322
13788,6801,1,97,4,76382
13789,6802,1,10,1,76382
13790,6802,1,37,10,76382
13791,6803,1,0,12,76442
13792,6804,1,337,8,76442
13793,6804,1,1,4,76442
13794,6805,1,344,2,76442
13795,6806,1,6,4,76442
13796,6806,1,24,10,76442
13797,6807,1,401,2,76502
13798,6807,1,34,6,76502
13799,6808,1,294,9,76502
13800,6808,1,16,12,76502
13801,6809,1,356,8,76502
13802,6809,1,3,4,76502
13803,6810,1,87,3,76562
13804,6810,1,6,5,76562
13805,6811,1,40,5,76562
13806,6811,1,12,6,76562
13807,6811,1,8,7,76562
13808,6812,1,36,3,76562
13809,6812,1,283,6,76562
13810,6812,1,18,6,76562
13811,6813,1,69,8,76622
13812,6814,1,68,5,76622
13813,6815,1,68,7,76622
13814,6816,1,202,6,76622
13815,6816,1,490,8,76622
13816,6817,1,91,7,76682
13817,6818,1,205,8,76682
13818,6819,1,142,6,76682
13819,6820,1,23,8,76682
13820,6821,1,109,2,76682
13821,6822,1,52,6,76682
13822,6823,1,3,10,76742
13823,6824,1,478,5,76742
13824,6825,1,140,7,76742
13825,6826,1,13,3,76742
13826,6826,1,66,4,76742
13827,6826,1,1,8,76742
13828,6826,1,20,5,76742
13829,6826,1,40,5,76742
13830,6826,1,9,4,76742
13831,6826,1,12,8,76742
13832,6826,1,8,2,76742
13833,6826,1,168,9,76742
13834,6826,1,154,4,76742
13835,6826,1,47,7,76742
13836,6826,1,4,12,76742
13837,6826,1,105,6,76742
13838,6827,1,0,10,76802
13839,6827,1,30,6,76802
13840,6827,1,172,1,76802
13841,6828,1,205,6,76802
13842,6829,1,41,9,76802
13843,6829,1,18,6,76802
13844,6829,1,2,9,76802
13845,6830,1,5,10,76802
13846,6830,1,1,6,76802
13847,6831,1,150,6,76802
13848,6832,1,28,10,76862
13849,6832,1,35,5,76862
13850,6832,1,16,1,76862
13851,6832,1,3,2,76862
13852,6833,1,76,4,76862
13853,6833,1,0,5,76862
13854,6833,1,25,3,76862
13855,6833,1,1,6,76862
13856,6833,1,292,9,76862
13857,6833,1,205,9,76862
13858,6834,1,38,6,76862
13859,6834,1,0,10,76862
13860,6834,1,141,6,76862
13861,6835,1,1,5,76862
13862,6836,1,69,8,76862
13863,6836,1,295,10,76862
13864,6837,1,2,6,76862
13865,6838,1,75,12,76922
13866,6838,1,39,8,76922
13867,6839,1,159,5,76922
13868,6840,1,291,3,76922
13869,6841,1,282,10,76922
13870,6841,1,90,10,76922
13871,6842,1,1,11,76922
13872,6843,1,4,12,76922
13873,6843,1,363,10,76922
13874,6843,1,0,2,76922
13875,6843,1,23,11,76922
13876,6843,1,69,12,76922
13877,6843,1,216,7,76922
13878,6843,1,473,5,76922
13879,6844,1,6,2,76922
13880,6845,1,341,6,76922
13881,6845,1,19,3,76922
13882,6845,1,8,9,76922
13883,6845,1,195,6,76922
13884,6846,1,200,8,76922
13885,6847,1,261,3,76982
13886,6848,1,207,4,76982
13887,6849,1,291,4,76982
13888,6849,1,11,8,76982
13889,6849,1,4,3,76982
13890,6850,1,377,6,76982
13891,6850,1,20,2,76982
13892,6851,1,203,10,76982
13893,6852,1,33,8,76982
13894,6852,1,188,6,76982
13895,6853,1,46,9,76982
13896,6854,1,338,5,76982
13897,6855,1,102,10,76982
13898,6856,1,153,8,77042
13899,6856,1,72,10,77042
13900,6857,1,78,9,77042
13901,6857,1,181,10,77042
13902,6858,1,2,3,77042
13903,6858,1,36,2,77042
13904,6858,1,52,7,77042
13905,6858,1,33,4,77042
13906,6859,1,2,7,77042
13907,6859,1,148,2,77042
13908,6859,1,1,8,77042
13909,6859,1,158,4,77042
13910,6860,1,253,5,77102
13911,6861,1,180,6,77102
13912,6861,1,110,8,77102
13913,6862,1,113,10,77102
13914,6863,1,102,3,77102
13915,6863,1,97,8,77102
13916,6863,1,7,12,77102
13917,6864,1,18,6,77102
13918,6865,1,24,8,77102
13919,6866,1,24,6,77102
13920,6866,1,20,6,77102
13921,6867,1,223,4,77102
13922,6867,1,369,8,77102
13923,6867,1,4,10,77102
13924,6867,1,15,5,77102
13925,6868,1,2,6,77102
13926,6868,1,17,8,77102
13927,6869,1,7,1,77102
13928,6870,1,12,11,77102
13929,6870,1,86,6,77102
13930,6870,1,13,6,77102
13931,6871,1,435,4,77102
13932,6872,1,8,6,77162
13933,6873,1,7,5,77162
13934,6874,1,181,4,77162
13935,6874,1,7,9,77162
13936,6874,1,15,10,77162
13937,6874,1,84,4,77162
13938,6874,1,94,8,77162
13939,6874,1,282,8,77162
13940,6874,1,47,9,77162
13941,6874,1,306,12,77162
13942,6875,1,6,6,77162
13943,6876,1,212,8,77222
13944,6877,1,4,2,77282
13945,6878,1,0,4,77282
13946,6878,1,140,8,77282
13947,6879,1,31,8,77282
13948,6879,1,22,2,77282
13949,6880,1,168,6,77342
13950,6881,1,179,3,77342
13951,6881,1,124,9,77342
13952,6882,1,11,6,77402
13953,6882,1,56,10,77402
13954,6882,1,1,12,77402
13955,6883,1,8,5,77402
13956,6883,1,72,4,77402
13957,6884,1,35,7,77402
13958,6885,1,467,8,77402
13959,6886,1,195,4,77402
13960,6886,1,48,2,77402
13961,6886,1,182,6,77402
13962,6887,1,35,12,77402
13963,6888,1,7,9,77402
13964,6888,1,380,10,77402
13965,6889,1,28,6,77462
13966,6889,1,111,8,77462
13967,6890,1,235,10,77462
13968,6891,1,20,6,77462
13969,6892,1,1,4,77462
13970,6893,1,35,6,77522
13971,6893,1,47,4,77522
13972,6893,1,79,6,77522
13973,6894,1,140,10,77522
13974,6894,1,36,8,77522
13975,6894,1,347,12,77522
13976,6895,1,14,4,77522
13977,6896,1,60,7,77522
13978,6896,1,138,12,77522
13979,6896,1,1,10,77522
13980,6896,1,408,6,77522
13981,6897,1,45,2,77522
13982,6897,1,239,10,77522
13983,6897,1,54,4,77522
13984,6898,1,32,3,77522
13985,6898,1,227,6,77522
13986,6899,1,312,6,77522
13987,6900,1,15,6,77582
13988,6901,1,92,8,77582
13989,6901,1,167,2,77582
13990,6902,1,415,6,77582
13991,6902,1,46,12,77582
13992,6902,1,1,5,77582
13993,6902,1,11,9,77582
13994,6903,1,42,6,77582
13995,6903,1,0,6,77582
13996,6903,1,67,7,77582
13997,6904,1,1,2,77582
13998,6904,1,315,5,77582
13999,6904,1,10,10,77582
14000,6904,1,158,10,77582
14001,6904,1,0,2,77582
14002,6905,1,18,10,77582
14003,6905,1,42,5,77582
14004,6905,1,47,4,77582
14005,6905,1,122,3,77582
14006,6905,1,25,11,77582
14007,6906,1,23,9,77642
14008,6906,1,491,4,77642
14009,6906,1,22,1,77642
14010,6906,1,167,8,77642
14011,6906,1,322,6,77642
14012,6906,1,41,3,77642
14013,6906,1,128,8,77642
14014,6906,1,243,9,77642
14015,6906,1,5,6,77642
14016,6907,1,48,10,77642
14017,6908,1,64,4,77642
14018,6909,1,435,5,77642
14019,6910,1,192,10,77642
14020,6910,1,4,4,77642
14021,6911,1,0,2,77642
14022,6911,1,68,6,77642
14023,6911,1,54,9,77642
14024,6912,1,454,4,77642
14025,6912,1,99,5,77642
14026,6913,1,233,7,77642
14027,6913,1,248,5,77642
14028,6913,1,6,5,77642
14029,6914,1,13,4,77642
14030,6914,1,1,10,77642
14031,6915,1,469,4,77702
14032,6916,1,36,4,77702
14033,6917,1,89,2,77702
14034,6918,1,68,8,77702
14035,6918,1,9,9,77702
14036,6919,1,13,8,77702
14037,6919,1,16,3,77702
14038,6920,1,1,2,77702
14039,6921,1,190,8,77762
14040,6921,1,387,6,77762
14041,6922,1,21,4,77762
14042,6923,1,216,6,77762
14043,6923,1,3,5,77762
14044,6924,1,44,4,77762
14045,6925,1,209,1,77762
14046,6925,1,195,12,77762
14047,6926,1,74,2,77762
14048,6926,1,4,8,77762
14049,6927,1,138,10,77762
14050,6927,1,41,6,77762
14051,6928,1,97,4,77762
14052,6929,1,6,8,77762
14053,6930,1,338,9,77762
14054,6931,1,416,4,77822
14055,6931,1,336,2,77822
14056,6932,1,27,6,77822
14057,6933,1,427,8,77822
14058,6934,1,38,12,77822
14059,6934,1,25,1,77822
14060,6934,1,39,7,77822
14061,6935,1,156,7,77882
14062,6935,1,109,11,77882
14063,6936,1,0,7,77882
14064,6937,1,14,8,77882
14065,6938,1,188,3,77882
14066,6938,1,9,7,77882
14067,6939,1,184,7,77882
14068,6940,1,24,10,77882
14069,6941,1,29,5,77942
14070,6941,1,0,5,77942
14071,6942,1,16,2,77942
14072,6943,1,38,4,77942
14073,6944,1,139,8,77942
14074,6945,1,368,7,77942
14075,6946,1,66,2,77942
14076,6947,1,39,7,77942
14077,6947,1,348,1,77942
14078,6947,1,38,8,77942
14079,6947,1,164,7,77942
14080,6947,1,42,1,77942
14081,6947,1,7,8,77942
14082,6947,1,47,6,77942
14083,6947,1,81,10,77942
14084,6947,1,18,9,77942
14085,6948,1,266,7,77942
14086,6949,1,35,4,78002
14087,6950,1,150,6,78002
14088,6950,1,390,10,78002
14089,6950,1,13,7,78002
14090,6951,1,9,10,78002
14091,6951,1,367,2,78002
14092,6952,1,36,6,78002
14093,6953,1,12,10,78002
14094,6953,1,43,2,78002
14095,6954,1,125,10,78002
14096,6954,1,1,4,78002
14097,6955,1,108,1,78002
14098,6955,1,16,7,78002
14099,6956,1,283,10,78062
14100,6957,1,29,7,78062
14101,6958,1,1,5,78062
14102,6958,1,12,8,78062
14103,6959,1,192,2,78122
14104,6960,1,106,4,78122
14105,6961,1,236,6,78122
14106,6961,1,10,10,78122
14107,6961,1,0,1,78122
14108,6962,1,197,6,78122
14109,6963,1,30,10,78122
14110,6964,1,406,4,78122
14111,6965,1,384,4,78182
14112,6966,1,17,10,78182
14113,6967,1,89,10,78182
14114,6967,1,314,9,78182
14115,6968,1,20,6,78242
14116,6969,1,5,6,78242
14117,6969,1,4,6,78242
14118,6970,1,88,10,78242
14119,6971,1,42,12,78302
14120,6972,1,15,3,78302
14121,6972,1,19,11,78302
14122,6973,1,123,4,78302
14123,6973,1,5,6,78302
14124,6973,1,29,4,78302
14125,6973,1,233,9,78302
14126,6973,1,84,7,78302
14127,6974,1,498,8,78362
14128,6975,1,243,12,78362
14129,6975,1,3,2,78362
14130,6975,1,17,6,78362
14131,6975,1,233,6,78362
14132,6976,1,6,8,78362
14133,6977,1,492,6,78422
14134,6977,1,157,6,78422
14135,6978,1,20,8,78422
14136,6978,1,77,8,78422
14137,6978,1,93,7,78422
14138,6978,1,115,9,78422
14139,6979,1,19,6,78422
14140,6979,1,161,2,78422
14141,6980,1,95,6,78422
14142,6981,1,43,4,78422
14143,6981,1,5,6,78422
14144,6982,1,22,6,78422
14145,6982,1,14,6,78422
14146,6983,1,91,8,78482
14147,6984,1,211,6,78482
14148,6985,1,109,2,78482
14149,6986,1,235,8,78482
14150,6986,1,89,10,78482
14151,6987,1,12,4,78482
14152,6988,1,472,7,78542
14153,6989,1,31,2,78542
14154,6990,1,304,5,78542
14155,6991,1,18,12,78602
14156,6991,1,34,9,78602
14157,6992,1,42,12,78602
14158,6992,1,0,10,78602
14159,6992,1,24,12,78602
14160,6993,1,391,3,78602
14161,6994,1,20,4,78602
14162,6994,1,119,4,78602
14163,6995,1,161,8,78602
14164,6996,1,390,6,78602
14165,6997,1,47,3,78662
14166,6998,1,390,4,78662
14167,6998,1,42,5,78662
14168,6998,1,183,9,78662
14169,6999,1,17,6,78662
14170,6999,1,180,7,78662
14171,6999,1,20,6,78662
14172,7000,1,10,6,78662
14173,7001,1,28,4,78662
14174,7002,1,0,6,78662
14175,7003,1,1,9,78662
14176,7004,1,23,10,78662
14177,7004,1,294,8,78662
14178,7004,1,70,6,78662
14179,7004,1,24,8,78662
14180,7005,1,12,3,78722
14181,7005,1,16,12,78722
14182,7005,1,176,8,78722
14183,7005,1,24,7,78722
14184,7005,1,89,11,78722
14185,7005,1,359,8,78722
14186,7006,1,101,9,78722
14187,7006,1,131,6,78722
14188,7006,1,44,8,78722
14189,7007,1,220,2,78722
14190,7008,1,15,10,78722
14191,7008,1,197,7,78722
14192,7008,1,10,4,78722
14193,7008,1,27,5,78722
14194,7009,1,88,6,78782
14195,7010,1,109,8,78782
14196,7010,1,193,4,78782
14197,7010,1,19,8,78782
14198,7011,1,33,4,78782
14199,7011,1,370,6,78782
14200,7012,1,105,10,78782
14201,7012,1,52,4,78782
14202,7012,1,46,8,78782
14203,7012,1,0,9,78782
14204,7013,1,367,5,78782
14205,7014,1,388,6,78782
14206,7015,1,15,3,78842
14207,7016,1,155,8,78842
14208,7017,1,1,4,78842
14209,7018,1,52,5,78842
14210,7018,1,257,8,78842
14211,7019,1,60,5,78842
14212,7020,1,92,10,78842
14213,7021,1,46,11,78902
14214,7021,1,37,7,78902
14215,7022,1,98,12,78902
14216,7022,1,87,6,78902
14217,7023,1,45,8,78902
14218,7024,1,371,3,78902
14219,7024,1,17,4,78902
14220,7024,1,80,7,78902
14221,7024,1,268,3,78902
14222,7024,1,10,8,78902
14223,7024,1,211,8,78902
14224,7024,1,457,8,78902
14225,7024,1,9,4,78902
14226,7024,1,68,4,78902
14227,7024,1,222,9,78902
14228,7025,1,17,8,78902
14229,7025,1,60,5,78902
14230,7026,1,420,7,78902
14231,7026,1,113,8,78902
14232,7026,1,40,8,78902
14233,7026,1,326,1,78902
14234,7026,1,213,6,78902
14235,7026,1,6,6,78902
14236,7027,1,46,6,78902
14237,7027,1,42,7,78902
14238,7027,1,15,6,78902
14239,7027,1,176,6,78902
14240,7028,1,3,9,78902
14241,7028,1,55,9,78902
14242,7029,1,81,10,78962
14243,7030,1,44,11,78962
14244,7031,1,0,4,78962
14245,7032,1,362,8,78962
14246,7032,1,42,8,78962
14247,7032,1,0,10,78962
14248,7032,1,430,3,78962
14249,7032,1,97,8,78962
14250,7033,1,319,7,78962
14251,7033,1,8,4,78962
14252,7033,1,50,9,78962
14253,7033,1,38,8,78962
14254,7034,1,4,6,78962
14255,7035,1,6,4,79022
14256,7036,1,362,6,79022
14257,7036,1,25,4,79022
14258,7037,1,36,7,79022
14259,7038,1,4,6,79022
14260,7038,1,108,9,79022
14261,7039,1,428,6,79022
14262,7039,1,34,4,79022
14263,7040,1,156,8,79082
14264,7040,1,2,12,79082
14265,7041,1,124,8,79082
14266,7042,1,11,6,79082
14267,7043,1,40,11,79082
14268,7043,1,381,1,79082
14269,7044,1,89,8,79082
14270,7045,1,158,6,79082
14271,7045,1,36,10,79082
14272,7046,1,143,10,79142
14273,7046,1,474,6,79142
14274,7047,1,76,7,79142
14275,7047,1,264,8,79142
14276,7047,1,113,8,79142
14277,7047,1,102,8,79142
14278,7048,1,36,7,79142
14279,7049,1,204,8,79142
14280,7049,1,101,4,79142
14281,7049,1,31,4,79142
14282,7050,1,377,7,79202
14283,7051,1,16,2,79202
14284,7051,1,37,5,79202
14285,7052,1,455,6,79202
14286,7053,1,76,5,79202
14287,7053,1,17,2,79202
14288,7054,1,91,9,79202
14289,7054,1,35,7,79202
14290,7054,1,43,5,79202
14291,7054,1,102,8,79202
14292,7055,1,326,10,79202
14293,7056,1,476,5,79262
14294,7056,1,0,10,79262
14295,7057,1,35,1,79262
14296,7057,1,120,1,79262
14297,7058,1,32,6,79262
14298,7058,1,37,10,79262
14299,7058,1,102,5,79262
14300,7059,1,205,9,79262
14301,7059,1,479,7,79262
14302,7060,1,116,7,79262
14303,7060,1,108,6,79262
14304,7060,1,11,6,79262
14305,7060,1,337,3,79262
14306,7060,1,33,8,79262
14307,7061,1,14,8,79262
14308,7062,1,19,12,79262
14309,7063,1,126,1,79262
14310,7063,1,58,8,79262
14311,7064,1,249,8,79322
14312,7065,1,23,7,79322
14313,7066,1,45,1,79322
14314,7067,1,9,3,79382
14315,7068,1,49,5,79382
14316,7068,1,30,3,79382
14317,7068,1,25,8,79382
14318,7068,1,217,10,79382
14319,7068,1,339,5,79382
14320,7068,1,18,5,79382
14321,7069,1,11,9,79382
14322,7069,1,118,9,79382
14323,7070,1,342,1,79382
14324,7070,1,328,10,79382
14325,7070,1,185,9,79382
14326,7071,1,23,8,79442
14327,7071,1,35,8,79442
14328,7071,1,45,12,79442
14329,7072,1,24,7,79442
14330,7072,1,187,9,79442
14331,7072,1,320,6,79442
14332,7073,1,1,9,79502
14333,7074,1,26,2,79502
14334,7074,1,260,5,79502
14335,7075,1,3,11,79502
14336,7075,1,27,8,79502
14337,7076,1,312,5,79502
14338,7076,1,2,8,79502
14339,7077,1,103,2,79502
14340,7078,1,6,9,79562
14341,7078,1,22,6,79562
14342,7079,1,70,6,79562
14343,7079,1,239,8,79562
14344,7079,1,92,8,79562
14345,7079,1,26,9,79562
14346,7079,1,152,8,79562
14347,7079,1,10,6,79562
14348,7080,1,8,8,79562
14349,7081,1,34,7,79562
14350,7081,1,348,2,79562
14351,7081,1,370,10,79562
14352,7082,1,6,8,79562
14353,7083,1,180,1,79562
14354,7084,1,213,10,79562
14355,7085,1,18,12,79562
14356,7085,1,21,5,79562
14357,7085,1,7,6,79562
14358,7086,1,166,8,79562
14359,7087,1,457,11,79562
14360,7087,1,36,10,79562
14361,7087,1,7,10,79562
14362,7088,1,282,7,79622
14363,7088,1,0,2,79622
14364,7088,1,84,11,79622
14365,7088,1,118,4,79622
14366,7088,1,2,3,79622
14367,7088,1,14,7,79622
14368,7088,1,49,11,79622
14369,7088,1,12,2,79622
14370,7089,1,129,12,79622
14371,7089,1,49,8,79622
14372,7090,1,144,8,79622
14373,7090,1,34,10,79622
14374,7091,1,186,10,79622
14375,7091,1,452,4,79622
14376,7092,1,376,3,79622
14377,7093,1,8,12,79682
14378,7094,1,45,2,79682
14379,7094,1,25,6,79682
14380,7095,1,144,10,79682
14381,7095,1,23,11,79682
14382,7096,1,55,10,79682
14383,7096,1,9,8,79682
14384,7096,1,1,10,79682
14385,7097,1,360,11,79682
14386,7097,1,49,2,79682
14387,7098,1,78,7,79682
14388,7099,1,205,4,79682
14389,7099,1,361,8,79682
14390,7100,1,315,7,79682
14391,7100,1,15,4,79682
14392,7101,1,0,10,79742
14393,7102,1,19,11,79742
14394,7102,1,21,8,79742
14395,7102,1,24,4,79742
14396,7103,1,6,10,79802
14397,7103,1,12,5,79802
14398,7103,1,86,7,79802
14399,7104,1,411,6,79802
14400,7105,1,2,8,79802
14401,7106,1,87,9,79802
14402,7106,1,47,12,79802
14403,7106,1,116,2,79802
14404,7107,1,10,12,79862
14405,7108,1,47,6,79862
14406,7108,1,16,4,79862
14407,7109,1,93,4,79862
14408,7109,1,30,7,79862
14409,7109,1,27,12,79862
14410,7110,1,169,4,79862
14411,7110,1,70,4,79862
14412,7110,1,266,8,79862
14413,7110,1,34,9,79862
14414,7111,1,172,6,79862
14415,7112,1,17,11,79922
14416,7112,1,258,8,79922
14417,7113,1,2,7,79922
14418,7114,1,108,11,79922
14419,7114,1,264,4,79922
14420,7114,1,34,3,79922
14421,7114,1,17,8,79922
14422,7115,1,54,6,79922
14423,7116,1,392,8,79922
14424,7117,1,15,10,79922
14425,7118,1,356,8,79922
14426,7118,1,33,6,79922
14427,7119,1,8,9,79922
14428,7120,1,169,6,79982
14429,7121,1,135,12,79982
14430,7122,1,42,10,79982
14431,7123,1,2,3,79982
14432,7124,1,13,3,80042
14433,7124,1,397,10,80042
14434,7124,1,307,8,80042
14435,7124,1,311,6,80042
14436,7125,1,343,4,80042
14437,7126,1,22,9,80042
14438,7126,1,1,10,80042
14439,7126,1,0,10,80042
14440,7127,1,95,6,80042
14441,7127,1,35,10,80042
14442,7128,1,438,9,80102
14443,7128,1,49,9,80102
14444,7129,1,1,5,80102
14445,7129,1,9,3,80102
14446,7129,1,25,7,80102
14447,7129,1,40,11,80102
14448,7130,1,13,12,80102
14449,7131,1,118,5,80162
14450,7132,1,24,6,80162
14451,7133,1,81,10,80162
14452,7134,1,33,12,80162
14453,7135,1,82,5,80162
14454,7136,1,93,10,80162
14455,7136,1,11,10,80162
14456,7136,1,87,8,80162
14457,7137,1,4,10,80162
14458,7137,1,168,2,80162
14459,7138,1,89,4,80222
14460,7139,1,16,8,80222
14461,7139,1,4,10,80222
14462,7140,1,30,6,80222
14463,7141,1,109,8,80222
14464,7142,1,169,4,80222
14465,7142,1,183,7,80222
14466,7142,1,15,9,80222
14467,7142,1,61,11,80222
14468,7143,1,5,2,80222
14469,7144,1,13,8,80222
14470,7144,1,65,6,80222
14471,7144,1,1,8,80222
14472,7145,1,86,6,80222
14473,7146,1,103,6,80222
14474,7146,1,22,9,80222
14475,7146,1,15,7,80222
14476,7146,1,391,11,80222
14477,7147,1,201,4,80222
14478,7147,1,110,10,80222
14479,7148,1,155,9,80282
14480,7148,1,116,10,80282
14481,7149,1,22,4,80282
14482,7150,1,42,10,80282
14483,7150,1,219,7,80282
14484,7150,1,79,4,80282
14485,7150,1,207,4,80282
14486,7150,1,426,10,80282
14487,7151,1,57,8,80282
14488,7152,1,49,9,80342
14489,7152,1,14,4,80342
14490,7153,1,45,6,80342
14491,7154,1,19,11,80342
14492,7155,1,297,10,80342
14493,7156,1,2,8,80342
14494,7157,1,14,10,80342
14495,7158,1,5,4,80402
14496,7158,1,18,8,80402
14497,7158,1,58,9,80402
14498,7158,1,233,10,80402
14499,7158,1,0,6,80402
14500,7158,1,230,6,80402
14501,7158,1,2,7,80402
14502,7158,1,28,5,80402
14503,7158,1,43,8,80402
14504,7159,1,131,6,80402
14505,7159,1,440,8,80402
14506,7159,1,49,9,80402
14507,7159,1,2,2,80402
14508,7160,1,8,6,80402
14509,7161,1,188,6,80402
14510,7161,1,287,4,80402
14511,7162,1,87,9,80402
14512,7162,1,111,8,80402
14513,7163,1,0,7,80462
14514,7164,1,77,11,80462
14515,7164,1,38,6,80462
14516,7165,1,47,11,80522
14517,7166,1,55,8,80522
14518,7166,1,9,8,80522
14519,7166,1,47,12,80522
14520,7167,1,23,4,80642
14521,7167,1,278,4,80642
14522,7168,1,118,5,80642
14523,7168,1,394,6,80642
14524,7169,1,448,6,80642
14525,7169,1,35,11,80642
14526,7170,1,3,8,80642
14527,7171,1,178,7,80642
14528,7171,1,115,2,80642
14529,7172,1,2,6,80642
14530,7173,1,3,3,80642
14531,7173,1,16,5,80642
14532,7173,1,37,9,80642
14533,7173,1,249,12,80642
14534,7174,1,157,10,80642
14535,7174,1,193,11,80642
14536,7175,1,11,3,80642
14537,7175,1,34,5,80642
14538,7175,1,52,12,80642
14539,7175,1,314,5,80642
14540,7176,1,10,6,80702
14541,7177,1,279,6,80702
14542,7178,1,60,2,80702
14543,7178,1,107,6,80702
14544,7178,1,28,6,80702
14545,7178,1,73,5,80702
14546,7179,1,336,6,80702
14547,7180,1,37,4,80702
14548,7181,1,133,10,80702
14549,7181,1,94,9,80702
14550,7181,1,18,4,80702
14551,7181,1,11,3,80702
14552,7181,1,440,5,80702
14553,7182,1,27,1,80702
14554,7182,1,38,3,80702
14555,7183,1,74,7,80702
14556,7183,1,14,9,80702
14557,7184,1,32,10,80702
14558,7185,1,33,5,80702
14559,7185,1,19,6,80702
14560,7185,1,179,9,80702
14561,7185,1,183,11,80702
14562,7185,1,8,10,80702
14563,7185,1,62,8,80702
14564,7185,1,1,6,80702
14565,7186,1,132,10,80702
14566,7187,1,130,6,80762
14567,7188,1,22,4,80762
14568,7189,1,303,8,80762
14569,7189,1,128,4,80762
14570,7189,1,35,9,80762
14571,7190,1,27,4,80822
14572,7191,1,82,7,80822
14573,7192,1,196,6,80822
14574,7193,1,89,10,80822
14575,7194,1,139,10,80822
14576,7195,1,26,7,80822
14577,7195,1,9,2,80822
14578,7195,1,95,11,80822
14579,7196,1,25,7,80822
14580,7197,1,22,8,80822
14581,7197,1,12,4,80822
14582,7198,1,270,9,80822
14583,7199,1,115,12,80822
14584,7199,1,20,2,80822
14585,7200,1,74,10,80822
14586,7200,1,49,5,80822
14587,7200,1,184,6,80822
14588,7200,1,16,2,80822
14589,7200,1,47,8,80822
14590,7201,1,446,8,80822
14591,7202,1,187,6,80822
14592,7203,1,6,2,80882
14593,7204,1,2,9,80882
14594,7204,1,4,9,80882
14595,7205,1,144,5,80882
14596,7206,1,99,2,80882
14597,7207,1,44,7,80942
14598,7207,1,9,9,80942
14599,7207,1,238,5,80942
14600,7207,1,306,11,80942
14601,7208,1,378,10,80942
14602,7209,1,54,4,80942
14603,7210,1,44,7,80942
14604,7211,1,423,6,81002
14605,7211,1,47,8,81002
14606,7211,1,186,4,81002
14607,7211,1,105,2,81002
14608,7211,1,0,10,81002
14609,7211,1,479,6,81002
14610,7211,1,1,6,81002
14611,7212,1,303,3,81002
14612,7213,1,62,8,81002
14613,7213,1,238,3,81002
14614,7214,1,33,8,81002
14615,7215,1,124,4,81062
14616,7215,1,172,3,81062
14617,7216,1,45,1,81062
14618,7216,1,2,5,81062
14619,7216,1,177,4,81062
14620,7216,1,46,5,81062
14621,7216,1,137,1,81062
14622,7216,1,209,2,81062
14623,7216,1,12,12,81062
14624,7217,1,137,7,81062
14625,7218,1,24,10,81062
14626,7219,1,327,6,81062
14627,7219,1,186,6,81062
14628,7219,1,360,12,81062
14629,7220,1,3,2,81062
14630,7221,1,334,5,81062
14631,7222,1,261,5,81062
14632,7222,1,4,10,81062
14633,7223,1,44,10,81122
14634,7223,1,4,5,81122
14635,7224,1,6,9,81122
14636,7225,1,38,2,81122
14637,7226,1,56,5,81122
14638,7227,1,12,8,81182
14639,7227,1,162,9,81182
14640,7227,1,29,4,81182
14641,7227,1,13,10,81182
14642,7228,1,294,4,81182
14643,7228,1,430,4,81182
14644,7228,1,497,11,81182
14645,7228,1,67,8,81182
14646,7229,1,79,1,81182
14647,7230,1,177,12,81182
14648,7230,1,0,7,81182
14649,7230,1,8,10,81182
14650,7231,1,73,10,81182
14651,7232,1,35,4,81182
14652,7233,1,1,6,81242
14653,7233,1,36,5,81242
14654,7233,1,25,6,81242
14655,7234,1,44,3,81242
14656,7234,1,213,6,81242
14657,7234,1,207,8,81242
14658,7234,1,6,10,81242
14659,7234,1,82,2,81242
14660,7235,1,2,4,81242
14661,7235,1,37,4,81242
14662,7236,1,153,2,81242
14663,7237,1,17,8,81242
14664,7237,1,363,2,81242
14665,7238,1,54,6,81242
14666,7239,1,247,12,81302
14667,7239,1,372,12,81302
14668,7239,1,303,1,81302
14669,7240,1,419,6,81302
14670,7241,1,56,6,81302
14671,7242,1,2,1,81302
14672,7242,1,5,10,81302
14673,7243,1,8,12,81302
14674,7243,1,190,9,81302
14675,7244,1,43,8,81302
14676,7244,1,38,5,81302
14677,7244,1,232,6,81302
14678,7244,1,120,8,81302
14679,7244,1,8,8,81302
14680,7245,1,6,4,81362
14681,7245,1,27,6,81362
14682,7245,1,32,4,81362
14683,7246,1,40,6,81362
14684,7246,1,293,6,81362
14685,7246,1,5,6,81362
14686,7246,1,69,12,81362
14687,7247,1,328,4,81362
14688,7247,1,5,8,81362
14689,7247,1,40,5,81362
14690,7247,1,1,4,81362
14691,7248,1,39,8,81362
14692,7248,1,37,6,81362
14693,7248,1,147,7,81362
14694,7248,1,214,1,81362
14695,7249,1,296,12,81422
14696,7249,1,109,8,81422
14697,7250,1,330,7,81422
14698,7251,1,407,4,81422
14699,7251,1,6,7,81422
14700,7252,1,100,3,81482
14701,7252,1,152,5,81482
14702,7252,1,76,3,81482
14703,7252,1,54,2,81482
14704,7253,1,63,7,81482
14705,7254,1,268,10,81482
14706,7255,1,108,12,81482
14707,7255,1,90,10,81482
14708,7255,1,21,3,81482
14709,7255,1,15,4,81482
14710,7255,1,12,4,81482
14711,7255,1,8,10,81482
14712,7256,1,18,4,81482
14713,7256,1,53,6,81482
14714,7256,1,97,6,81482
14715,7256,1,5,8,81482
14716,7256,1,143,8,81482
14717,7256,1,49,12,81482
14718,7257,1,491,3,81542
14719,7258,1,32,6,81542
14720,7258,1,31,11,81542
14721,7259,1,27,9,81542
14722,7260,1,176,8,81542
14723,7261,1,189,12,81542
14724,7261,1,35,9,81542
14725,7261,1,133,7,81542
14726,7261,1,157,8,81542
14727,7262,1,18,4,81602
14728,7263,1,39,8,81602
14729,7264,1,28,5,81602
14730,7264,1,60,8,81602
14731,7265,1,4,6,81602
14732,7266,1,20,2,81662
14733,7266,1,157,4,81662
14734,7266,1,161,10,81662
14735,7266,1,47,12,81662
14736,7266,1,39,8,81662
14737,7267,1,482,9,81662
14738,7267,1,0,1,81662
14739,7267,1,96,6,81662
14740,7268,1,222,4,81662
14741,7268,1,82,2,81662
14742,7269,1,8,6,81662
14743,7270,1,38,7,81662
14744,7271,1,83,6,81662
14745,7271,1,43,7,81662
14746,7271,1,158,9,81662
14747,7272,1,118,12,81662
14748,7272,1,3,4,81662
14749,7273,1,342,12,81722
14750,7273,1,23,8,81722
14751,7273,1,49,2,81722
14752,7274,1,159,8,81722
14753,7274,1,46,8,81722
14754,7275,1,42,9,81722
14755,7275,1,19,4,81722
14756,7276,1,22,4,81722
14757,7276,1,302,8,81722
14758,7276,1,3,1,81722
14759,7276,1,1,8,81722
14760,7276,1,10,7,81722
14761,7276,1,2,3,81722
14762,7276,1,333,12,81722
14763,7276,1,102,10,81722
14764,7277,1,142,8,81722
14765,7278,1,101,12,81722
14766,7279,1,56,9,81782
14767,7279,1,53,11,81782
14768,7280,1,2,8,81782
14769,7280,1,20,8,81782
14770,7281,1,41,5,81782
14771,7282,1,346,7,81782
14772,7283,1,282,8,81842
14773,7284,1,307,6,81842
14774,7284,1,45,6,81842
14775,7284,1,16,4,81842
14776,7284,1,1,10,81842
14777,7285,1,67,11,81842
14778,7285,1,65,11,81842
14779,7286,1,255,4,81842
14780,7287,1,31,10,81902
14781,7287,1,39,10,81902
14782,7288,1,70,3,81902
14783,7289,1,15,3,81902
14784,7290,1,27,9,81902
14785,7291,1,369,3,81902
14786,7291,1,238,6,81902
14787,7291,1,417,5,81902
14788,7292,1,22,6,81902
14789,7293,1,14,9,81902
14790,7293,1,68,8,81902
14791,7293,1,277,4,81902
14792,7294,1,200,6,81962
14793,7294,1,47,5,81962
14794,7295,1,3,2,81962
14795,7296,1,39,11,81962
14796,7296,1,0,12,81962
14797,7297,1,45,9,81962
14798,7297,1,76,2,81962
14799,7298,1,318,10,81962
14800,7299,1,7,6,82022
14801,7300,1,175,6,82082
14802,7301,1,144,6,82082
14803,7301,1,65,4,82082
14804,7302,1,94,7,82142
14805,7303,1,137,4,82142
14806,7303,1,19,8,82142
14807,7303,1,183,8,82142
14808,7304,1,103,6,82142
14809,7304,1,1,4,82142
14810,7304,1,20,8,82142
14811,7304,1,29,8,82142
14812,7305,1,215,7,82142
14813,7306,1,117,4,82202
14814,7307,1,8,6,82202
14815,7308,1,180,8,82202
14816,7308,1,478,8,82202
14817,7309,1,0,11,82202
14818,7309,1,188,2,82202
14819,7310,1,140,4,82202
14820,7310,1,49,12,82202
14821,7310,1,47,9,82202
14822,7310,1,71,6,82202
14823,7311,1,337,4,82202
14824,7311,1,48,10,82202
14825,7311,1,150,10,82202
14826,7311,1,11,12,82202
14827,7312,1,245,8,82202
14828,7312,1,26,5,82202
14829,7313,1,433,9,82202
14830,7313,1,22,12,82202
14831,7313,1,123,8,82202
14832,7314,1,147,4,82262
14833,7315,1,174,7,82262
14834,7316,1,25,1,82262
14835,7317,1,132,11,82322
14836,7317,1,335,6,82322
14837,7318,1,18,5,82322
14838,7318,1,234,8,82322
14839,7319,1,234,9,82322
14840,7320,1,13,6,82382
14841,7321,1,254,6,82382
14842,7321,1,296,9,82382
14843,7322,1,4,10,82382
14844,7322,1,282,6,82382
14845,7323,1,9,8,82382
14846,7324,1,21,6,82382
14847,7324,1,2,6,82382
14848,7325,1,119,10,82442
14849,7326,1,370,3,82442
14850,7326,1,468,3,82442
14851,7326,1,36,9,82442
14852,7327,1,475,9,82442
14853,7327,1,292,2,82442
14854,7327,1,20,6,82442
14855,7328,1,6,8,82442
14856,7328,1,24,6,82442
14857,7328,1,290,2,82442
14858,7329,1,33,9,82442
14859,7330,1,137,11,82442
14860,7330,1,98,8,82442
14861,7330,1,8,7,82442
14862,7331,1,98,8,82442
14863,7331,1,83,6,82442
14864,7331,1,2,8,82442
14865,7332,1,237,7,82442
14866,7333,1,443,5,82442
14867,7333,1,36,5,82442
14868,7334,1,210,8,82502
14869,7335,1,30,4,82502
14870,7335,1,296,6,82502
14871,7336,1,40,2,82502
14872,7337,1,34,2,82562
14873,7337,1,4,3,82562
14874,7338,1,0,10,82562
14875,7339,1,22,9,82562
14876,7340,1,3,8,82562
14877,7340,1,0,8,82562
14878,7340,1,14,9,82562
14879,7341,1,306,11,82562
14880,7342,1,49,6,82562
14881,7342,1,10,5,82562
14882,7342,1,2,8,82562
14883,7343,1,2,3,82622
14884,7344,1,97,10,82622
14885,7345,1,29,7,82622
14886,7345,1,0,4,82622
14887,7346,1,46,6,82622
14888,7347,1,410,6,82682
14889,7347,1,5,8,82682
14890,7347,1,165,7,82682
14891,7347,1,0,8,82682
14892,7347,1,78,6,82682
14893,7347,1,28,8,82682
14894,7348,1,13,6,82682
14895,7348,1,39,2,82682
14896,7348,1,37,6,82682
14897,7348,1,172,2,82682
14898,7349,1,13,6,82682
14899,7350,1,192,7,82682
14900,7350,1,148,9,82682
14901,7351,1,6,5,82682
14902,7351,1,28,6,82682
14903,7351,1,60,4,82682
14904,7351,1,333,10,82682
14905,7352,1,22,8,82682
14906,7353,1,87,2,82682
14907,7353,1,210,6,82682
14908,7354,1,36,6,82682
14909,7355,1,20,6,82742
14910,7355,1,180,4,82742
14911,7355,1,246,5,82742
14912,7356,1,10,8,82742
14913,7357,1,5,4,82742
14914,7357,1,28,6,82742
14915,7357,1,13,4,82742
14916,7358,1,378,8,82742
14917,7358,1,94,6,82742
14918,7358,1,100,1,82742
14919,7358,1,409,4,82742
14920,7359,1,403,2,82742
14921,7360,1,0,5,82742
14922,7360,1,107,9,82742
14923,7360,1,41,4,82742
14924,7360,1,66,10,82742
14925,7361,1,26,8,82742
14926,7362,1,16,8,82802
14927,7363,1,132,5,82802
14928,7363,1,151,9,82802
14929,7364,1,20,3,82802
14930,7365,1,34,2,82802
14931,7365,1,161,6,82802
14932,7365,1,24,5,82802
14933,7366,1,101,6,82802
14934,7366,1,143,12,82802
14935,7366,1,140,4,82802
14936,7366,1,95,4,82802
14937,7367,1,231,10,82802
14938,7367,1,4,5,82802
14939,7368,1,48,10,82802
14940,7368,1,98,8,82802
14941,7369,1,379,6,82802
14942,7370,1,49,2,82862
14943,7370,1,1,2,82862
14944,7370,1,239,7,82862
14945,7371,1,15,7,82862
14946,7372,1,489,11,82862
14947,7372,1,0,10,82862
14948,7372,1,329,10,82862
14949,7373,1,164,9,82862
14950,7374,1,48,4,82862
14951,7374,1,379,7,82862
14952,7375,1,193,6,82862
14953,7376,1,3,1,82922
14954,7377,1,9,3,82922
14955,7377,1,40,5,82922
14956,7378,1,75,10,82982
14957,7378,1,299,4,82982
14958,7379,1,5,6,82982
14959,7380,1,70,4,82982
14960,7381,1,32,9,82982
14961,7381,1,52,7,82982
14962,7381,1,28,3,82982
14963,7382,1,8,3,82982
14964,7383,1,56,10,82982
14965,7384,1,185,4,83042
14966,7385,1,3,7,83042
14967,7385,1,403,6,83042
14968,7386,1,229,5,83042
14969,7386,1,93,2,83042
14970,7386,1,123,4,83042
14971,7386,1,96,5,83042
14972,7387,1,19,6,83102
14973,7388,1,88,8,83102
14974,7389,1,94,6,83102
14975,7389,1,68,7,83102
14976,7390,1,8,8,83102
14977,7390,1,0,9,83102
14978,7390,1,36,4,83102
14979,7391,1,373,7,83102
14980,7391,1,21,1,83102
14981,7391,1,3,11,83102
14982,7392,1,255,8,83102
14983,7392,1,22,8,83102
14984,7393,1,147,11,83162
14985,7393,1,19,4,83162
14986,7394,1,176,12,83162
14987,7394,1,330,6,83162
14988,7395,1,32,5,83162
14989,7395,1,1,7,83162
14990,7396,1,9,6,83162
14991,7396,1,13,10,83162
14992,7397,1,1,10,83222
14993,7397,1,16,8,83222
14994,7398,1,12,4,83222
14995,7398,1,140,9,83222
14996,7399,1,292,3,83222
14997,7400,1,315,8,83222
14998,7401,1,42,9,83222
14999,7402,1,55,8,83222
15000,7403,1,200,2,83222
15001,7403,1,1,6,83222
15002,7404,1,217,5,83222
15003,7405,1,0,11,83282
15004,7405,1,1,11,83282
15005,7406,1,323,2,83282
15006,7407,1,327,10,83282
15007,7408,1,464,8,83282
15008,7409,1,19,9,83282
15009,7409,1,1,5,83282
15010,7409,1,12,10,83282
15011,7409,1,45,4,83282
15012,7409,1,272,11,83282
15013,7409,1,143,7,83282
15014,7409,1,43,4,83282
15015,7409,1,14,6,83282
15016,7410,1,46,5,83282
15017,7411,1,34,3,83282
15018,7412,1,47,8,83282
15019,7412,1,25,2,83282
15020,7412,1,303,7,83282
15021,7412,1,258,4,83282
15022,7413,1,20,2,83342
15023,7413,1,189,5,83342
15024,7414,1,160,8,83342
15025,7414,1,11,9,83342
15026,7415,1,66,6,83342
15027,7416,1,46,5,83342
15028,7416,1,6,10,83342
15029,7416,1,58,9,83342
15030,7417,1,2,11,83342
15031,7418,1,48,10,83342
15032,7419,1,22,7,83342
15033,7420,1,13,7,83342
15034,7420,1,81,10,83342
15035,7420,1,246,9,83342
15036,7420,1,108,10,83342
15037,7421,1,270,4,83342
15038,7422,1,0,8,83402
15039,7423,1,341,10,83402
15040,7424,1,234,4,83402
15041,7425,1,46,8,83402
15042,7425,1,6,8,83402
15043,7426,1,12,12,83402
15044,7427,1,140,3,83462
15045,7427,1,33,6,83462
15046,7428,1,4,6,83462
15047,7428,1,82,10,83462
15048,7429,1,22,7,83462
15049,7430,1,0,2,83462
15050,7431,1,452,4,83462
15051,7431,1,286,4,83462
15052,7432,1,11,7,83462
15053,7433,1,22,3,83522
15054,7433,1,167,10,83522
15055,7433,1,348,3,83522
15056,7433,1,19,10,83522
15057,7434,1,10,9,83582
15058,7434,1,46,6,83582
15059,7434,1,21,8,83582
15060,7434,1,22,6,83582
15061,7434,1,8,8,83582
15062,7434,1,49,3,83582
15063,7434,1,14,4,83582
15064,7435,1,94,6,83582
15065,7436,1,132,12,83582
15066,7437,1,180,5,83642
15067,7438,1,146,8,83642
15068,7438,1,164,4,83642
15069,7439,1,20,9,83642
15070,7439,1,167,6,83642
15071,7440,1,57,8,83642
15072,7440,1,323,8,83642
15073,7440,1,9,9,83642
15074,7440,1,20,1,83642
15075,7440,1,249,4,83642
15076,7440,1,99,6,83642
15077,7441,1,131,2,83642
15078,7442,1,202,4,83702
15079,7442,1,0,10,83702
15080,7443,1,8,6,83702
15081,7444,1,39,2,83702
15082,7445,1,239,6,83702
15083,7445,1,13,9,83702
15084,7446,1,26,7,83762
15085,7446,1,16,8,83762
15086,7447,1,126,7,83762
15087,7448,1,254,6,83762
15088,7448,1,108,5,83762
15089,7448,1,77,4,83762
15090,7449,1,142,3,83762
15091,7450,1,148,6,83762
15092,7451,1,100,7,83762
15093,7452,1,71,9,83762
15094,7452,1,247,6,83762
15095,7452,1,30,2,83762
15096,7453,1,1,12,83822
15097,7454,1,1,3,83822
15098,7454,1,152,6,83822
15099,7455,1,116,10,83822
15100,7455,1,98,4,83822
15101,7456,1,33,2,83822
15102,7456,1,177,6,83822
15103,7456,1,62,8,83822
15104,7456,1,149,10,83822
15105,7456,1,333,5,83822
15106,7456,1,1,7,83822
15107,7456,1,246,7,83822
15108,7457,1,82,8,83822
15109,7457,1,452,2,83822
15110,7457,1,23,8,83822
15111,7457,1,54,8,83822
15112,7457,1,239,4,83822
15113,7457,1,55,6,83822
15114,7457,1,410,4,83822
15115,7458,1,28,6,83882
15116,7459,1,3,11,83882
15117,7460,1,2,4,83882
15118,7461,1,59,6,83882
15119,7462,1,250,10,83882
15120,7462,1,36,12,83882
15121,7463,1,14,10,83882
15122,7464,1,104,6,83882
15123,7465,1,102,10,83882
15124,7465,1,59,10,83882
15125,7466,1,10,10,83942
15126,7466,1,17,4,83942
15127,7467,1,29,6,83942
15128,7467,1,79,7,83942
15129,7467,1,8,6,83942
15130,7468,1,99,12,83942
15131,7468,1,188,7,83942
15132,7469,1,48,10,83942
15133,7469,1,1,7,83942
15134,7470,1,284,7,83942
15135,7471,1,67,7,84002
15136,7471,1,121,12,84002
15137,7471,1,168,2,84002
15138,7472,1,1,2,84002
15139,7473,1,53,6,84002
15140,7474,1,194,2,84002
15141,7474,1,410,8,84002
15142,7474,1,474,11,84002
15143,7475,1,301,5,84062
15144,7476,1,10,9,84062
15145,7477,1,53,4,84062
15146,7477,1,117,5,84062
15147,7478,1,86,6,84062
15148,7479,1,50,6,84122
15149,7479,1,195,2,84122
15150,7480,1,261,11,84122
15151,7481,1,18,8,84122
15152,7482,1,1,8,84122
15153,7482,1,297,1,84122
15154,7483,1,260,7,84182
15155,7483,1,86,9,84182
15156,7483,1,7,2,84182
15157,7483,1,365,6,84182
15158,7483,1,50,2,84182
15159,7483,1,39,10,84182
15160,7483,1,4,6,84182
15161,7483,1,37,8,84182
15162,7484,1,4,7,84182
15163,7484,1,41,6,84182
15164,7484,1,3,5,84182
15165,7485,1,2,6,84182
15166,7486,1,94,4,84182
15167,7486,1,65,10,84182
15168,7486,1,12,3,84182
15169,7487,1,47,1,84182
15170,7488,1,100,8,84242
15171,7489,1,307,8,84242
15172,7489,1,47,5,84242
15173,7490,1,3,3,84242
15174,7491,1,60,7,84242
15175,7491,1,341,6,84242
15176,7491,1,324,6,84242
15177,7491,1,58,5,84242
15178,7491,1,326,4,84242
15179,7491,1,64,8,84242
15180,7491,1,17,10,84242
15181,7492,1,4,10,84242
15182,7492,1,49,8,84242
15183,7493,1,473,4,84242
15184,7493,1,16,8,84242
15185,7493,1,204,3,84242
15186,7493,1,231,4,84242
15187,7494,1,11,12,84302
15188,7495,1,345,7,84302
15189,7495,1,448,10,84302
15190,7496,1,73,10,84302
15191,7496,1,151,6,84302
15192,7497,1,355,8,84302
15193,7497,1,4,2,84302
15194,7497,1,3,1,84302
15195,7498,1,167,6,84302
15196,7498,1,101,6,84302
15197,7499,1,8,10,84302
15198,7499,1,129,9,84302
15199,7500,1,444,3,84302
15200,7500,1,5,4,84302
15201,7501,1,0,4,84302
15202,7501,1,1,8,84302
15203,7501,1,267,10,84302
15204,7501,1,4,6,84302
15205,7502,1,105,6,84362
15206,7502,1,1,7,84362
15207,7502,1,49,6,84362
15208,7503,1,325,10,84362
15209,7503,1,9,2,84362
15210,7504,1,8,7,84362
15211,7505,1,165,7,84422
15212,7505,1,93,11,84422
15213,7506,1,20,6,84422
15214,7506,1,11,7,84422
15215,7507,1,8,3,84482
15216,7507,1,3,10,84482
15217,7507,1,23,11,84482
15218,7508,1,307,3,84482
15219,7509,1,152,2,84482
15220,7510,1,170,3,84542
15221,7510,1,165,4,84542
15222,7510,1,60,10,84542
15223,7511,1,141,8,84542
15224,7512,1,1,4,84542
15225,7512,1,42,4,84542
15226,7513,1,353,4,84542
15227,7514,1,34,4,84542
15228,7515,1,83,9,84542
15229,7515,1,186,4,84542
15230,7515,1,135,5,84542
15231,7516,1,223,8,84542
15232,7517,1,15,4,84542
15233,7518,1,1,8,84542
15234,7519,1,9,6,84542
15235,7520,1,1,7,84542
15236,7521,1,28,7,84542
15237,7521,1,42,8,84542
15238,7521,1,136,10,84542
15239,7522,1,111,5,84542
15240,7522,1,332,8,84542
15241,7523,1,469,2,84542
15242,7523,1,13,1,84542
15243,7523,1,68,10,84542
15244,7523,1,16,7,84542
15245,7524,1,12,8,84602
15246,7524,1,26,6,84602
15247,7525,1,1,7,84602
15248,7526,1,360,7,84602
15249,7526,1,344,8,84602
15250,7527,1,78,7,84602
15251,7528,1,14,4,84662
15252,7528,1,40,11,84662
15253,7529,1,102,8,84662
15254,7529,1,38,5,84662
15255,7530,1,11,6,84662
15256,7531,1,390,5,84662
15257,7532,1,14,10,84662
15258,7532,1,146,8,84662
15259,7533,1,67,1,84662
15260,7534,1,26,12,84722
15261,7534,1,183,4,84722
15262,7534,1,32,8,84722
15263,7535,1,0,4,84722
15264,7536,1,374,6,84722
15265,7536,1,45,6,84722
15266,7536,1,370,7,84722
15267,7537,1,9,6,84722
15268,7538,1,5,4,84782
15269,7539,1,494,5,84782
15270,7540,1,16,8,84782
15271,7541,1,191,12,84842
15272,7542,1,494,2,84842
15273,7543,1,0,1,84842
15274,7543,1,89,7,84842
15275,7544,1,358,6,84842
15276,7545,1,305,10,84842
15277,7546,1,78,6,84842
15278,7547,1,57,3,84842
15279,7547,1,223,2,84842
15280,7547,1,6,10,84842
15281,7548,1,12,8,84842
15282,7548,1,23,8,84842
15283,7549,1,66,6,84902
15284,7550,1,20,8,84902
15285,7551,1,37,6,84902
15286,7551,1,215,6,84902
15287,7551,1,28,2,84902
15288,7551,1,24,4,84902
15289,7551,1,398,8,84902
15290,7551,1,465,4,84902
15291,7552,1,179,8,84902
15292,7552,1,5,4,84902
15293,7552,1,116,8,84902
15294,7553,1,275,12,84902
15295,7554,1,35,8,84902
15296,7555,1,483,7,84902
15297,7555,1,13,10,84902
15298,7556,1,422,6,84902
15299,7556,1,57,9,84902
15300,7557,1,48,7,84902
15301,7558,1,260,10,84962
15302,7559,1,73,6,84962
15303,7559,1,49,4,84962
15304,7559,1,35,6,84962
15305,7559,1,208,10,84962
15306,7559,1,0,9,84962
15307,7560,1,6,10,84962
15308,7561,1,449,4,84962
15309,7561,1,446,2,84962
15310,7561,1,2,4,84962
15311,7562,1,12,4,85022
15312,7563,1,321,7,85022
15313,7563,1,165,10,85022
15314,7563,1,14,3,85022
15315,7563,1,343,5,85022
15316,7564,1,116,3,85022
15317,7565,1,461,7,85022
15318,7565,1,0,7,85022
15319,7566,1,313,8,85022
15320,7567,1,18,10,85022
15321,7567,1,21,4,85022
15322,7567,1,29,10,85022
15323,7568,1,174,6,85082
15324,7568,1,4,8,85082
15325,7568,1,79,5,85082
15326,7568,1,194,8,85082
15327,7569,1,28,2,85082
15328,7570,1,93,6,85082
15329,7570,1,61,9,85082
15330,7570,1,139,8,85082
15331,7570,1,136,4,85082
15332,7570,1,48,6,85082
15333,7570,1,0,12,85082
15334,7570,1,31,7,85082
15335,7571,1,495,10,85142
15336,7571,1,171,11,85142
15337,7571,1,373,6,85142
15338,7571,1,174,6,85142
15339,7571,1,60,4,85142
15340,7572,1,32,2,85142
15341,7572,1,1,4,85142
15342,7572,1,17,9,85142
15343,7573,1,32,10,85142
15344,7574,1,1,5,85142
15345,7574,1,3,10,85142
15346,7575,1,314,10,85202
15347,7575,1,72,8,85202
15348,7575,1,2,3,85202
15349,7575,1,1,8,85202
15350,7576,1,156,10,85202
15351,7576,1,15,4,85202
15352,7577,1,50,8,85202
15353,7577,1,0,2,85202
15354,7577,1,49,12,85202
15355,7578,1,42,11,85202
15356,7579,1,42,6,85202
15357,7580,1,475,6,85202
15358,7580,1,38,12,85202
15359,7581,1,200,3,85202
15360,7582,1,101,9,85202
15361,7583,1,26,12,85262
15362,7583,1,3,5,85262
15363,7584,1,4,5,85262
15364,7584,1,7,11,85262
15365,7585,1,138,6,85262
15366,7586,1,242,12,85262
15367,7587,1,93,6,85262
15368,7588,1,311,7,85262
15369,7588,1,4,7,85262
15370,7589,1,264,5,85322
15371,7590,1,5,10,85322
15372,7591,1,328,10,85322
15373,7592,1,5,8,85322
15374,7592,1,132,12,85322
15375,7592,1,72,12,85322
15376,7593,1,38,8,85382
15377,7593,1,45,5,85382
15378,7594,1,115,5,85382
15379,7594,1,16,11,85382
15380,7595,1,13,4,85382
15381,7595,1,43,7,85382
15382,7596,1,267,12,85382
15383,7597,1,79,5,85382
15384,7597,1,188,5,85382
15385,7598,1,422,4,85442
15386,7599,1,322,1,85442
15387,7600,1,261,10,85442
15388,7600,1,5,6,85442
15389,7601,1,124,6,85442
15390,7602,1,233,10,85442
15391,7602,1,499,6,85442
15392,7602,1,45,10,85442
15393,7602,1,367,8,85442
15394,7603,1,122,8,85442
15395,7603,1,293,2,85442
15396,7603,1,69,10,85442
15397,7603,1,145,5,85442
15398,7604,1,132,3,85442
15399,7605,1,31,10,85502
15400,7606,1,1,8,85502
15401,7607,1,0,10,85502
15402,7607,1,96,4,85502
15403,7607,1,6,4,85502
15404,7607,1,1,8,85502
15405,7608,1,29,1,85502
15406,7609,1,282,5,85562
15407,7610,1,94,1,85562
15408,7611,1,120,4,85562
15409,7612,1,6,11,85622
15410,7613,1,82,4,85622
15411,7614,1,22,6,85622
15412,7615,1,11,2,85622
15413,7616,1,34,10,85622
15414,7617,1,48,6,85622
15415,7617,1,18,6,85622
15416,7617,1,97,8,85622
15417,7617,1,179,8,85622
15418,7617,1,172,8,85622
15419,7617,1,214,10,85622
15420,7618,1,7,8,85622
15421,7619,1,1,6,85622
15422,7619,1,290,8,85622
15423,7619,1,29,9,85622
15424,7620,1,273,4,85622
15425,7621,1,49,9,85622
15426,7621,1,16,4,85622
15427,7622,1,57,5,85622
15428,7623,1,82,10,85682
15429,7623,1,11,4,85682
15430,7623,1,40,2,85682
15431,7623,1,293,7,85682
15432,7623,1,225,12,85682
15433,7624,1,2,6,85682
15434,7625,1,3,8,85682
15435,7625,1,136,4,85682
15436,7625,1,7,10,85682
15437,7626,1,43,6,85682
15438,7627,1,4,12,85742
15439,7627,1,7,4,85742
15440,7627,1,271,10,85742
15441,7627,1,32,4,85742
15442,7627,1,67,5,85742
15443,7628,1,326,6,85742
15444,7629,1,25,9,85742
15445,7629,1,0,6,85742
15446,7629,1,1,7,85742
15447,7630,1,57,6,85742
15448,7631,1,164,8,85742
15449,7631,1,211,5,85742
15450,7632,1,23,6,85802
15451,7632,1,6,6,85802
15452,7633,1,366,9,85802
15453,7633,1,42,2,85802
15454,7634,1,9,10,85802
15455,7634,1,34,6,85802
15456,7634,1,50,12,85802
15457,7635,1,48,8,85802
15458,7636,1,385,10,85862
15459,7636,1,44,5,85862
15460,7636,1,29,8,85862
15461,7637,1,6,4,85862
15462,7637,1,231,11,85862
15463,7637,1,1,10,85862
15464,7638,1,94,5,85862
15465,7639,1,50,8,85862
15466,7639,1,69,2,85862
15467,7640,1,36,1,85922
15468,7641,1,29,8,85922
15469,7642,1,16,3,85982
15470,7642,1,86,2,85982
15471,7642,1,17,4,85982
15472,7642,1,309,6,85982
15473,7643,1,41,9,85982
15474,7643,1,490,10,85982
15475,7643,1,79,2,85982
15476,7643,1,378,8,85982
15477,7644,1,117,4,85982
15478,7645,1,60,10,86042
15479,7646,1,30,8,86042
15480,7646,1,48,6,86042
15481,7647,1,20,2,86042
15482,7648,1,1,12,86042
15483,7649,1,47,10,86102
15484,7649,1,78,4,86102
15485,7649,1,56,4,86102
15486,7649,1,7,10,86102
15487,7650,1,26,6,86102
15488,7650,1,6,6,86102
15489,7650,1,61,6,86102
15490,7650,1,8,4,86102
15491,7651,1,82,12,86102
15492,7651,1,97,7,86102
15493,7651,1,26,4,86102
15494,7652,1,6,8,86102
15495,7652,1,129,5,86102
15496,7653,1,38,4,86102
15497,7654,1,225,6,86102
15498,7654,1,285,9,86102
15499,7654,1,0,4,86102
15500,7654,1,385,12,86102
15501,7654,1,7,3,86102
15502,7654,1,3,4,86102
15503,7655,1,5,4,86102
15504,7656,1,112,4,86102
15505,7656,1,14,10,86102
15506,7657,1,22,8,86162
15507,7657,1,8,3,86162
15508,7658,1,180,6,86162
15509,7659,1,154,8,86162
15510,7659,1,0,8,86162
15511,7660,1,280,8,86162
15512,7660,1,52,5,86162
15513,7660,1,19,4,86162
15514,7660,1,400,6,86162
15515,7660,1,28,2,86162
15516,7661,1,0,9,86162
15517,7662,1,90,4,86162
15518,7662,1,31,5,86162
15519,7662,1,46,7,86162
15520,7662,1,2,1,86162
15521,7662,1,74,4,86162
15522,7662,1,484,3,86162
15523,7662,1,197,9,86162
15524,7662,1,54,8,86162
15525,7663,1,292,2,86162
15526,7664,1,61,8,86222
15527,7665,1,426,10,86222
15528,7666,1,51,7,86222
15529,7666,1,352,10,86222
15530,7667,1,1,8,86222
15531,7667,1,353,5,86222
15532,7667,1,389,5,86222
15533,7668,1,1,8,86222
15534,7668,1,5,7,86222
15535,7668,1,282,8,86222
15536,7668,1,8,10,86222
15537,7669,1,23,10,86222
15538,7670,1,74,4,86222
15539,7670,1,21,4,86222
15540,7671,1,54,6,86222
15541,7671,1,3,9,86222
15542,7672,1,61,4,86282
15543,7673,1,18,4,86282
15544,7674,1,17,3,86282
15545,7674,1,100,7,86282
15546,7675,1,48,9,86282
15547,7675,1,3,8,86282
15548,7676,1,102,5,86282
15549,7676,1,171,9,86282
15550,7676,1,139,4,86282
15551,7676,1,1,10,86282
15552,7677,1,1,6,86282
15553,7678,1,26,6,86282
15554,7678,1,2,5,86282
15555,7679,1,42,10,86282
15556,7680,1,3,9,86342
15557,7680,1,130,6,86342
15558,7680,1,38,10,86342
15559,7680,1,50,12,86342
15560,7681,1,17,6,86342
15561,7682,1,70,5,86342
15562,7683,1,4,5,86342
15563,7683,1,0,9,86342
15564,7683,1,68,4,86342
15565,7683,1,273,10,86342
15566,7684,1,25,11,86342
15567,7685,1,7,6,86342
15568,7686,1,12,8,86402
15569,7687,1,317,5,86402
15570,7688,1,10,11,86402
15571,7689,1,6,5,86402
15572,7689,1,122,6,86402
15573,7689,1,163,8,86402
15574,7690,1,5,6,86522
15575,7691,1,18,2,86522
15576,7692,1,13,7,86522
15577,7693,1,147,7,86522
15578,7693,1,473,8,86522
15579,7694,1,20,1,86522
15580,7694,1,286,8,86522
15581,7695,1,4,7,86522
15582,7696,1,314,8,86582
15583,7697,1,37,1,86582
15584,7697,1,127,9,86582
15585,7698,1,33,8,86582
15586,7698,1,1,10,86582
15587,7698,1,190,6,86582
15588,7698,1,13,4,86582
15589,7698,1,14,10,86582
15590,7698,1,139,6,86582
15591,7699,1,250,8,86642
15592,7699,1,0,12,86642
15593,7699,1,161,6,86642
15594,7699,1,2,4,86642
15595,7700,1,52,6,86642
15596,7700,1,16,8,86642
15597,7700,1,75,10,86642
15598,7701,1,369,4,86642
15599,7701,1,25,6,86642
15600,7702,1,28,2,86642
15601,7702,1,45,6,86642
15602,7703,1,5,4,86642
15603,7704,1,7,5,86702
15604,7705,1,198,8,86702
15605,7706,1,100,8,86702
15606,7706,1,352,6,86702
15607,7707,1,40,10,86702
15608,7707,1,44,6,86702
15609,7708,1,132,9,86762
15610,7708,1,144,10,86762
15611,7708,1,353,4,86762
15612,7708,1,114,4,86762
15613,7709,1,42,6,86762
15614,7709,1,485,6,86762
15615,7710,1,405,8,86762
15616,7711,1,8,8,86762
15617,7712,1,24,4,86762
15618,7712,1,103,8,86762
15619,7713,1,5,9,86822
15620,7714,1,7,10,86822
15621,7714,1,437,4,86822
15622,7714,1,426,4,86822
15623,7715,1,50,2,86822
15624,7715,1,40,6,86822
15625,7715,1,1,8,86822
15626,7715,1,90,11,86822
15627,7715,1,73,8,86822
15628,7716,1,23,3,86882
15629,7717,1,246,10,86942
15630,7717,1,53,9,86942
15631,7717,1,142,7,86942
15632,7717,1,463,8,86942
15633,7717,1,48,12,86942
15634,7718,1,338,8,86942
15635,7719,1,32,8,86942
15636,7719,1,30,12,86942
15637,7720,1,7,6,86942
15638,7721,1,485,5,86942
15639,7721,1,2,4,86942
15640,7722,1,11,10,86942
15641,7723,1,23,8,86942
15642,7723,1,411,6,86942
15643,7723,1,34,10,86942
15644,7724,1,11,10,87002
15645,7725,1,86,7,87002
15646,7726,1,79,3,87062
15647,7727,1,67,12,87062
15648,7727,1,345,10,87062
15649,7728,1,33,6,87062
15650,7729,1,1,5,87062
15651,7729,1,26,4,87062
15652,7729,1,166,5,87062
15653,7729,1,211,2,87062
15654,7730,1,83,6,87062
15655,7731,1,0,1,87122
15656,7731,1,246,8,87122
15657,7732,1,103,1,87122
15658,7732,1,69,6,87122
15659,7732,1,83,3,87122
15660,7732,1,99,8,87122
15661,7732,1,75,8,87122
15662,7732,1,250,4,87122
15663,7732,1,9,6,87122
15664,7733,1,426,6,87122
15665,7734,1,141,8,87122
15666,7735,1,36,6,87122
15667,7735,1,129,4,87122
15668,7735,1,332,5,87122
15669,7736,1,12,8,87122
15670,7736,1,441,9,87122
15671,7736,1,1,4,87122
15672,7737,1,279,2,87122
15673,7737,1,296,12,87122
15674,7738,1,198,8,87122
15675,7738,1,37,9,87122
15676,7738,1,129,11,87122
15677,7739,1,137,2,87182
15678,7739,1,339,8,87182
15679,7739,1,44,5,87182
15680,7740,1,96,11,87182
15681,7741,1,3,6,87182
15682,7741,1,174,8,87182
15683,7742,1,39,10,87182
15684,7743,1,70,6,87242
15685,7744,1,471,4,87242
15686,7744,1,351,9,87242
15687,7744,1,49,6,87242
15688,7744,1,267,12,87242
15689,7744,1,13,5,87242
15690,7745,1,87,5,87242
15691,7746,1,31,5,87242
15692,7747,1,98,6,87242
15693,7747,1,72,12,87242
15694,7747,1,475,10,87242
15695,7747,1,251,8,87242
15696,7748,1,28,2,87242
15697,7748,1,67,10,87242
15698,7749,1,385,5,87242
15699,7749,1,352,6,87242
15700,7749,1,49,1,87242
15701,7750,1,0,8,87302
15702,7751,1,8,10,87302
15703,7752,1,92,5,87362
15704,7752,1,151,6,87362
15705,7752,1,10,4,87362
15706,7753,1,162,6,87362
15707,7753,1,6,6,87362
15708,7753,1,329,5,87362
15709,7754,1,10,10,87362
15710,7755,1,127,4,87362
15711,7755,1,464,12,87362
15712,7755,1,83,3,87362
15713,7756,1,367,6,87362
15714,7756,1,8,5,87362
15715,7757,1,225,12,87422
15716,7758,1,2,4,87482
15717,7758,1,266,6,87482
15718,7759,1,72,8,87482
15719,7759,1,7,4,87482
15720,7759,1,48,5,87482
15721,7760,1,138,9,87482
15722,7760,1,93,8,87482
15723,7761,1,3,3,87482
15724,7762,1,17,9,87482
15725,7762,1,46,8,87482
15726,7763,1,52,6,87482
15727,7763,1,14,9,87482
15728,7764,1,29,5,87482
15729,7765,1,78,8,87482
15730,7765,1,14,3,87482
15731,7765,1,224,8,87482
15732,7766,1,6,8,87482
15733,7767,1,9,8,87482
15734,7767,1,29,7,87482
15735,7768,1,225,10,87542
15736,7768,1,114,4,87542
15737,7769,1,21,8,87542
15738,7769,1,197,8,87542
15739,7769,1,163,6,87542
15740,7770,1,173,1,87542
15741,7770,1,224,4,87542
15742,7770,1,80,1,87542
15743,7770,1,477,11,87542
15744,7770,1,336,4,87542
15745,7770,1,91,3,87542
15746,7770,1,79,6,87542
15747,7771,1,16,8,87542
15748,7772,1,43,6,87542
15749,7772,1,23,8,87542
15750,7772,1,112,5,87542
15751,7773,1,181,11,87542
15752,7773,1,26,2,87542
15753,7774,1,446,3,87542
15754,7774,1,119,8,87542
15755,7774,1,2,8,87542
15756,7774,1,137,6,87542
15757,7775,1,311,7,87542
15758,7776,1,31,2,87542
15759,7776,1,10,8,87542
15760,7776,1,145,9,87542
15761,7776,1,96,6,87542
15762,7777,1,66,8,87602
15763,7777,1,107,7,87602
15764,7778,1,133,8,87602
15765,7779,1,407,2,87602
15766,7780,1,223,8,87602
15767,7781,1,6,6,87602
15768,7781,1,289,8,87602
15769,7782,1,5,8,87662
15770,7782,1,124,8,87662
15771,7782,1,20,2,87662
15772,7783,1,26,10,87662
15773,7784,1,469,7,87662
15774,7784,1,310,2,87662
15775,7784,1,27,12,87662
15776,7785,1,8,6,87722
15777,7786,1,126,10,87722
15778,7787,1,87,12,87722
15779,7787,1,48,4,87722
15780,7787,1,23,8,87722
15781,7787,1,2,9,87722
15782,7787,1,43,9,87722
15783,7787,1,7,9,87722
15784,7788,1,4,5,87722
15785,7788,1,136,6,87722
15786,7788,1,32,7,87722
15787,7788,1,63,8,87722
15788,7788,1,208,6,87722
15789,7789,1,438,5,87722
15790,7790,1,33,2,87782
15791,7790,1,274,5,87782
15792,7791,1,4,6,87782
15793,7792,1,49,6,87782
15794,7793,1,362,9,87782
15795,7793,1,41,6,87782
15796,7793,1,11,6,87782
15797,7794,1,0,12,87782
15798,7794,1,69,9,87782
15799,7795,1,113,10,87842
15800,7795,1,31,6,87842
15801,7796,1,43,10,87842
15802,7797,1,175,2,87842
15803,7798,1,5,9,87902
15804,7798,1,311,3,87902
15805,7799,1,253,4,87902
15806,7800,1,41,10,87902
15807,7801,1,14,4,87902
15808,7802,1,1,7,87902
15809,7803,1,29,9,87902
15810,7804,1,66,4,87902
15811,7804,1,4,8,87902
15812,7805,1,51,8,87902
15813,7806,1,392,3,87962
15814,7807,1,57,6,88022
15815,7808,1,2,8,88022
15816,7808,1,0,2,88022
15817,7809,1,69,8,88022
15818,7810,1,30,11,88022
15819,7811,1,103,6,88022
15820,7811,1,30,10,88022
15821,7811,1,49,10,88022
15822,7811,1,41,10,88022
15823,7812,1,128,7,88022
15824,7812,1,1,3,88022
15825,7812,1,9,10,88022
15826,7813,1,66,6,88082
15827,7813,1,279,10,88082
15828,7814,1,197,10,88082
15829,7815,1,135,8,88082
15830,7815,1,79,6,88082
15831,7816,1,39,10,88142
15832,7817,1,163,7,88142
15833,7818,1,2,4,88142
15834,7819,1,464,8,88142
15835,7820,1,475,10,88142
15836,7820,1,273,10,88142
15837,7821,1,228,7,88142
15838,7822,1,134,2,88202
15839,7823,1,95,2,88202
15840,7824,1,4,4,88202
15841,7825,1,57,11,88202
15842,7826,1,55,10,88202
15843,7826,1,298,6,88202
15844,7826,1,64,3,88202
15845,7826,1,2,3,88202
15846,7827,1,9,10,88202
15847,7827,1,189,5,88202
15848,7828,1,9,8,88262
15849,7828,1,20,9,88262
15850,7828,1,190,12,88262
15851,7829,1,166,12,88262
15852,7829,1,75,7,88262
15853,7830,1,33,2,88262
15854,7830,1,83,4,88262
15855,7830,1,42,4,88262
15856,7830,1,417,4,88262
15857,7831,1,131,10,88262
15858,7831,1,6,8,88262
15859,7831,1,7,7,88262
15860,7832,1,12,10,88262
15861,7832,1,3,2,88262
15862,7833,1,2,8,88262
15863,7834,1,22,2,88382
15864,7834,1,163,5,88382
15865,7835,1,293,10,88382
15866,7835,1,488,8,88382
15867,7836,1,89,10,88382
15868,7837,1,125,2,88382
15869,7838,1,10,5,88442
15870,7839,1,64,6,88442
15871,7839,1,22,12,88442
15872,7839,1,85,6,88442
15873,7839,1,54,12,88442
15874,7839,1,363,4,88442
15875,7839,1,29,8,88442
15876,7840,1,26,6,88442
15877,7841,1,98,9,88442
15878,7841,1,468,4,88442
15879,7841,1,6,11,88442
15880,7841,1,89,6,88442
15881,7842,1,224,7,88442
15882,7843,1,278,11,88442
15883,7844,1,5,2,88502
15884,7845,1,36,4,88502
15885,7845,1,4,5,88502
15886,7846,1,385,10,88502
15887,7847,1,60,8,88502
15888,7848,1,146,6,88562
15889,7849,1,35,8,88622
15890,7849,1,121,10,88622
15891,7849,1,347,10,88622
15892,7850,1,116,5,88622
15893,7850,1,2,6,88622
15894,7850,1,27,11,88622
15895,7851,1,3,2,88622
15896,7852,1,52,5,88622
15897,7852,1,5,4,88622
15898,7853,1,244,10,88622
15899,7853,1,410,2,88622
15900,7854,1,166,1,88622
15901,7854,1,44,7,88622
15902,7855,1,29,2,88682
15903,7856,1,4,8,88682
15904,7857,1,318,8,88682
15905,7857,1,179,2,88682
15906,7858,1,158,8,88742
15907,7858,1,37,3,88742
15908,7858,1,46,8,88742
15909,7858,1,3,8,88742
15910,7858,1,136,8,88742
15911,7858,1,211,3,88742
15912,7858,1,57,5,88742
15913,7859,1,27,6,88742
15914,7859,1,149,4,88742
15915,7860,1,167,4,88742
15916,7860,1,7,12,88742
15917,7861,1,160,9,88802
15918,7862,1,134,7,88802
15919,7862,1,350,11,88802
15920,7862,1,30,8,88802
15921,7863,1,33,10,88802
15922,7864,1,330,8,88802
15923,7865,1,29,10,88802
15924,7865,1,6,6,88802
15925,7866,1,11,10,88862
15926,7867,1,1,7,88862
15927,7868,1,354,10,88862
15928,7868,1,82,2,88862
15929,7869,1,2,8,88862
15930,7870,1,290,2,88862
15931,7870,1,9,5,88862
15932,7871,1,434,4,88862
15933,7872,1,10,8,88862
15934,7873,1,12,4,88862
15935,7873,1,24,7,88862
15936,7874,1,39,7,88922
15937,7874,1,281,8,88922
15938,7874,1,0,6,88922
15939,7874,1,140,6,88922
15940,7874,1,151,2,88922
15941,7875,1,372,11,88922
15942,7876,1,105,6,88922
15943,7876,1,1,2,88922
15944,7877,1,101,9,88982
15945,7878,1,44,4,88982
15946,7878,1,15,7,88982
15947,7879,1,185,6,88982
15948,7880,1,64,6,88982
15949,7880,1,105,9,88982
15950,7881,1,37,6,88982
15951,7881,1,4,5,88982
15952,7882,1,7,8,88982
15953,7883,1,26,8,89042
15954,7884,1,23,9,89042
15955,7885,1,42,1,89042
15956,7886,1,54,6,89042
15957,7887,1,213,5,89042
15958,7888,1,9,4,89102
15959,7888,1,15,8,89102
15960,7888,1,102,4,89102
15961,7889,1,17,8,89102
15962,7890,1,85,3,89102
15963,7890,1,65,9,89102
15964,7890,1,158,3,89102
15965,7891,1,63,10,89102
15966,7891,1,32,5,89102
15967,7892,1,165,5,89102
15968,7892,1,30,11,89102
15969,7893,1,17,10,89102
15970,7893,1,122,7,89102
15971,7894,1,8,6,89162
15972,7894,1,6,11,89162
15973,7895,1,75,5,89162
15974,7895,1,14,9,89162
15975,7896,1,286,2,89162
15976,7896,1,203,6,89162
15977,7897,1,300,6,89222
15978,7898,1,49,8,89222
15979,7898,1,79,10,89222
15980,7899,1,282,5,89222
15981,7900,1,266,6,89222
15982,7901,1,16,6,89282
15983,7902,1,171,5,89282
15984,7902,1,44,6,89282
15985,7903,1,18,8,89282
15986,7903,1,31,4,89282
15987,7903,1,194,5,89282
15988,7903,1,281,6,89282
15989,7904,1,25,4,89282
15990,7904,1,141,2,89282
15991,7904,1,5,10,89282
15992,7905,1,3,8,89282
15993,7906,1,7,3,89282
15994,7907,1,188,8,89282
15995,7907,1,2,6,89282
15996,7908,1,8,12,89282
15997,7909,1,271,10,89342
15998,7910,1,99,5,89342
15999,7910,1,25,8,89342
16000,7911,1,114,10,89342
16001,7911,1,99,7,89342
16002,7911,1,7,12,89342
16003,7911,1,131,7,89342
16004,7911,1,125,8,89342
16005,7911,1,82,7,89342
16006,7912,1,180,9,89342
16007,7912,1,154,9,89342
16008,7912,1,49,9,89342
16009,7913,1,370,4,89342
16010,7913,1,196,6,89342
16011,7913,1,47,4,89342
16012,7914,1,24,6,89342
16013,7915,1,9,4,89402
16014,7916,1,16,8,89402
16015,7917,1,34,3,89402
16016,7918,1,34,12,89402
16017,7918,1,22,4,89402
16018,7919,1,2,2,89402
16019,7919,1,62,9,89402
16020,7919,1,61,8,89402
16021,7919,1,4,6,89402
16022,7920,1,67,10,89402
16023,7920,1,1,5,89402
16024,7921,1,69,5,89402
16025,7922,1,3,12,89402
16026,7923,1,4,7,89402
16027,7923,1,171,12,89402
16028,7923,1,96,6,89402
16029,7923,1,14,2,89402
16030,7924,1,1,7,89462
16031,7924,1,0,12,89462
16032,7925,1,28,8,89462
16033,7925,1,19,4,89462
16034,7925,1,16,4,89462
16035,7926,1,292,11,89462
16036,7927,1,21,5,89462
16037,7927,1,15,9,89462
16038,7928,1,115,6,89462
16039,7929,1,1,6,89462
16040,7929,1,2,7,89462
16041,7930,1,237,12,89522
16042,7931,1,39,2,89522
16043,7932,1,1,4,89582
16044,7933,1,297,9,89582
16045,7933,1,111,7,89582
16046,7934,1,146,4,89582
16047,7934,1,57,8,89582
16048,7935,1,7,1,89642
16049,7936,1,74,12,89642
16050,7936,1,2,1,89642
16051,7936,1,0,4,89642
16052,7936,1,36,2,89642
16053,7937,1,25,8,89642
16054,7937,1,113,4,89642
16055,7938,1,420,8,89642
16056,7938,1,17,7,89642
16057,7939,1,41,7,89642
16058,7940,1,192,4,89702
16059,7941,1,17,9,89702
16060,7941,1,18,12,89702
16061,7942,1,30,4,89762
16062,7942,1,33,8,89762
16063,7942,1,39,3,89762
16064,7943,1,142,6,89762
16065,7944,1,110,8,89762
16066,7944,1,80,10,89762
16067,7945,1,368,6,89762
16068,7946,1,426,9,89762
16069,7947,1,182,6,89762
16070,7948,1,464,11,89762
16071,7948,1,386,8,89762
16072,7948,1,162,6,89762
16073,7948,1,47,8,89762
16074,7948,1,322,2,89762
16075,7948,1,27,8,89762
16076,7948,1,21,6,89762
16077,7948,1,35,12,89762
16078,7949,1,191,4,89822
16079,7950,1,113,12,89822
16080,7951,1,18,10,89822
16081,7951,1,0,8,89822
16082,7951,1,120,7,89822
16083,7952,1,219,4,89822
16084,7952,1,19,8,89822
16085,7952,1,32,3,89822
16086,7952,1,122,2,89822
16087,7953,1,44,6,89882
16088,7954,1,20,9,89882
16089,7955,1,35,4,89882
16090,7956,1,61,2,89882
16091,7957,1,22,10,89942
16092,7958,1,298,2,89942
16093,7959,1,169,7,89942
16094,7960,1,0,10,89942
16095,7960,1,137,10,89942
16096,7961,1,89,8,89942
16097,7962,1,31,10,89942
16098,7962,1,25,2,89942
16099,7963,1,147,7,89942
16100,7964,1,33,7,89942
16101,7964,1,196,7,89942
16102,7964,1,356,6,89942
16103,7964,1,45,10,89942
16104,7965,1,43,9,90002
16105,7966,1,0,6,90002
16106,7967,1,120,5,90002
16107,7967,1,206,4,90002
16108,7967,1,9,4,90002
16109,7967,1,26,5,90002
16110,7968,1,421,9,90002
16111,7969,1,38,6,90002
16112,7970,1,8,11,90002
16113,7971,1,479,10,90062
16114,7971,1,96,8,90062
16115,7971,1,26,12,90062
16116,7972,1,181,6,90062
16117,7972,1,16,2,90062
16118,7972,1,444,12,90062
16119,7973,1,48,4,90122
16120,7974,1,9,8,90122
16121,7975,1,17,5,90122
16122,7976,1,225,8,90122
16123,7976,1,55,5,90122
16124,7977,1,10,8,90122
16125,7977,1,51,8,90122
16126,7978,1,27,9,90122
16127,7978,1,185,8,90122
16128,7979,1,34,7,90122
16129,7979,1,422,8,90122
16130,7980,1,46,2,90122
16131,7981,1,421,4,90122
16132,7981,1,388,10,90122
16133,7982,1,335,5,90182
16134,7982,1,411,4,90182
16135,7982,1,41,12,90182
16136,7983,1,11,5,90182
16137,7983,1,103,9,90182
16138,7983,1,5,5,90182
16139,7983,1,395,1,90182
16140,7984,1,165,3,90182
16141,7984,1,96,6,90182
16142,7984,1,155,10,90182
16143,7985,1,210,7,90182
16144,7986,1,3,6,90182
16145,7987,1,34,4,90242
16146,7987,1,236,11,90242
16147,7988,1,117,6,90242
16148,7988,1,237,6,90242
16149,7988,1,469,5,90242
16150,7988,1,178,2,90242
16151,7989,1,150,2,90242
16152,7989,1,496,5,90242
16153,7990,1,193,7,90302
16154,7991,1,35,7,90302
16155,7992,1,12,2,90302
16156,7993,1,116,7,90302
16157,7993,1,38,11,90302
16158,7993,1,316,2,90302
16159,7993,1,41,6,90302
16160,7994,1,74,4,90302
16161,7995,1,14,4,90362
16162,7995,1,8,5,90362
16163,7995,1,261,6,90362
16164,7996,1,2,4,90362
16165,7997,1,180,2,90362
16166,7997,1,1,4,90362
16167,7998,1,3,6,90362
16168,7999,1,215,4,90362
16169,8000,1,331,7,90362
16170,8000,1,38,8,90362
16171,8000,1,104,6,90362
16172,8001,1,0,2,90362
16173,8001,1,152,10,90362
16174,8002,1,195,5,90422
16175,8002,1,74,5,90422
16176,8003,1,1,6,90422
16177,8004,1,93,4,90422
16178,8005,1,190,6,90422
16179,8006,1,442,4,90422
16180,8006,1,111,12,90422
16181,8006,1,5,6,90422
16182,8006,1,238,7,90422
16183,8006,1,169,5,90422
16184,8006,1,46,6,90422
16185,8006,1,277,4,90422
16186,8007,1,54,9,90482
16187,8007,1,8,1,90482
16188,8007,1,47,8,90482
16189,8007,1,41,7,90482
16190,8007,1,473,12,90482
16191,8007,1,341,8,90482
16192,8008,1,4,4,90482
16193,8008,1,63,4,90482
16194,8009,1,169,10,90542
16195,8009,1,47,10,90542
16196,8009,1,38,6,90542
16197,8010,1,35,7,90542
16198,8010,1,372,5,90542
16199,8010,1,456,11,90542
16200,8010,1,112,11,90542
16201,8011,1,484,4,90602
16202,8011,1,4,8,90602
16203,8012,1,49,6,90602
16204,8013,1,478,9,90602
16205,8014,1,32,8,90662
16206,8015,1,49,6,90662
16207,8016,1,10,4,90662
16208,8017,1,58,10,90662
16209,8018,1,185,7,90662
16210,8019,1,1,5,90662
16211,8020,1,15,8,90662
16212,8020,1,90,4,90662
16213,8021,1,158,6,90662
16214,8021,1,289,8,90662
16215,8021,1,156,3,90662
16216,8021,1,15,2,90662
16217,8021,1,293,7,90662
16218,8021,1,279,8,90662
16219,8022,1,397,3,90662
16220,8022,1,40,2,90662
16221,8023,1,11,2,90722
16222,8023,1,20,2,90722
16223,8024,1,346,8,90722
16224,8024,1,31,1,90722
16225,8025,1,21,9,90782
16226,8025,1,0,4,90782
16227,8026,1,354,10,90782
16228,8027,1,11,8,90782
16229,8028,1,6,3,90782
16230,8029,1,10,10,90782
16231,8030,1,32,4,90782
16232,8030,1,42,12,90782
16233,8030,1,1,8,90782
16234,8030,1,21,6,90782
16235,8030,1,11,7,90782
16236,8031,1,79,10,90842
16237,8032,1,48,7,90842
16238,8033,1,107,4,90842
16239,8034,1,78,9,90842
16240,8034,1,166,4,90842
16241,8035,1,1,6,90842
16242,8035,1,244,6,90842
16243,8036,1,15,10,90902
16244,8037,1,41,9,90902
16245,8038,1,81,8,90902
16246,8039,1,167,3,90962
16247,8039,1,384,4,90962
16248,8039,1,355,8,90962
16249,8040,1,464,2,90962
16250,8041,1,2,9,90962
16251,8041,1,19,6,90962
16252,8041,1,276,10,90962
16253,8042,1,2,6,91022
16254,8043,1,86,8,91022
16255,8044,1,20,2,91022
16256,8045,1,299,10,91022
16257,8045,1,30,12,91022
16258,8046,1,15,3,91022
16259,8047,1,24,2,91082
16260,8048,1,184,4,91142
16261,8049,1,288,10,91142
16262,8050,1,85,4,91142
16263,8050,1,0,8,91142
16264,8051,1,193,7,91142
16265,8052,1,7,6,91142
16266,8052,1,2,3,91142
16267,8053,1,118,12,91142
16268,8053,1,101,6,91142
16269,8053,1,112,7,91142
16270,8054,1,323,10,91142
16271,8054,1,78,5,91142
16272,8055,1,102,9,91142
16273,8055,1,11,2,91142
16274,8055,1,163,6,91142
16275,8056,1,83,1,91202
16276,8057,1,143,8,91202
16277,8058,1,13,6,91202
16278,8058,1,41,8,91202
16279,8058,1,119,3,91202
16280,8059,1,58,8,91202
16281,8059,1,5,3,91202
16282,8060,1,43,10,91202
16283,8061,1,56,9,91202
16284,8061,1,2,2,91202
16285,8062,1,28,11,91202
16286,8063,1,40,3,91262
16287,8064,1,54,4,91262
16288,8065,1,30,9,91262
16289,8065,1,25,8,91262
16290,8066,1,287,2,91262
16291,8067,1,19,3,91262
16292,8067,1,27,9,91262
16293,8068,1,29,2,91262
16294,8069,1,315,4,91322
16295,8070,1,146,12,91322
16296,8070,1,139,2,91322
16297,8071,1,22,8,91322
16298,8071,1,278,3,91322
16299,8071,1,164,8,91322
16300,8071,1,13,6,91322
16301,8071,1,25,4,91322
16302,8071,1,1,6,91322
16303,8072,1,42,4,91322
16304,8073,1,328,12,91322
16305,8073,1,266,6,91322
16306,8074,1,30,5,91322
16307,8074,1,10,6,91322
16308,8074,1,51,4,91322
16309,8075,1,23,7,91382
16310,8075,1,412,1,91382
16311,8075,1,40,8,91382
16312,8075,1,27,7,91382
16313,8076,1,32,10,91382
16314,8076,1,136,4,91382
16315,8077,1,231,4,91382
16316,8078,1,250,10,91382
16317,8078,1,4,6,91382
16318,8079,1,34,10,91382
16319,8080,1,425,4,91382
16320,8080,1,434,7,91382
16321,8080,1,21,6,91382
16322,8081,1,49,7,91382
16323,8081,1,12,7,91382
16324,8081,1,1,4,91382
16325,8082,1,316,9,91382
16326,8082,1,21,12,91382
16327,8083,1,110,4,91382
16328,8084,1,17,3,91382
16329,8085,1,415,7,91382
16330,8085,1,1,3,91382
16331,8086,1,21,4,91442
16332,8086,1,95,5,91442
16333,8087,1,59,8,91442
16334,8088,1,16,8,91442
16335,8089,1,37,8,91502
16336,8090,1,393,8,91502
16337,8091,1,30,12,91502
16338,8091,1,440,2,91502
16339,8091,1,89,12,91502
16340,8092,1,36,5,91502
16341,8093,1,12,6,91502
16342,8093,1,3,8,91502
16343,8094,1,166,5,91502
16344,8094,1,327,7,91502
16345,8094,1,225,10,91502
16346,8094,1,403,6,91502
16347,8095,1,9,2,91502
16348,8096,1,22,3,91562
16349,8097,1,409,9,91562
16350,8097,1,51,9,91562
16351,8097,1,58,11,91562
16352,8097,1,44,3,91562
16353,8098,1,7,12,91562
16354,8098,1,199,4,91562
16355,8098,1,44,9,91562
16356,8099,1,344,12,91562
16357,8100,1,125,2,91562
16358,8100,1,29,6,91562
16359,8100,1,395,8,91562
16360,8101,1,51,3,91622
16361,8101,1,39,3,91622
16362,8101,1,116,1,91622
16363,8102,1,24,10,91622
16364,8102,1,3,4,91622
16365,8103,1,261,4,91622
16366,8104,1,252,6,91622
16367,8105,1,370,12,91682
16368,8106,1,282,4,91682
16369,8106,1,103,4,91682
16370,8106,1,179,4,91682
16371,8106,1,389,5,91682
16372,8106,1,293,4,91682
16373,8106,1,170,6,91682
16374,8106,1,16,8,91682
16375,8107,1,37,12,91682
16376,8108,1,88,2,91682
16377,8108,1,20,6,91682
16378,8108,1,154,2,91682
16379,8108,1,318,4,91682
16380,8108,1,38,8,91682
16381,8108,1,7,8,91682
16382,8109,1,48,3,91682
16383,8110,1,15,7,91682
16384,8111,1,168,6,91682
16385,8111,1,138,8,91682
16386,8111,1,46,6,91682
16387,8112,1,0,1,91682
16388,8113,1,305,10,91742
16389,8113,1,39,7,91742
16390,8113,1,42,8,91742
16391,8114,1,331,8,91742
16392,8115,1,0,4,91742
16393,8116,1,2,2,91742
16394,8116,1,31,8,91742
16395,8116,1,21,6,91742
16396,8117,1,3,12,91742
16397,8118,1,40,10,91802
16398,8119,1,234,7,91802
16399,8119,1,31,8,91802
16400,8120,1,47,10,91802
16401,8121,1,26,4,91802
16402,8122,1,72,4,91802
16403,8122,1,32,6,91802
16404,8122,1,182,10,91802
16405,8122,1,1,7,91802
16406,8123,1,47,10,91802
16407,8124,1,3,7,91802
16408,8125,1,202,2,91862
16409,8126,1,103,7,91862
16410,8126,1,59,5,91862
16411,8127,1,29,7,91862
16412,8128,1,1,8,91862
16413,8129,1,470,8,91922
16414,8130,1,141,6,91922
16415,8131,1,20,9,91922
16416,8131,1,3,4,91922
16417,8132,1,41,1,91922
16418,8132,1,483,10,91922
16419,8133,1,425,4,91922
16420,8133,1,41,3,91922
16421,8134,1,10,1,91922
16422,8135,1,6,8,91922
16423,8135,1,33,5,91922
16424,8136,1,326,10,91922
16425,8137,1,2,10,91982
16426,8138,1,11,4,91982
16427,8139,1,438,4,92042
16428,8140,1,41,6,92042
16429,8140,1,4,3,92042
16430,8140,1,305,4,92042
16431,8141,1,195,7,92102
16432,8141,1,4,2,92102
16433,8141,1,0,8,92102
16434,8142,1,48,10,92102
16435,8143,1,426,12,92102
16436,8143,1,124,6,92102
16437,8144,1,45,6,92102
16438,8145,1,412,1,92102
16439,8146,1,24,12,92102
16440,8146,1,94,6,92102
16441,8147,1,2,10,92102
16442,8148,1,222,6,92102
16443,8148,1,77,5,92102
16444,8149,1,260,6,92162
16445,8149,1,29,5,92162
16446,8150,1,71,9,92162
16447,8150,1,46,5,92162
16448,8150,1,14,6,92162
16449,8150,1,7,3,92162
16450,8150,1,35,6,92162
16451,8150,1,13,1,92162
16452,8150,1,258,7,92162
16453,8151,1,220,6,92162
16454,8151,1,40,6,92162
16455,8151,1,11,6,92162
16456,8151,1,343,12,92162
16457,8151,1,27,6,92162
16458,8152,1,42,4,92162
16459,8153,1,44,12,92162
16460,8154,1,102,6,92162
16461,8154,1,19,4,92162
16462,8154,1,93,2,92162
16463,8155,1,400,2,92162
16464,8155,1,204,8,92162
16465,8156,1,290,4,92162
16466,8156,1,120,9,92162
16467,8157,1,461,8,92222
16468,8157,1,0,3,92222
16469,8157,1,337,4,92222
16470,8157,1,4,10,92222
16471,8157,1,23,9,92222
16472,8157,1,60,6,92222
16473,8157,1,103,7,92222
16474,8157,1,37,2,92222
16475,8157,1,441,8,92222
16476,8157,1,422,4,92222
16477,8157,1,32,8,92222
16478,8158,1,1,9,92222
16479,8159,1,224,3,92222
16480,8160,1,46,10,92222
16481,8161,1,485,7,92222
16482,8162,1,285,5,92222
16483,8163,1,460,8,92222
16484,8164,1,19,8,92282
16485,8164,1,16,10,92282
16486,8165,1,330,10,92282
16487,8165,1,225,6,92282
16488,8165,1,0,8,92282
16489,8165,1,9,9,92282
16490,8165,1,212,10,92282
16491,8166,1,83,1,92282
16492,8167,1,79,8,92282
16493,8168,1,63,10,92342
16494,8169,1,243,11,92402
16495,8170,1,94,10,92402
16496,8171,1,1,3,92462
16497,8171,1,458,8,92462
16498,8171,1,156,6,92462
16499,8172,1,56,5,92462
16500,8172,1,139,4,92462
16501,8173,1,59,6,92462
16502,8173,1,347,8,92462
16503,8173,1,25,4,92462
16504,8174,1,77,7,92462
16505,8175,1,47,7,92522
16506,8175,1,124,12,92522
16507,8175,1,17,8,92522
16508,8176,1,140,6,92522
16509,8176,1,12,9,92522
16510,8176,1,443,2,92522
16511,8177,1,358,1,92522
16512,8177,1,8,4,92522
16513,8178,1,227,8,92522
16514,8178,1,5,9,92522
16515,8179,1,15,6,92522
16516,8180,1,106,2,92522
16517,8180,1,7,8,92522
16518,8180,1,40,6,92522
16519,8180,1,23,8,92522
16520,8181,1,495,11,92522
16521,8181,1,180,8,92522
16522,8182,1,14,7,92582
16523,8183,1,186,9,92582
16524,8184,1,336,4,92582
16525,8185,1,17,8,92582
16526,8185,1,133,6,92582
16527,8185,1,138,10,92582
16528,8185,1,40,7,92582
16529,8185,1,18,10,92582
16530,8186,1,140,4,92582
16531,8187,1,19,6,92642
16532,8187,1,45,10,92642
16533,8187,1,261,8,92642
16534,8188,1,87,7,92642
16535,8188,1,133,7,92642
16536,8189,1,4,12,92642
16537,8190,1,43,6,92702
16538,8191,1,238,4,92702
16539,8191,1,5,4,92702
16540,8191,1,23,3,92702
16541,8192,1,13,2,92702
16542,8192,1,42,7,92702
16543,8193,1,110,5,92702
16544,8193,1,141,2,92702
16545,8194,1,35,12,92702
16546,8195,1,154,6,92703
16547,8195,1,3,4,92703
16548,8196,1,493,9,92703
16549,8197,1,191,7,92703
16550,8198,1,290,4,92703
16551,8199,1,63,4,92703
16552,8200,1,1,2,92703
16553,8201,1,152,8,92703
16554,8202,1,24,6,92703
16555,8203,1,26,10,92703
16556,8203,1,456,12,92703
16557,8203,1,28,7,92703
16558,8203,1,114,9,92703
16559,8204,1,92,4,92703
16560,8205,1,1,5,92703
16561,8206,1,0,5,92703
16562,8207,1,424,4,92703
16563,8207,1,87,7,92703
16564,8207,1,30,7,92703
16565,8208,1,114,4,92703
16566,8209,1,73,5,92703
16567,8209,1,105,4,92703
16568,8210,1,138,1,92703
16569,8211,1,26,4,92703
16570,8212,1,151,8,92703
16571,8213,1,117,7,92703
16572,8214,1,21,6,92703
16573,8214,1,44,3,92703
16574,8215,1,26,6,92703
16575,8216,1,32,5,92703
16576,8216,1,14,8,92703
16577,8217,1,205,7,92703
16578,8217,1,56,6,92703
16579,8218,1,17,4,92703
16580,8218,1,2,7,92703
16581,8219,1,130,6,92703
16582,8219,1,97,10,92703
16583,8220,1,28,4,92703
16584,8220,1,7,5,92703
16585,8221,1,48,8,92703
16586,8222,1,1,2,92703
16587,8222,1,207,4,92703
16588,8222,1,432,6,92703
16589,8222,1,119,4,92703
16590,8223,1,39,10,92703
16591,8224,1,454,12,92703
16592,8224,1,6,10,92703
16593,8224,1,27,10,92703
16594,8224,1,33,8,92703
16595,8224,1,37,3,92703
16596,8224,1,164,6,92703
16597,8224,1,157,8,92703
16598,8225,1,6,1,92703
16599,8226,1,131,6,92703
16600,8227,1,11,6,92703
16601,8227,1,50,4,92703
16602,8227,1,7,2,92703
16603,8228,1,167,6,92703
16604,8229,1,3,6,92703
16605,8230,1,431,7,92703
16606,8230,1,39,7,92703
16607,8230,1,168,2,92703
16608,8231,1,225,8,92703
16609,8232,1,72,8,92703
16610,8232,1,66,6,92703
16611,8233,1,16,9,92703
16612,8234,1,35,2,92703
16613,8235,1,372,12,92703
16614,8235,1,8,11,92703
16615,8235,1,356,11,92703
16616,8235,1,36,11,92703
16617,8235,1,30,6,92703
16618,8236,1,491,4,92703
16619,8237,1,38,6,92703
16620,8238,1,138,8,92703
16621,8239,1,6,8,92703
16622,8239,1,73,5,92703
16623,8239,1,2,4,92703
16624,8240,1,57,10,92703
16625,8240,1,443,4,92703
16626,8240,1,191,9,92703
16627,8240,1,4,8,92703
16628,8241,1,0,8,92703
16629,8242,1,30,1,92703
16630,8242,1,19,5,92703
16631,8243,1,28,6,92703
16632,8243,1,23,8,92703
16633,8244,1,27,4,92703
16634,8244,1,188,6,92703
16635,8244,1,76,6,92703
16636,8244,1,1,11,92703
16637,8245,1,138,2,92703
16638,8245,1,151,7,92703
16639,8245,1,38,7,92703
16640,8245,1,2,5,92703
16641,8246,1,1,7,92703
16642,8246,1,131,3,92703
16643,8246,1,128,4,92703
16644,8246,1,3,8,92703
16645,8246,1,285,2,92703
16646,8246,1,253,8,92703
16647,8246,1,72,6,92703
16648,8247,1,64,8,92703
16649,8248,1,21,8,92703
16650,8249,1,110,3,92703
16651,8250,1,31,5,92703
16652,8250,1,17,10,92703
16653,8250,1,35,6,92703
16654,8250,1,20,7,92703
16655,8250,1,8,5,92703
16656,8250,1,3,6,92703
16657,8250,1,154,3,92703
16658,8251,1,22,6,92703
16659,8251,1,15,6,92703
16660,8251,1,0,7,92703
16661,8252,1,16,6,92703
16662,8253,1,389,3,92703
16663,8253,1,67,4,92703
16664,8253,1,46,8,92703
16665,8253,1,4,12,92703
16666,8253,1,152,4,92703
16667,8254,1,25,2,92703
16668,8254,1,12,8,92703
16669,8254,1,53,6,92703
16670,8254,1,17,10,92703
16671,8255,1,54,10,92703
16672,8255,1,4,4,92703
16673,8255,1,77,2,92703
16674,8256,1,6,9,92703
16675,8257,1,25,4,92703
16676,8258,1,316,12,92703
16677,8258,1,157,3,92703
16678,8258,1,36,9,92703
16679,8258,1,59,2,92703
16680,8258,1,12,7,92703
16681,8258,1,87,8,92703
16682,8258,1,133,10,92703
16683,8258,1,44,6,92703
16684,8259,1,227,4,92703
16685,8260,1,377,9,92703
16686,8260,1,189,4,92703
16687,8260,1,436,11,92703
16688,8261,1,230,6,92703
16689,8261,1,101,6,92703
16690,8262,1,46,10,92703
16691,8263,1,315,6,92703
16692,8263,1,42,1,92703
16693,8263,1,119,11,92703
16694,8263,1,462,10,92703
16695,8263,1,126,5,92703
16696,8263,1,38,8,92703
16697,8263,1,49,4,92703
16698,8263,1,39,7,92703
16699,8264,1,97,8,92703
16700,8264,1,373,7,92703
16701,8264,1,6,8,92703
16702,8265,1,162,8,92703
16703,8265,1,401,5,92703
16704,8266,1,10,8,92703
16705,8266,1,3,4,92703
16706,8267,1,256,8,92703
16707,8267,1,166,10,92703
16708,8268,1,12,5,92703
16709,8269,1,23,5,92703
16710,8269,1,22,8,92703
16711,8269,1,2,6,92703
16712,8270,1,27,8,92703
16713,8270,1,96,5,92703
16714,8270,1,231,8,92703
16715,8271,1,114,6,92703
16716,8271,1,31,8,92703
16717,8272,1,147,2,92703
16718,8273,1,71,6,92703
16719,8274,1,5,4,92703
16720,8275,1,4,4,92703
16721,8276,1,249,9,92703
16722,8277,1,481,9,92703
16723,8277,1,27,2,92703
16724,8277,1,36,8,92703
16725,8277,1,8,6,92703
16726,8277,1,53,12,92703
16727,8278,1,62,4,92703
16728,8279,1,144,6,92703
16729,8279,1,27,6,92703
16730,8280,1,45,9,92703
16731,8281,1,14,7,92703
16732,8282,1,26,8,92703
16733,8282,1,200,11,92703
16734,8283,1,88,3,92703
16735,8283,1,162,8,92703
16736,8283,1,45,7,92703
16737,8283,1,136,2,92703
16738,8283,1,13,8,92703
16739,8283,1,10,7,92703
16740,8284,1,229,10,92703
16741,8285,1,72,4,92703
16742,8285,1,1,8,92703
16743,8285,1,13,8,92703
16744,8285,1,9,11,92703
16745,8285,1,489,8,92703
16746,8286,1,100,4,92703
16747,8286,1,450,2,92703
16748,8287,1,0,11,92703
16749,8287,1,134,3,92703
16750,8288,1,402,12,92703
16751,8289,1,61,6,92703
16752,8290,1,177,2,92703
16753,8291,1,16,3,92703
16754,8292,1,46,4,92703
16755,8292,1,11,8,92703
16756,8292,1,221,9,92703
16757,8292,1,160,9,92703
16758,8293,1,0,5,92703
16759,8294,1,422,8,92703
16760,8295,1,29,10,92763
16761,8296,1,8,7,92763
16762,8296,1,293,10,92763
16763,8296,1,9,2,92763
16764,8297,1,2,6,92763
16765,8298,1,99,7,92763
16766,8298,1,8,9,92763
16767,8298,1,27,5,92763
16768,8298,1,329,10,92763
16769,8298,1,56,10,92763
16770,8298,1,40,8,92763
16771,8299,1,11,11,92763
16772,8300,1,138,11,92763
16773,8300,1,426,7,92763
16774,8300,1,214,12,92763
16775,8301,1,89,8,92823
16776,8301,1,471,1,92823
16777,8302,1,22,10,92823
16778,8303,1,180,6,92823
16779,8304,1,45,4,92823
16780,8304,1,12,2,92823
16781,8305,1,1,6,92883
16782,8306,1,2,1,92883
16783,8306,1,37,5,92883
16784,8306,1,32,9,92883
16785,8307,1,174,12,92883
16786,8308,1,61,12,92883
16787,8309,1,18,5,92883
16788,8309,1,48,6,92883
16789,8310,1,212,7,92883
16790,8311,1,29,10,92943
16791,8312,1,35,2,92943
16792,8312,1,59,6,92943
16793,8312,1,183,3,92943
16794,8312,1,25,8,92943
16795,8313,1,39,9,92943
16796,8313,1,12,2,92943
16797,8313,1,28,6,92943
16798,8314,1,203,9,92943
16799,8315,1,140,2,92943
16800,8315,1,135,3,92943
16801,8315,1,8,2,92943
16802,8315,1,172,10,92943
16803,8316,1,267,7,93003
16804,8317,1,3,8,93003
16805,8317,1,28,2,93003
16806,8318,1,41,10,93003
16807,8318,1,50,7,93003
16808,8319,1,475,3,93003
16809,8319,1,333,10,93003
16810,8320,1,243,1,93003
16811,8320,1,43,6,93003
16812,8321,1,25,1,93003
16813,8321,1,397,7,93003
16814,8321,1,44,3,93003
16815,8322,1,13,9,93003
16816,8323,1,8,12,93003
16817,8324,1,63,8,93003
16818,8324,1,57,6,93003
16819,8324,1,332,1,93003
16820,8324,1,148,6,93003
16821,8324,1,53,8,93003
16822,8324,1,9,7,93003
16823,8325,1,140,8,93003
16824,8325,1,147,6,93003
16825,8326,1,441,11,93003
16826,8327,1,185,4,93063
16827,8328,1,41,2,93063
16828,8329,1,188,12,93123
16829,8330,1,96,10,93123
16830,8330,1,487,12,93123
16831,8330,1,88,10,93123
16832,8330,1,41,4,93123
16833,8331,1,422,7,93123
16834,8332,1,10,9,93183
16835,8332,1,14,8,93183
16836,8332,1,260,12,93183
16837,8332,1,391,12,93183
16838,8332,1,188,8,93183
16839,8332,1,198,10,93183
16840,8333,1,49,2,93183
16841,8333,1,14,7,93183
16842,8334,1,30,5,93183
16843,8334,1,66,6,93183
16844,8335,1,13,6,93183
16845,8336,1,24,8,93183
16846,8336,1,13,7,93183
16847,8336,1,156,6,93183
16848,8336,1,402,12,93183
16849,8337,1,30,6,93183
16850,8338,1,459,10,93243
16851,8339,1,34,11,93243
16852,8339,1,8,2,93243
16853,8339,1,181,10,93243
16854,8340,1,40,5,93243
16855,8340,1,21,10,93243
16856,8341,1,467,1,93243
16857,8342,1,307,9,93243
16858,8342,1,5,4,93243
16859,8343,1,17,12,93243
16860,8344,1,254,8,93243
16861,8344,1,147,4,93243
16862,8345,1,44,4,93303
16863,8345,1,5,6,93303
16864,8345,1,51,11,93303
16865,8345,1,8,10,93303
16866,8346,1,332,6,93303
16867,8346,1,21,7,93303
16868,8346,1,85,6,93303
16869,8347,1,273,12,93303
16870,8348,1,470,5,93303
16871,8348,1,86,6,93303
16872,8348,1,6,10,93303
16873,8348,1,218,12,93303
16874,8349,1,166,5,93303
16875,8350,1,191,2,93363
16876,8351,1,155,7,93363
16877,8351,1,13,4,93363
16878,8351,1,67,5,93363
16879,8351,1,106,8,93363
16880,8352,1,25,4,93423
16881,8353,1,46,8,93423
16882,8354,1,67,8,93423
16883,8354,1,40,6,93423
16884,8355,1,193,9,93423
16885,8356,1,451,2,93423
16886,8356,1,69,5,93423
16887,8357,1,2,3,93483
16888,8358,1,11,8,93483
16889,8359,1,22,4,93483
16890,8359,1,71,10,93483
16891,8359,1,44,6,93483
16892,8360,1,23,6,93483
16893,8361,1,1,7,93543
16894,8362,1,77,6,93543
16895,8363,1,45,3,93543
16896,8363,1,35,2,93543
16897,8363,1,2,4,93543
16898,8363,1,132,4,93543
16899,8363,1,341,3,93543
16900,8363,1,72,10,93543
16901,8364,1,5,2,93543
16902,8365,1,85,8,93543
16903,8366,1,296,12,93603
16904,8367,1,77,6,93603
16905,8368,1,260,10,93603
16906,8369,1,1,8,93603
16907,8370,1,32,10,93603
16908,8370,1,50,12,93603
16909,8370,1,466,12,93603
16910,8371,1,62,6,93603
16911,8371,1,6,4,93603
16912,8371,1,70,4,93603
16913,8372,1,407,10,93603
16914,8373,1,6,1,93663
16915,8373,1,0,4,93663
16916,8373,1,141,3,93663
16917,8374,1,169,5,93663
16918,8375,1,19,7,93663
16919,8376,1,13,2,93663
16920,8377,1,36,4,93663
16921,8377,1,1,4,93663
16922,8378,1,31,10,93663
16923,8379,1,472,6,93663
16924,8379,1,71,7,93663
16925,8379,1,5,9,93663
16926,8380,1,95,2,93723
16927,8380,1,0,10,93723
16928,8381,1,30,12,93723
16929,8382,1,83,4,93723
16930,8383,1,101,8,93723
16931,8384,1,119,7,93723
16932,8385,1,194,6,93783
16933,8386,1,20,5,93783
16934,8386,1,45,3,93783
16935,8386,1,478,6,93783
16936,8387,1,127,11,93783
16937,8388,1,413,10,93783
16938,8388,1,8,7,93783
16939,8388,1,3,3,93783
16940,8388,1,40,5,93783
16941,8388,1,2,10,93783
16942,8389,1,112,4,93843
16943,8390,1,353,8,93843
16944,8391,1,228,2,93843
16945,8391,1,0,7,93843
16946,8392,1,1,10,93843
16947,8393,1,45,1,93903
16948,8393,1,29,10,93903
16949,8393,1,11,5,93903
16950,8394,1,230,6,93903
16951,8395,1,1,11,93903
16952,8395,1,2,6,93903
16953,8395,1,257,4,93903
16954,8395,1,23,7,93903
16955,8395,1,41,9,93903
16956,8395,1,33,11,93903
16957,8395,1,11,5,93903
16958,8395,1,20,6,93903
16959,8396,1,4,10,93903
16960,8397,1,6,6,93903
16961,8398,1,61,8,93903
16962,8399,1,397,7,93903
16963,8400,1,22,8,93903
16964,8401,1,145,10,93903
16965,8402,1,11,8,93903
16966,8403,1,30,9,93903
16967,8404,1,474,8,93963
16968,8405,1,36,1,93963
16969,8405,1,3,8,93963
16970,8406,1,52,8,93963
16971,8406,1,7,2,93963
16972,8407,1,92,6,93963
16973,8407,1,83,7,93963
16974,8407,1,125,3,93963
16975,8408,1,404,10,93963
16976,8409,1,32,5,93963
16977,8410,1,185,2,93963
16978,8410,1,51,2,93963
16979,8411,1,43,6,93963
16980,8412,1,375,9,93963
16981,8412,1,7,12,93963
16982,8413,1,144,10,94023
16983,8413,1,29,10,94023
16984,8414,1,1,2,94023
16985,8414,1,56,8,94023
16986,8414,1,27,4,94023
16987,8414,1,172,5,94023
16988,8414,1,325,11,94023
16989,8415,1,2,2,94083
16990,8415,1,66,2,94083
16991,8416,1,23,3,94083
16992,8416,1,20,8,94083
16993,8416,1,200,5,94083
16994,8417,1,4,5,94083
16995,8417,1,62,5,94083
16996,8417,1,142,4,94083
16997,8417,1,151,8,94083
16998,8418,1,79,8,94083
16999,8418,1,54,6,94083
17000,8419,1,28,1,94083
17001,8419,1,182,9,94083
17002,8419,1,143,6,94083
17003,8419,1,201,5,94083
17004,8419,1,29,6,94083
17005,8420,1,16,10,94143
17006,8421,1,32,10,94143
17007,8422,1,424,5,94203
17008,8422,1,15,9,94203
17009,8422,1,460,6,94203
17010,8423,1,38,9,94203
17011,8424,1,126,6,94203
17012,8425,1,1,7,94203
17013,8425,1,30,6,94203
17014,8426,1,14,8,94263
17015,8426,1,55,9,94263
17016,8426,1,8,4,94263
17017,8426,1,156,8,94263
17018,8426,1,50,10,94263
17019,8426,1,43,8,94263
17020,8427,1,39,9,94263
17021,8428,1,2,8,94263
17022,8428,1,1,12,94263
17023,8429,1,13,1,94263
17024,8430,1,43,4,94263
17025,8430,1,8,6,94263
17026,8431,1,12,12,94323
17027,8431,1,16,6,94323
17028,8431,1,447,8,94323
17029,8431,1,18,4,94323
17030,8431,1,6,6,94323
17031,8431,1,418,4,94323
17032,8432,1,142,1,94323
17033,8432,1,52,12,94323
17034,8432,1,14,10,94323
17035,8433,1,14,10,94323
17036,8434,1,3,2,94323
17037,8435,1,453,12,94323
17038,8436,1,19,8,94323
17039,8436,1,58,6,94323
17040,8436,1,1,12,94323
17041,8437,1,278,10,94383
17042,8437,1,127,5,94383
17043,8438,1,379,9,94383
17044,8439,1,62,8,94383
17045,8440,1,2,7,94383
17046,8441,1,150,4,94383
17047,8441,1,9,8,94383
17048,8441,1,200,7,94383
17049,8441,1,1,3,94383
17050,8441,1,419,12,94383
17051,8442,1,5,7,94383
17052,8442,1,10,10,94383
17053,8443,1,129,8,94383
17054,8444,1,119,8,94383
17055,8445,1,9,6,94443
17056,8446,1,91,10,94443
17057,8447,1,481,3,94443
17058,8447,1,25,11,94443
17059,8447,1,0,6,94443
17060,8448,1,336,8,94443
17061,8448,1,2,9,94443
17062,8448,1,0,6,94443
17063,8449,1,439,8,94443
17064,8450,1,20,8,94443
17065,8451,1,304,8,94443
17066,8451,1,17,8,94443
17067,8451,1,470,3,94443
17068,8452,1,167,4,94443
17069,8452,1,40,4,94443
17070,8453,1,478,5,94503
17071,8454,1,69,3,94503
17072,8455,1,73,4,94503
17073,8456,1,404,8,94503
17074,8457,1,293,8,94503
17075,8458,1,13,5,94503
17076,8458,1,43,11,94503
17077,8458,1,253,9,94503
17078,8459,1,22,4,94503
17079,8459,1,43,4,94503
17080,8459,1,403,2,94503
17081,8460,1,96,2,94503
17082,8460,1,132,10,94503
17083,8460,1,186,3,94503
17084,8460,1,14,9,94503
17085,8461,1,127,4,94503
17086,8461,1,4,4,94503
17087,8462,1,475,10,94563
17088,8463,1,0,9,94563
17089,8463,1,75,4,94563
17090,8463,1,309,10,94563
17091,8464,1,7,6,94563
17092,8465,1,126,4,94563
17093,8466,1,19,10,94563
17094,8466,1,160,11,94563
17095,8466,1,9,8,94563
17096,8466,1,42,12,94563
17097,8467,1,11,8,94563
17098,8468,1,91,10,94623
17099,8469,1,104,8,94623
17100,8470,1,100,6,94623
17101,8470,1,424,8,94623
17102,8470,1,14,9,94623
17103,8471,1,47,2,94623
17104,8471,1,475,8,94623
17105,8472,1,119,4,94623
17106,8472,1,201,10,94623
17107,8472,1,14,2,94623
17108,8473,1,44,7,94623
17109,8473,1,10,4,94623
17110,8474,1,78,12,94683
17111,8475,1,4,10,94683
17112,8476,1,270,8,94683
17113,8477,1,15,2,94683
17114,8477,1,3,7,94683
17115,8477,1,29,12,94683
17116,8477,1,276,6,94683
17117,8478,1,37,2,94683
17118,8478,1,9,5,94683
17119,8479,1,263,6,94683
17120,8480,1,161,3,94683
17121,8480,1,78,2,94683
17122,8480,1,52,9,94683
17123,8481,1,273,6,94743
17124,8481,1,28,3,94743
17125,8482,1,33,8,94743
17126,8483,1,4,6,94743
17127,8483,1,454,4,94743
17128,8483,1,0,7,94743
17129,8483,1,172,4,94743
17130,8483,1,123,8,94743
17131,8483,1,107,6,94743
17132,8483,1,131,5,94743
17133,8484,1,44,10,94743
17134,8485,1,267,8,94803
17135,8485,1,2,8,94803
17136,8486,1,17,9,94803
17137,8487,1,42,6,94803
17138,8487,1,28,12,94803
17139,8487,1,21,10,94803
17140,8487,1,29,11,94803
17141,8488,1,18,5,94803
17142,8488,1,379,11,94803
17143,8489,1,138,7,94863
17144,8490,1,18,5,94863
17145,8491,1,76,6,94863
17146,8492,1,111,7,94863
17147,8493,1,53,4,94863
17148,8493,1,7,10,94863
17149,8494,1,262,12,94863
17150,8495,1,29,6,94863
17151,8495,1,15,4,94863
17152,8495,1,1,5,94863
17153,8496,1,32,8,94863
17154,8496,1,46,5,94863
17155,8497,1,10,6,94923
17156,8498,1,48,8,94923
17157,8498,1,8,4,94923
17158,8499,1,113,11,94923
17159,8499,1,41,9,94923
17160,8499,1,165,7,94923
17161,8499,1,69,6,94923
17162,8499,1,1,8,94923
17163,8499,1,26,11,94923
17164,8499,1,27,5,94923
17165,8500,1,11,3,94923
17166,8500,1,454,6,94923
17167,8501,1,399,5,94923
17168,8501,1,2,5,94923
17169,8502,1,13,2,94983
17170,8503,1,447,12,94983
17171,8503,1,53,8,94983
17172,8503,1,3,9,94983
17173,8504,1,403,1,95043
17174,8505,1,30,8,95043
17175,8506,1,6,9,95043
17176,8507,1,59,11,95043
17177,8508,1,44,2,95043
17178,8508,1,109,6,95043
17179,8508,1,29,10,95043
17180,8509,1,218,3,95043
17181,8509,1,9,3,95043
17182,8509,1,13,1,95043
17183,8509,1,24,9,95043
17184,8510,1,461,8,95103
17185,8510,1,56,12,95103
17186,8511,1,276,10,95103
17187,8512,1,388,2,95103
17188,8513,1,155,10,95103
17189,8514,1,56,10,95103
17190,8514,1,107,5,95103
17191,8515,1,35,3,95103
17192,8515,1,367,5,95103
17193,8515,1,15,4,95103
17194,8515,1,4,3,95103
17195,8515,1,8,10,95103
17196,8515,1,37,1,95103
17197,8515,1,14,9,95103
17198,8516,1,330,3,95103
17199,8517,1,2,6,95163
17200,8517,1,11,4,95163
17201,8518,1,10,11,95163
17202,8518,1,246,8,95163
17203,8518,1,45,12,95163
17204,8518,1,17,4,95163
17205,8519,1,40,8,95163
17206,8519,1,18,2,95163
17207,8519,1,402,4,95163
17208,8519,1,37,8,95163
17209,8520,1,10,5,95163
17210,8520,1,153,7,95163
17211,8520,1,267,8,95163
17212,8521,1,193,6,95163
17213,8521,1,10,8,95163
17214,8521,1,5,7,95163
17215,8522,1,290,7,95223
17216,8523,1,119,8,95223
17217,8524,1,488,9,95223
17218,8524,1,12,12,95223
17219,8525,1,353,9,95283
17220,8526,1,2,8,95283
17221,8526,1,0,11,95283
17222,8527,1,3,8,95283
17223,8528,1,39,2,95283
17224,8529,1,30,4,95283
17225,8529,1,38,3,95283
17226,8529,1,11,8,95283
17227,8529,1,42,7,95283
17228,8529,1,21,2,95283
17229,8529,1,5,2,95283
17230,8529,1,17,9,95283
17231,8529,1,22,11,95283
17232,8529,1,33,5,95283
17233,8529,1,37,8,95283
17234,8530,1,5,4,95283
17235,8531,1,75,2,95343
17236,8532,1,459,12,95403
17237,8532,1,25,6,95403
17238,8533,1,32,6,95403
17239,8534,1,24,4,95403
17240,8535,1,6,4,95403
17241,8536,1,34,4,95403
17242,8537,1,78,1,95403
17243,8538,1,52,3,95403
17244,8538,1,335,8,95403
17245,8538,1,208,12,95403
17246,8539,1,15,3,95463
17247,8539,1,26,2,95463
17248,8539,1,2,5,95463
17249,8540,1,329,1,95463
17250,8541,1,100,6,95463
17251,8541,1,319,10,95463
17252,8542,1,412,1,95463
17253,8543,1,94,2,95463
17254,8543,1,52,3,95463
17255,8543,1,13,4,95463
17256,8544,1,78,11,95523
17257,8545,1,75,6,95523
17258,8545,1,23,7,95523
17259,8546,1,2,7,95523
17260,8547,1,20,6,95583
17261,8548,1,216,6,95583
17262,8549,1,200,10,95583
17263,8550,1,116,8,95583
17264,8550,1,298,4,95583
17265,8550,1,33,3,95583
17266,8550,1,161,12,95583
17267,8550,1,36,9,95583
17268,8550,1,120,12,95583
17269,8550,1,18,6,95583
17270,8550,1,45,6,95583
17271,8550,1,39,8,95583
17272,8551,1,1,2,95583
17273,8551,1,7,5,95583
17274,8551,1,362,12,95583
17275,8551,1,443,10,95583
17276,8552,1,210,4,95643
17277,8553,1,26,4,95643
17278,8553,1,72,8,95643
17279,8553,1,328,4,95643
17280,8553,1,0,4,95643
17281,8554,1,13,8,95643
17282,8555,1,6,4,95643
17283,8555,1,36,10,95643
17284,8556,1,52,4,95703
17285,8556,1,172,10,95703
17286,8556,1,413,6,95703
17287,8557,1,143,4,95703
17288,8557,1,118,4,95703
17289,8558,1,153,10,95703
17290,8559,1,467,9,95763
17291,8560,1,0,6,95763
17292,8561,1,33,3,95763
17293,8562,1,1,8,95763
17294,8562,1,396,6,95763
17295,8562,1,434,3,95763
17296,8563,1,56,7,95823
17297,8564,1,155,8,95823
17298,8565,1,131,9,95823
17299,8565,1,70,4,95823
17300,8565,1,4,8,95823
17301,8565,1,103,6,95823
17302,8566,1,21,8,95823
17303,8566,1,482,4,95823
17304,8567,1,4,8,95823
17305,8567,1,43,9,95823
17306,8567,1,8,7,95823
17307,8567,1,56,9,95823
17308,8568,1,17,9,95883
17309,8569,1,197,12,95883
17310,8569,1,77,8,95883
17311,8569,1,33,4,95883
17312,8570,1,37,4,95883
17313,8570,1,7,6,95883
17314,8571,1,142,12,95883
17315,8571,1,268,5,95883
17316,8571,1,2,8,95883
17317,8572,1,94,12,95883
17318,8573,1,159,4,95883
17319,8573,1,0,2,95883
17320,8573,1,39,2,95883
17321,8573,1,239,4,95883
17322,8573,1,29,5,95883
17323,8573,1,49,6,95883
17324,8574,1,164,8,95883
17325,8575,1,37,8,95943
17326,8575,1,5,2,95943
17327,8575,1,58,5,95943
17328,8576,1,427,5,95943
17329,8577,1,102,5,95943
17330,8578,1,105,10,95943
17331,8579,1,1,7,95943
17332,8579,1,6,8,95943
17333,8579,1,2,2,95943
17334,8579,1,9,4,95943
17335,8580,1,37,4,95943
17336,8581,1,17,1,95943
17337,8581,1,9,5,95943
17338,8581,1,8,12,95943
17339,8582,1,162,12,95943
17340,8582,1,193,8,95943
17341,8582,1,284,4,95943
17342,8582,1,379,4,95943
17343,8582,1,17,4,95943
17344,8583,1,92,4,96003
17345,8584,1,490,9,96003
17346,8585,1,8,2,96003
17347,8585,1,47,4,96003
17348,8585,1,27,9,96003
17349,8586,1,1,4,96063
17350,8587,1,295,5,96063
17351,8588,1,21,6,96123
17352,8589,1,40,2,96123
17353,8589,1,384,4,96123
17354,8590,1,38,4,96123
17355,8591,1,8,11,96123
17356,8591,1,64,4,96123
17357,8591,1,86,7,96123
17358,8592,1,2,6,96123
17359,8593,1,210,6,96123
17360,8594,1,465,8,96123
17361,8595,1,283,4,96123
17362,8595,1,292,12,96123
17363,8595,1,31,6,96123
17364,8595,1,43,8,96123
17365,8595,1,6,10,96123
17366,8596,1,145,6,96183
17367,8597,1,326,6,96183
17368,8597,1,221,7,96183
17369,8597,1,105,5,96183
17370,8598,1,168,6,96183
17371,8598,1,0,7,96183
17372,8599,1,0,7,96183
17373,8599,1,8,7,96183
17374,8600,1,40,7,96183
17375,8600,1,322,7,96183
17376,8600,1,42,3,96183
17377,8600,1,343,8,96183
17378,8600,1,1,10,96183
17379,8601,1,20,5,96183
17380,8601,1,3,8,96183
17381,8601,1,49,2,96183
17382,8602,1,292,8,96183
17383,8603,1,61,6,96183
17384,8603,1,5,2,96183
17385,8603,1,4,12,96183
17386,8604,1,3,7,96183
17387,8605,1,37,10,96183
17388,8605,1,116,12,96183
17389,8606,1,20,2,96183
17390,8607,1,6,12,96183
17391,8607,1,42,12,96183
17392,8607,1,74,5,96183
17393,8608,1,1,1,96243
17394,8608,1,16,10,96243
17395,8609,1,369,8,96243
17396,8609,1,20,5,96243
17397,8610,1,488,6,96243
17398,8610,1,32,6,96243
17399,8611,1,449,8,96243
17400,8611,1,3,11,96243
17401,8612,1,202,3,96243
17402,8613,1,90,10,96243
17403,8614,1,13,12,96243
17404,8614,1,4,4,96243
17405,8615,1,46,4,96243
17406,8615,1,1,8,96243
17407,8616,1,474,4,96243
17408,8617,1,3,4,96303
17409,8618,1,0,6,96303
17410,8619,1,161,6,96363
17411,8620,1,28,2,96363
17412,8621,1,7,2,96363
17413,8622,1,21,12,96363
17414,8622,1,47,4,96363
17415,8622,1,32,2,96363
17416,8622,1,78,8,96363
17417,8622,1,122,8,96363
17418,8623,1,86,10,96363
17419,8623,1,13,5,96363
17420,8623,1,381,2,96363
17421,8623,1,70,6,96363
17422,8624,1,317,2,96363
17423,8624,1,276,8,96363
17424,8625,1,44,9,96363
17425,8626,1,13,1,96423
17426,8627,1,46,8,96423
17427,8628,1,315,7,96423
17428,8628,1,174,5,96423
17429,8629,1,189,9,96483
17430,8630,1,211,8,96483
17431,8630,1,201,10,96483
17432,8630,1,16,2,96483
17433,8631,1,60,7,96483
17434,8631,1,85,2,96483
17435,8631,1,0,2,96483
17436,8631,1,138,10,96483
17437,8632,1,0,3,96483
17438,8633,1,293,3,96543
17439,8633,1,13,6,96543
17440,8633,1,125,4,96543
17441,8633,1,151,8,96543
17442,8634,1,381,10,96543
17443,8635,1,3,6,96543
17444,8635,1,60,8,96543
17445,8635,1,34,11,96543
17446,8635,1,26,10,96543
17447,8636,1,77,2,96543
17448,8637,1,73,10,96543
17449,8637,1,1,4,96543
17450,8638,1,385,2,96543
17451,8638,1,464,11,96543
17452,8638,1,7,4,96543
17453,8639,1,416,4,96543
17454,8640,1,3,6,96603
17455,8641,1,375,8,96603
17456,8641,1,22,7,96603
17457,8641,1,278,6,96603
17458,8641,1,17,4,96603
17459,8642,1,5,7,96603
17460,8642,1,98,7,96603
17461,8643,1,60,8,96603
17462,8643,1,5,8,96603
17463,8643,1,115,9,96603
17464,8643,1,326,8,96603
17465,8643,1,392,6,96603
17466,8643,1,10,10,96603
17467,8643,1,89,3,96603
17468,8644,1,23,10,96603
17469,8645,1,340,6,96663
17470,8646,1,188,5,96663
17471,8646,1,7,12,96663
17472,8646,1,45,6,96663
17473,8646,1,63,10,96663
17474,8647,1,47,1,96663
17475,8647,1,139,12,96663
17476,8647,1,376,7,96663
17477,8648,1,5,4,96723
17478,8649,1,11,8,96723
17479,8650,1,1,4,96723
17480,8651,1,145,2,96723
17481,8652,1,22,6,96723
17482,8652,1,339,2,96723
17483,8653,1,24,5,96783
17484,8654,1,14,10,96783
17485,8654,1,22,6,96783
17486,8655,1,155,1,96783
17487,8655,1,15,10,96783
17488,8656,1,165,9,96783
17489,8656,1,1,10,96783
17490,8656,1,41,4,96783
17491,8656,1,181,4,96783
17492,8657,1,4,6,96783
17493,8658,1,301,6,96783
17494,8659,1,475,2,96783
17495,8660,1,242,10,96783
17496,8660,1,24,6,96783
17497,8661,1,77,11,96843
17498,8661,1,26,6,96843
17499,8661,1,34,6,96843
17500,8661,1,5,12,96843
17501,8662,1,0,7,96843
17502,8663,1,99,4,96843
17503,8664,1,18,9,96843
17504,8664,1,26,3,96843
17505,8665,1,10,1,96843
17506,8666,1,4,5,96903
17507,8666,1,2,5,96903
17508,8667,1,137,8,96903
17509,8667,1,133,4,96903
17510,8667,1,249,3,96903
17511,8668,1,6,12,96903
17512,8668,1,42,9,96903
17513,8668,1,94,6,96903
17514,8668,1,176,4,96903
17515,8669,1,151,5,96963
17516,8669,1,363,5,96963
17517,8669,1,37,6,96963
17518,8670,1,2,4,96963
17519,8671,1,47,6,96963
17520,8672,1,486,1,96963
17521,8673,1,107,5,96963
17522,8673,1,121,8,96963
17523,8674,1,15,8,96963
17524,8675,1,44,5,96963
17525,8675,1,8,6,96963
17526,8675,1,142,6,96963
17527,8676,1,39,6,97023
17528,8676,1,22,10,97023
17529,8676,1,99,2,97023
17530,8676,1,109,5,97023
17531,8676,1,6,6,97023
17532,8677,1,462,2,97023
17533,8677,1,37,5,97023
17534,8677,1,20,10,97023
17535,8678,1,68,11,97023
17536,8678,1,168,8,97023
17537,8679,1,19,2,97083
17538,8680,1,69,9,97083
17539,8680,1,283,12,97083
17540,8681,1,399,8,97083
17541,8682,1,484,2,97083
17542,8682,1,46,9,97083
17543,8682,1,32,7,97083
17544,8683,1,86,1,97083
17545,8684,1,364,6,97083
17546,8685,1,493,4,97083
17547,8685,1,236,3,97083
17548,8686,1,63,4,97083
17549,8687,1,45,2,97143
17550,8688,1,127,4,97143
17551,8688,1,109,5,97143
17552,8689,1,219,12,97143
17553,8690,1,208,1,97143
17554,8691,1,131,6,97143
17555,8691,1,13,7,97143
17556,8692,1,8,2,97203
17557,8693,1,80,10,97203
17558,8694,1,75,6,97203
17559,8694,1,238,5,97203
17560,8695,1,28,2,97263
17561,8695,1,7,6,97263
17562,8695,1,78,11,97263
17563,8695,1,5,6,97263
17564,8696,1,118,10,97263
17565,8697,1,191,2,97263
17566,8698,1,173,3,97263
17567,8698,1,1,5,97263
17568,8698,1,318,2,97263
17569,8699,1,5,6,97263
17570,8700,1,62,11,97263
17571,8701,1,87,7,97323
17572,8702,1,495,7,97383
17573,8703,1,7,4,97383
17574,8703,1,144,8,97383
17575,8703,1,8,2,97383
17576,8703,1,68,6,97383
17577,8703,1,402,7,97383
17578,8703,1,0,6,97383
17579,8703,1,336,1,97383
17580,8703,1,9,6,97383
17581,8703,1,238,6,97383
17582,8703,1,22,12,97383
17583,8704,1,80,8,97383
17584,8704,1,105,2,97383
17585,8705,1,7,6,97383
17586,8705,1,58,12,97383
17587,8706,1,291,6,97443
17588,8706,1,162,2,97443
17589,8706,1,2,4,97443
17590,8706,1,8,7,97443
17591,8707,1,2,8,97443
17592,8708,1,49,6,97443
17593,8709,1,1,6,97443
17594,8710,1,22,2,97503
17595,8710,1,489,12,97503
17596,8710,1,294,4,97503
17597,8710,1,138,3,97503
17598,8710,1,368,10,97503
17599,8710,1,341,9,97503
17600,8711,1,359,6,97503
17601,8711,1,4,5,97503
17602,8711,1,9,7,97503
17603,8712,1,11,11,97503
17604,8713,1,4,4,97563
17605,8713,1,441,5,97563
17606,8714,1,6,10,97563
17607,8715,1,4,7,97563
17608,8715,1,93,2,97563
17609,8716,1,18,5,97563
17610,8716,1,11,6,97563
17611,8717,1,3,7,97563
17612,8717,1,104,12,97563
17613,8718,1,109,5,97563
17614,8719,1,106,11,97563
17615,8719,1,7,8,97563
17616,8719,1,39,6,97563
17617,8719,1,232,7,97563
17618,8719,1,60,9,97563
17619,8719,1,58,8,97563
17620,8719,1,102,10,97563
17621,8719,1,3,5,97563
17622,8720,1,7,8,97563
17623,8720,1,45,5,97563
17624,8721,1,394,5,97623
17625,8722,1,199,12,97623
17626,8723,1,31,2,97623
17627,8723,1,24,10,97623
17628,8723,1,330,8,97623
17629,8724,1,67,12,97623
17630,8725,1,132,10,97623
17631,8726,1,0,6,97623
17632,8726,1,42,9,97623
17633,8727,1,27,5,97623
17634,8727,1,18,2,97623
17635,8727,1,43,10,97623
17636,8728,1,289,10,97623
17637,8729,1,263,4,97683
17638,8730,1,155,8,97683
17639,8730,1,48,4,97683
17640,8731,1,6,3,97683
17641,8732,1,2,2,97683
17642,8733,1,28,9,97743
17643,8733,1,24,2,97743
17644,8733,1,44,5,97743
17645,8734,1,34,5,97743
17646,8734,1,36,6,97743
17647,8735,1,131,1,97743
17648,8736,1,33,6,97743
17649,8736,1,372,8,97743
17650,8737,1,43,7,97743
17651,8737,1,110,4,97743
17652,8737,1,166,11,97743
17653,8737,1,179,4,97743
17654,8738,1,8,6,97743
17655,8739,1,23,12,97743
17656,8739,1,384,2,97743
17657,8740,1,53,6,97743
17658,8741,1,17,8,97803
17659,8742,1,4,9,97803
17660,8743,1,201,8,97803
17661,8744,1,292,4,97803
17662,8744,1,28,9,97803
17663,8745,1,403,1,97803
17664,8745,1,341,5,97803
17665,8745,1,2,8,97803
17666,8745,1,67,6,97803
17667,8745,1,179,10,97803
17668,8745,1,181,12,97803
17669,8746,1,37,6,97803
17670,8747,1,14,8,97863
17671,8748,1,17,6,97863
17672,8749,1,34,4,97863
17673,8749,1,216,6,97863
17674,8749,1,12,4,97863
17675,8749,1,472,8,97863
17676,8750,1,181,5,97863
17677,8750,1,56,6,97863
17678,8750,1,27,10,97863
17679,8750,1,16,8,97863
17680,8750,1,74,6,97863
17681,8750,1,11,8,97863
17682,8751,1,177,8,97923
17683,8751,1,16,4,97923
17684,8751,1,46,2,97923
17685,8751,1,208,5,97923
17686,8752,1,29,11,97923
17687,8752,1,81,4,97923
17688,8753,1,42,7,97923
17689,8753,1,198,6,97923
17690,8753,1,80,6,97923
17691,8754,1,46,6,97923
17692,8754,1,201,6,97923
17693,8755,1,26,6,97923
17694,8755,1,203,9,97923
17695,8756,1,7,4,97983
17696,8757,1,42,8,97983
17697,8758,1,41,9,97983
17698,8758,1,338,8,97983
17699,8759,1,5,7,97983
17700,8760,1,395,12,98043
17701,8761,1,181,7,98043
17702,8761,1,118,6,98043
17703,8761,1,73,9,98043
17704,8761,1,402,9,98043
17705,8762,1,168,8,98043
17706,8763,1,291,10,98043
17707,8764,1,17,3,98043
17708,8764,1,18,7,98043
17709,8764,1,449,8,98043
17710,8764,1,169,9,98043
17711,8765,1,155,2,98043
17712,8766,1,386,7,98103
17713,8767,1,103,7,98103
17714,8767,1,128,6,98103
17715,8767,1,285,4,98103
17716,8768,1,33,8,98103
17717,8768,1,123,2,98103
17718,8768,1,32,3,98103
17719,8768,1,37,5,98103
17720,8769,1,35,8,98163
17721,8770,1,17,5,98163
17722,8771,1,7,6,98163
17723,8772,1,0,8,98163
17724,8772,1,111,5,98163
17725,8773,1,21,5,98163
17726,8774,1,118,12,98163
17727,8774,1,133,3,98163
17728,8774,1,105,10,98163
17729,8775,1,36,2,98163
17730,8775,1,0,8,98163
17731,8775,1,47,4,98163
17732,8776,1,12,4,98223
17733,8776,1,7,6,98223
17734,8776,1,2,4,98223
17735,8777,1,55,10,98223
17736,8778,1,8,9,98223
17737,8778,1,2,9,98223
17738,8779,1,127,3,98283
17739,8780,1,41,5,98283
17740,8780,1,9,4,98283
17741,8781,1,31,8,98283
17742,8782,1,6,10,98343
17743,8782,1,10,9,98343
17744,8782,1,18,10,98343
17745,8783,1,109,10,98343
17746,8784,1,39,8,98343
17747,8784,1,127,6,98343
17748,8784,1,51,4,98343
17749,8784,1,114,10,98343
17750,8784,1,46,2,98343
17751,8784,1,134,8,98343
17752,8784,1,36,4,98343
17753,8785,1,90,6,98343
17754,8785,1,431,2,98343
17755,8785,1,346,9,98343
17756,8785,1,54,1,98343
17757,8786,1,5,3,98343
17758,8787,1,46,6,98343
17759,8787,1,0,7,98343
17760,8788,1,337,8,98343
17761,8789,1,0,4,98343
17762,8789,1,387,8,98343
17763,8790,1,146,6,98343
17764,8791,1,131,9,98403
17765,8792,1,20,4,98403
17766,8792,1,93,10,98403
17767,8793,1,223,9,98403
17768,8794,1,20,8,98403
17769,8795,1,113,8,98403
17770,8795,1,188,4,98403
17771,8795,1,483,12,98403
17772,8795,1,348,10,98403
17773,8795,1,7,8,98403
17774,8795,1,154,9,98403
17775,8796,1,200,5,98463
17776,8797,1,80,2,98463
17777,8798,1,35,4,98463
17778,8799,1,44,3,98463
17779,8799,1,17,5,98463
17780,8799,1,16,6,98463
17781,8799,1,91,8,98463
17782,8799,1,144,6,98463
17783,8799,1,22,4,98463
17784,8800,1,361,6,98463
17785,8801,1,238,5,98463
17786,8802,1,204,2,98463
17787,8803,1,389,5,98523
17788,8804,1,11,12,98523
17789,8805,1,469,7,98523
17790,8806,1,164,8,98523
17791,8806,1,72,6,98523
17792,8807,1,33,9,98523
17793,8807,1,19,7,98523
17794,8807,1,5,3,98523
17795,8808,1,5,2,98523
17796,8809,1,0,8,98523
17797,8810,1,59,4,98583
17798,8810,1,7,7,98583
17799,8810,1,308,10,98583
17800,8810,1,61,3,98583
17801,8810,1,75,1,98583
17802,8810,1,20,7,98583
17803,8810,1,89,6,98583
17804,8810,1,107,5,98583
17805,8810,1,25,6,98583
17806,8811,1,82,2,98583
17807,8811,1,453,10,98583
17808,8811,1,139,11,98583
17809,8811,1,47,3,98583
17810,8812,1,6,4,98583
17811,8813,1,22,6,98583
17812,8814,1,46,8,98583
17813,8815,1,5,6,98583
17814,8815,1,281,8,98583
17815,8816,1,113,11,98583
17816,8817,1,27,7,98583
17817,8818,1,150,2,98643
17818,8819,1,92,5,98643
17819,8819,1,149,8,98643
17820,8820,1,337,2,98643
17821,8820,1,19,4,98643
17822,8821,1,212,12,98643
17823,8822,1,41,10,98643
17824,8823,1,19,4,98643
17825,8823,1,136,11,98643
17826,8824,1,48,12,98643
17827,8824,1,5,9,98643
17828,8824,1,6,12,98643
17829,8825,1,32,5,98703
17830,8826,1,7,8,98703
17831,8827,1,46,6,98703
17832,8827,1,31,10,98703
17833,8827,1,11,5,98703
17834,8828,1,44,4,98703
17835,8828,1,6,2,98703
17836,8828,1,106,8,98703
17837,8829,1,13,8,98703
17838,8829,1,2,8,98703
17839,8829,1,308,10,98703
17840,8830,1,9,4,98763
17841,8830,1,76,6,98763
17842,8830,1,81,6,98763
17843,8830,1,41,5,98763
17844,8830,1,48,5,98763
17845,8830,1,12,5,98763
17846,8830,1,28,10,98763
17847,8830,1,7,8,98763
17848,8831,1,346,11,98763
17849,8831,1,21,6,98763
17850,8832,1,68,8,98763
17851,8832,1,309,11,98763
17852,8832,1,21,6,98763
17853,8832,1,25,12,98763
17854,8833,1,0,12,98823
17855,8834,1,288,10,98823
17856,8835,1,0,10,98823
17857,8835,1,231,5,98823
17858,8836,1,31,7,98823
17859,8837,1,24,6,98823
17860,8838,1,437,3,98823
17861,8838,1,148,8,98823
17862,8839,1,37,7,98823
17863,8839,1,18,8,98823
17864,8840,1,12,9,98883
17865,8840,1,47,10,98883
17866,8840,1,18,10,98883
17867,8840,1,211,10,98883
17868,8841,1,117,2,98883
17869,8842,1,14,2,98943
17870,8842,1,480,4,98943
17871,8843,1,383,3,98943
17872,8844,1,63,10,98943
17873,8844,1,104,4,98943
17874,8844,1,76,7,98943
17875,8845,1,35,4,98943
17876,8846,1,0,8,98943
17877,8847,1,2,5,98943
17878,8847,1,47,1,98943
17879,8848,1,4,3,98943
17880,8849,1,10,11,98943
17881,8849,1,34,4,98943
17882,8850,1,301,6,98943
17883,8851,1,33,6,99003
17884,8852,1,196,7,99003
17885,8853,1,146,6,99003
17886,8854,1,5,5,99003
17887,8854,1,7,8,99003
17888,8854,1,16,6,99003
17889,8855,1,56,6,99003
17890,8855,1,42,6,99003
17891,8856,1,486,4,99063
17892,8857,1,17,7,99063
17893,8857,1,456,9,99063
17894,8858,1,165,6,99123
17895,8858,1,25,9,99123
17896,8859,1,5,7,99183
17897,8860,1,187,4,99183
17898,8861,1,23,3,99183
17899,8862,1,177,6,99183
17900,8862,1,5,6,99183
17901,8863,1,4,8,99183
17902,8863,1,53,8,99183
17903,8864,1,80,6,99243
17904,8865,1,349,10,99243
17905,8866,1,5,2,99243
17906,8867,1,4,5,99243
17907,8868,1,16,7,99243
17908,8868,1,13,10,99243
17909,8869,1,366,12,99303
17910,8869,1,31,12,99303
17911,8869,1,194,3,99303
17912,8870,1,40,4,99303
17913,8871,1,172,10,99303
17914,8872,1,20,9,99303
17915,8872,1,252,6,99303
17916,8873,1,1,6,99303
17917,8873,1,67,7,99303
17918,8873,1,171,7,99303
17919,8874,1,97,8,99303
17920,8874,1,238,6,99303
17921,8874,1,1,10,99303
17922,8875,1,47,7,99303
17923,8876,1,2,6,99303
17924,8876,1,17,8,99303
17925,8876,1,444,6,99303
17926,8877,1,53,4,99363
17927,8878,1,32,6,99363
17928,8879,1,20,3,99363
17929,8879,1,2,6,99363
17930,8879,1,499,6,99363
17931,8879,1,379,3,99363
17932,8880,1,121,6,99363
17933,8880,1,24,4,99363
17934,8881,1,16,9,99363
17935,8882,1,142,10,99363
17936,8883,1,17,3,99363
17937,8884,1,19,5,99363
17938,8885,1,26,10,99363
17939,8885,1,18,10,99363
17940,8885,1,8,12,99363
17941,8886,1,17,6,99363
17942,8887,1,90,6,99423
17943,8887,1,16,4,99423
17944,8888,1,278,7,99423
17945,8888,1,13,6,99423
17946,8888,1,453,7,99423
17947,8888,1,29,12,99423
17948,8888,1,444,9,99423
17949,8889,1,179,12,99483
17950,8890,1,1,6,99483
17951,8891,1,174,8,99483
17952,8891,1,18,6,99483
17953,8892,1,49,2,99483
17954,8893,1,32,6,99483
17955,8893,1,480,10,99483
17956,8894,1,51,7,99483
17957,8894,1,12,12,99483
17958,8895,1,28,10,99483
17959,8895,1,0,8,99483
17960,8895,1,113,8,99483
17961,8895,1,122,7,99483
17962,8895,1,242,11,99483
17963,8896,1,267,9,99483
17964,8896,1,218,11,99483
17965,8897,1,287,9,99483
17966,8898,1,337,4,99483
17967,8899,1,244,5,99483
17968,8900,1,349,6,99543
17969,8900,1,29,4,99543
17970,8901,1,139,10,99543
17971,8902,1,222,5,99543
17972,8903,1,109,2,99543
17973,8904,1,27,4,99543
17974,8905,1,150,8,99603
17975,8905,1,110,3,99603
17976,8906,1,7,6,99603
17977,8907,1,176,9,99603
17978,8907,1,19,6,99603
17979,8907,1,40,4,99603
17980,8907,1,9,10,99603
17981,8907,1,97,11,99603
17982,8908,1,288,4,99603
17983,8909,1,19,9,99663
17984,8910,1,84,6,99663
17985,8911,1,175,8,99663
17986,8912,1,82,7,99663
17987,8913,1,173,5,99663
17988,8913,1,479,6,99663
17989,8913,1,177,12,99663
17990,8913,1,215,4,99663
17991,8913,1,51,10,99663
17992,8913,1,425,9,99663
17993,8913,1,146,3,99663
17994,8914,1,171,12,99663
17995,8914,1,16,5,99663
17996,8915,1,52,6,99663
17997,8916,1,7,8,99723
17998,8916,1,2,7,99723
17999,8916,1,26,6,99723
18000,8917,1,2,7,99723
18001,8917,1,53,6,99723
18002,8917,1,113,4,99723
18003,8918,1,456,3,99723
18004,8918,1,19,10,99723
18005,8918,1,74,5,99723
18006,8918,1,398,8,99723
18007,8918,1,43,4,99723
18008,8919,1,0,9,99723
18009,8919,1,117,5,99723
18010,8920,1,24,8,99723
18011,8921,1,370,9,99723
18012,8922,1,390,7,99783
18013,8923,1,480,3,99783
18014,8923,1,21,2,99783
18015,8923,1,87,2,99783
18016,8924,1,77,6,99783
18017,8925,1,17,10,99783
18018,8926,1,6,5,99783
18019,8927,1,136,4,99783
18020,8927,1,28,8,99783
18021,8928,1,319,6,99783
18022,8929,1,40,6,99843
18023,8930,1,35,9,99843
18024,8930,1,0,8,99843
18025,8930,1,221,7,99843
18026,8931,1,486,8,99843
18027,8931,1,84,5,99843
18028,8932,1,13,9,99843
18029,8933,1,289,9,99903
18030,8934,1,280,5,99903
18031,8935,1,250,6,99903
18032,8936,1,186,2,99903
18033,8936,1,142,6,99903
18034,8937,1,426,10,99903
18035,8938,1,29,8,99903
18036,8938,1,12,5,99903
18037,8938,1,128,10,99903
18038,8938,1,199,10,99903
18039,8938,1,25,5,99903
18040,8939,1,491,9,99903
18041,8939,1,3,10,99903
18042,8940,1,112,10,99963
18043,8940,1,296,4,99963
18044,8940,1,61,7,99963
18045,8940,1,93,6,99963
18046,8940,1,18,6,99963
18047,8941,1,81,6,99963
18048,8941,1,285,8,99963
18049,8942,1,348,2,99963
18050,8942,1,129,4,99963
18051,8943,1,60,4,99963
18052,8944,1,33,8,99963
