order_id,order_dum,order_type,item,qty,facing,due_date,station,pod_id,status,finish_time,date,time_gen
0,0,1,3,10,-1,99999,-1,-1,-3,-1,1,60
1,0,1,350,1,-1,99999,-1,-1,-3,-1,1,60
2,0,1,128,9,-1,99999,-1,-1,-3,-1,1,60
3,1,1,4,8,-1,99999,-1,-1,-3,-1,1,60
4,2,1,98,8,-1,99999,-1,-1,-3,-1,1,60
5,2,1,201,4,-1,99999,-1,-1,-3,-1,1,60
6,3,1,35,12,-1,99999,-1,-1,-3,-1,1,60
7,4,1,83,3,-1,99999,-1,-1,-3,-1,1,60
8,4,1,174,5,-1,99999,-1,-1,-3,-1,1,60
9,5,1,60,1,-1,99999,-1,-1,-3,-1,1,120
10,6,1,487,8,-1,99999,-1,-1,-3,-1,1,120
11,6,1,44,4,-1,99999,-1,-1,-3,-1,1,120
12,7,1,3,10,-1,99999,-1,-1,-3,-1,1,120
13,8,1,1,4,-1,99999,-1,-1,-3,-1,1,120
14,9,1,1,11,-1,99999,-1,-1,-3,-1,1,180
15,10,1,429,3,-1,99999,-1,-1,-3,-1,1,180
16,11,1,81,6,-1,99999,-1,-1,-3,-1,1,240
17,12,1,130,5,-1,99999,-1,-1,-3,-1,1,240
18,13,1,15,8,-1,99999,-1,-1,-3,-1,1,240
19,14,1,2,4,-1,99999,-1,-1,-3,-1,1,240
20,14,1,6,5,-1,99999,-1,-1,-3,-1,1,240
21,14,1,206,4,-1,99999,-1,-1,-3,-1,1,240
22,15,1,123,6,-1,99999,-1,-1,-3,-1,1,240
23,15,1,18,1,-1,99999,-1,-1,-3,-1,1,240
24,16,1,16,6,-1,99999,-1,-1,-3,-1,1,240
25,17,1,128,5,-1,99999,-1,-1,-3,-1,1,240
26,17,1,38,10,-1,99999,-1,-1,-3,-1,1,240
27,17,1,71,10,-1,99999,-1,-1,-3,-1,1,240
28,18,1,172,6,-1,99999,-1,-1,-3,-1,1,300
29,18,1,193,1,-1,99999,-1,-1,-3,-1,1,300
30,18,1,23,4,-1,99999,-1,-1,-3,-1,1,300
31,18,1,48,3,-1,99999,-1,-1,-3,-1,1,300
32,19,1,47,10,-1,99999,-1,-1,-3,-1,1,300
33,19,1,133,4,-1,99999,-1,-1,-3,-1,1,300
34,19,1,78,6,-1,99999,-1,-1,-3,-1,1,300
35,20,1,272,10,-1,99999,-1,-1,-3,-1,1,300
36,20,1,7,5,-1,99999,-1,-1,-3,-1,1,300
37,21,1,30,4,-1,99999,-1,-1,-3,-1,1,300
38,22,1,92,4,-1,99999,-1,-1,-3,-1,1,300
39,23,1,180,8,-1,99999,-1,-1,-3,-1,1,360
40,24,1,227,4,-1,99999,-1,-1,-3,-1,1,360
41,24,1,37,4,-1,99999,-1,-1,-3,-1,1,360
42,24,1,35,8,-1,99999,-1,-1,-3,-1,1,360
43,24,1,12,6,-1,99999,-1,-1,-3,-1,1,360
44,24,1,1,8,-1,99999,-1,-1,-3,-1,1,360
45,25,1,50,12,-1,99999,-1,-1,-3,-1,1,360
46,26,1,413,8,-1,99999,-1,-1,-3,-1,1,360
47,26,1,492,11,-1,99999,-1,-1,-3,-1,1,360
48,27,1,101,4,-1,99999,-1,-1,-3,-1,1,360
49,28,1,139,5,-1,99999,-1,-1,-3,-1,1,360
50,29,1,42,6,-1,99999,-1,-1,-3,-1,1,360
51,30,1,115,7,-1,99999,-1,-1,-3,-1,1,420
52,31,1,10,5,-1,99999,-1,-1,-3,-1,1,420
53,31,1,475,9,-1,99999,-1,-1,-3,-1,1,420
54,31,1,20,7,-1,99999,-1,-1,-3,-1,1,420
55,31,1,23,3,-1,99999,-1,-1,-3,-1,1,420
56,32,1,0,3,-1,99999,-1,-1,-3,-1,1,420
57,32,1,120,8,-1,99999,-1,-1,-3,-1,1,420
58,33,1,53,2,-1,99999,-1,-1,-3,-1,1,420
59,33,1,207,9,-1,99999,-1,-1,-3,-1,1,420
60,34,1,402,11,-1,99999,-1,-1,-3,-1,1,420
61,35,1,110,3,-1,99999,-1,-1,-3,-1,1,420
62,35,1,184,5,-1,99999,-1,-1,-3,-1,1,420
63,35,1,483,6,-1,99999,-1,-1,-3,-1,1,420
64,36,1,149,4,-1,99999,-1,-1,-3,-1,1,420
65,37,1,78,8,-1,99999,-1,-1,-3,-1,1,420
66,37,1,32,2,-1,99999,-1,-1,-3,-1,1,420
67,38,1,68,8,-1,99999,-1,-1,-3,-1,1,420
68,38,1,3,8,-1,99999,-1,-1,-3,-1,1,420
69,38,1,47,8,-1,99999,-1,-1,-3,-1,1,420
70,39,1,9,1,-1,99999,-1,-1,-3,-1,1,420
71,39,1,72,4,-1,99999,-1,-1,-3,-1,1,420
72,40,1,47,6,-1,99999,-1,-1,-3,-1,1,420
73,41,1,32,6,-1,99999,-1,-1,-3,-1,1,480
74,42,1,142,7,-1,99999,-1,-1,-3,-1,1,480
75,42,1,65,2,-1,99999,-1,-1,-3,-1,1,480
76,43,1,169,6,-1,99999,-1,-1,-3,-1,1,480
77,43,1,97,11,-1,99999,-1,-1,-3,-1,1,480
78,44,1,79,10,-1,99999,-1,-1,-3,-1,1,480
79,45,1,8,4,-1,99999,-1,-1,-3,-1,1,480
80,45,1,260,8,-1,99999,-1,-1,-3,-1,1,480
81,45,1,483,6,-1,99999,-1,-1,-3,-1,1,480
82,45,1,61,10,-1,99999,-1,-1,-3,-1,1,480
83,46,1,8,7,-1,99999,-1,-1,-3,-1,1,540
84,47,1,411,4,-1,99999,-1,-1,-3,-1,1,540
85,47,1,28,8,-1,99999,-1,-1,-3,-1,1,540
86,48,1,469,5,-1,99999,-1,-1,-3,-1,1,600
87,48,1,48,5,-1,99999,-1,-1,-3,-1,1,600
88,48,1,125,10,-1,99999,-1,-1,-3,-1,1,600
89,49,1,47,10,-1,99999,-1,-1,-3,-1,1,600
90,50,1,486,6,-1,99999,-1,-1,-3,-1,1,600
91,50,1,23,4,-1,99999,-1,-1,-3,-1,1,600
92,50,1,31,6,-1,99999,-1,-1,-3,-1,1,600
93,51,1,29,8,-1,99999,-1,-1,-3,-1,1,600
94,51,1,183,6,-1,99999,-1,-1,-3,-1,1,600
95,51,1,246,4,-1,99999,-1,-1,-3,-1,1,600
96,51,1,303,3,-1,99999,-1,-1,-3,-1,1,600
97,52,1,30,2,-1,99999,-1,-1,-3,-1,1,600
98,52,1,19,12,-1,99999,-1,-1,-3,-1,1,600
99,53,1,453,4,-1,99999,-1,-1,-3,-1,1,660
100,53,1,160,10,-1,99999,-1,-1,-3,-1,1,660
101,54,1,90,10,-1,99999,-1,-1,-3,-1,1,660
102,55,1,1,6,-1,99999,-1,-1,-3,-1,1,660
103,56,1,63,4,-1,99999,-1,-1,-3,-1,1,660
104,57,1,39,6,-1,99999,-1,-1,-3,-1,1,720
105,58,1,261,5,-1,99999,-1,-1,-3,-1,1,720
106,59,1,264,10,-1,99999,-1,-1,-3,-1,1,720
107,59,1,163,10,-1,99999,-1,-1,-3,-1,1,720
108,60,1,4,7,-1,99999,-1,-1,-3,-1,1,720
109,61,1,112,11,-1,99999,-1,-1,-3,-1,1,720
110,62,1,18,9,-1,99999,-1,-1,-3,-1,1,720
111,63,1,248,10,-1,99999,-1,-1,-3,-1,1,720
112,63,1,406,5,-1,99999,-1,-1,-3,-1,1,720
113,63,1,349,10,-1,99999,-1,-1,-3,-1,1,720
114,63,1,21,2,-1,99999,-1,-1,-3,-1,1,720
115,64,1,0,6,-1,99999,-1,-1,-3,-1,1,720
116,64,1,4,8,-1,99999,-1,-1,-3,-1,1,720
117,64,1,178,5,-1,99999,-1,-1,-3,-1,1,720
118,64,1,1,10,-1,99999,-1,-1,-3,-1,1,720
119,65,1,17,12,-1,99999,-1,-1,-3,-1,1,780
120,65,1,8,9,-1,99999,-1,-1,-3,-1,1,780
121,65,1,4,8,-1,99999,-1,-1,-3,-1,1,780
122,65,1,165,8,-1,99999,-1,-1,-3,-1,1,780
123,65,1,163,2,-1,99999,-1,-1,-3,-1,1,780
124,66,1,329,6,-1,99999,-1,-1,-3,-1,1,780
125,66,1,186,2,-1,99999,-1,-1,-3,-1,1,780
126,67,1,444,2,-1,99999,-1,-1,-3,-1,1,780
127,67,1,1,8,-1,99999,-1,-1,-3,-1,1,780
128,67,1,105,3,-1,99999,-1,-1,-3,-1,1,780
129,67,1,211,3,-1,99999,-1,-1,-3,-1,1,780
130,67,1,32,7,-1,99999,-1,-1,-3,-1,1,780
131,68,1,92,6,-1,99999,-1,-1,-3,-1,1,780
132,69,1,14,6,-1,99999,-1,-1,-3,-1,1,780
133,70,1,296,8,-1,99999,-1,-1,-3,-1,1,840
134,71,1,49,3,-1,99999,-1,-1,-3,-1,1,840
135,71,1,45,6,-1,99999,-1,-1,-3,-1,1,840
136,71,1,21,2,-1,99999,-1,-1,-3,-1,1,840
137,71,1,17,6,-1,99999,-1,-1,-3,-1,1,840
138,71,1,5,4,-1,99999,-1,-1,-3,-1,1,840
139,72,1,192,4,-1,99999,-1,-1,-3,-1,1,840
140,73,1,40,10,-1,99999,-1,-1,-3,-1,1,840
141,74,1,312,4,-1,99999,-1,-1,-3,-1,1,840
142,74,1,18,6,-1,99999,-1,-1,-3,-1,1,840
143,75,1,300,8,-1,99999,-1,-1,-3,-1,1,900
144,75,1,18,9,-1,99999,-1,-1,-3,-1,1,900
145,75,1,98,7,-1,99999,-1,-1,-3,-1,1,900
146,75,1,35,7,-1,99999,-1,-1,-3,-1,1,900
147,75,1,73,6,-1,99999,-1,-1,-3,-1,1,900
148,76,1,164,2,-1,99999,-1,-1,-3,-1,1,900
149,77,1,29,2,-1,99999,-1,-1,-3,-1,1,900
150,78,1,17,6,-1,99999,-1,-1,-3,-1,1,900
151,79,1,337,6,-1,99999,-1,-1,-3,-1,1,900
152,80,1,109,2,-1,99999,-1,-1,-3,-1,1,900
153,80,1,191,12,-1,99999,-1,-1,-3,-1,1,900
154,80,1,174,7,-1,99999,-1,-1,-3,-1,1,900
155,80,1,378,4,-1,99999,-1,-1,-3,-1,1,900
156,81,1,115,6,-1,99999,-1,-1,-3,-1,1,900
157,81,1,14,6,-1,99999,-1,-1,-3,-1,1,900
158,81,1,297,10,-1,99999,-1,-1,-3,-1,1,900
159,81,1,495,10,-1,99999,-1,-1,-3,-1,1,900
160,82,1,65,4,-1,99999,-1,-1,-3,-1,1,960
161,83,1,68,6,-1,99999,-1,-1,-3,-1,1,960
162,83,1,0,9,-1,99999,-1,-1,-3,-1,1,960
163,84,1,392,6,-1,99999,-1,-1,-3,-1,1,960
164,85,1,6,8,-1,99999,-1,-1,-3,-1,1,960
165,85,1,20,10,-1,99999,-1,-1,-3,-1,1,960
166,85,1,231,10,-1,99999,-1,-1,-3,-1,1,960
167,85,1,59,8,-1,99999,-1,-1,-3,-1,1,960
168,85,1,48,5,-1,99999,-1,-1,-3,-1,1,960
169,85,1,46,4,-1,99999,-1,-1,-3,-1,1,960
170,85,1,42,7,-1,99999,-1,-1,-3,-1,1,960
171,85,1,1,7,-1,99999,-1,-1,-3,-1,1,960
172,86,1,40,6,-1,99999,-1,-1,-3,-1,1,960
173,86,1,61,5,-1,99999,-1,-1,-3,-1,1,960
174,87,1,33,8,-1,99999,-1,-1,-3,-1,1,960
175,87,1,226,8,-1,99999,-1,-1,-3,-1,1,960
176,87,1,9,5,-1,99999,-1,-1,-3,-1,1,960
177,87,1,140,3,-1,99999,-1,-1,-3,-1,1,960
178,87,1,276,9,-1,99999,-1,-1,-3,-1,1,960
179,87,1,254,8,-1,99999,-1,-1,-3,-1,1,960
180,88,1,171,2,-1,99999,-1,-1,-3,-1,1,1020
181,89,1,10,9,-1,99999,-1,-1,-3,-1,1,1020
182,89,1,230,8,-1,99999,-1,-1,-3,-1,1,1020
183,89,1,92,3,-1,99999,-1,-1,-3,-1,1,1020
184,89,1,0,8,-1,99999,-1,-1,-3,-1,1,1020
185,90,1,336,3,-1,99999,-1,-1,-3,-1,1,1020
186,90,1,0,4,-1,99999,-1,-1,-3,-1,1,1020
187,91,1,38,6,-1,99999,-1,-1,-3,-1,1,1020
188,92,1,40,7,-1,99999,-1,-1,-3,-1,1,1020
189,93,1,7,4,-1,99999,-1,-1,-3,-1,1,1020
190,93,1,88,4,-1,99999,-1,-1,-3,-1,1,1020
191,93,1,42,4,-1,99999,-1,-1,-3,-1,1,1020
192,93,1,46,10,-1,99999,-1,-1,-3,-1,1,1020
193,94,1,389,5,-1,99999,-1,-1,-3,-1,1,1020
194,95,1,175,12,-1,99999,-1,-1,-3,-1,1,1020
195,96,1,229,8,-1,99999,-1,-1,-3,-1,1,1020
196,97,1,39,6,-1,99999,-1,-1,-3,-1,1,1080
197,97,1,93,8,-1,99999,-1,-1,-3,-1,1,1080
198,97,1,76,5,-1,99999,-1,-1,-3,-1,1,1080
199,98,1,90,9,-1,99999,-1,-1,-3,-1,1,1080
200,99,1,60,4,-1,99999,-1,-1,-3,-1,1,1080
201,100,1,37,8,-1,99999,-1,-1,-3,-1,1,1080
202,101,1,147,2,-1,99999,-1,-1,-3,-1,1,1080
203,102,1,13,11,-1,99999,-1,-1,-3,-1,1,1140
204,103,1,68,7,-1,99999,-1,-1,-3,-1,1,1140
205,104,1,0,4,-1,99999,-1,-1,-3,-1,1,1140
206,104,1,59,2,-1,99999,-1,-1,-3,-1,1,1140
207,104,1,19,5,-1,99999,-1,-1,-3,-1,1,1140
208,104,1,50,4,-1,99999,-1,-1,-3,-1,1,1140
209,105,1,138,12,-1,99999,-1,-1,-3,-1,1,1140
210,105,1,6,10,-1,99999,-1,-1,-3,-1,1,1140
211,105,1,47,4,-1,99999,-1,-1,-3,-1,1,1140
212,106,1,72,6,-1,99999,-1,-1,-3,-1,1,1140
213,106,1,111,4,-1,99999,-1,-1,-3,-1,1,1140
214,107,1,245,8,-1,99999,-1,-1,-3,-1,1,1140
215,107,1,7,3,-1,99999,-1,-1,-3,-1,1,1140
216,107,1,22,6,-1,99999,-1,-1,-3,-1,1,1140
217,107,1,434,2,-1,99999,-1,-1,-3,-1,1,1140
218,107,1,247,4,-1,99999,-1,-1,-3,-1,1,1140
219,107,1,332,4,-1,99999,-1,-1,-3,-1,1,1140
220,107,1,15,12,-1,99999,-1,-1,-3,-1,1,1140
221,107,1,64,8,-1,99999,-1,-1,-3,-1,1,1140
222,108,1,397,6,-1,99999,-1,-1,-3,-1,1,1140
223,108,1,78,9,-1,99999,-1,-1,-3,-1,1,1140
224,109,1,97,7,-1,99999,-1,-1,-3,-1,1,1200
225,109,1,20,6,-1,99999,-1,-1,-3,-1,1,1200
226,109,1,246,6,-1,99999,-1,-1,-3,-1,1,1200
227,109,1,16,10,-1,99999,-1,-1,-3,-1,1,1200
228,109,1,43,7,-1,99999,-1,-1,-3,-1,1,1200
229,110,1,259,8,-1,99999,-1,-1,-3,-1,1,1200
230,111,1,86,6,-1,99999,-1,-1,-3,-1,1,1200
231,111,1,34,5,-1,99999,-1,-1,-3,-1,1,1200
232,112,1,361,4,-1,99999,-1,-1,-3,-1,1,1200
233,112,1,37,1,-1,99999,-1,-1,-3,-1,1,1200
234,113,1,95,6,-1,99999,-1,-1,-3,-1,1,1200
235,114,1,91,7,-1,99999,-1,-1,-3,-1,1,1200
236,115,1,40,11,-1,99999,-1,-1,-3,-1,1,1260
237,115,1,132,4,-1,99999,-1,-1,-3,-1,1,1260
238,116,1,46,4,-1,99999,-1,-1,-3,-1,1,1260
239,117,1,108,4,-1,99999,-1,-1,-3,-1,1,1260
240,117,1,142,12,-1,99999,-1,-1,-3,-1,1,1260
241,118,1,48,12,-1,99999,-1,-1,-3,-1,1,1260
242,119,1,0,8,-1,99999,-1,-1,-3,-1,1,1260
243,120,1,38,8,-1,99999,-1,-1,-3,-1,1,1260
244,121,1,252,6,-1,99999,-1,-1,-3,-1,1,1320
245,121,1,293,9,-1,99999,-1,-1,-3,-1,1,1320
246,121,1,121,2,-1,99999,-1,-1,-3,-1,1,1320
247,122,1,112,6,-1,99999,-1,-1,-3,-1,1,1320
248,123,1,6,6,-1,99999,-1,-1,-3,-1,1,1320
249,123,1,26,6,-1,99999,-1,-1,-3,-1,1,1320
250,124,1,6,8,-1,99999,-1,-1,-3,-1,1,1320
251,125,1,54,4,-1,99999,-1,-1,-3,-1,1,1320
252,126,1,150,8,-1,99999,-1,-1,-3,-1,1,1320
253,127,1,31,6,-1,99999,-1,-1,-3,-1,1,1320
254,128,1,19,11,-1,99999,-1,-1,-3,-1,1,1380
255,129,1,94,2,-1,99999,-1,-1,-3,-1,1,1380
256,130,1,3,2,-1,99999,-1,-1,-3,-1,1,1380
257,130,1,80,8,-1,99999,-1,-1,-3,-1,1,1380
258,130,1,5,4,-1,99999,-1,-1,-3,-1,1,1380
259,131,1,233,8,-1,99999,-1,-1,-3,-1,1,1380
260,132,1,199,10,-1,99999,-1,-1,-3,-1,1,1380
261,133,1,54,8,-1,99999,-1,-1,-3,-1,1,1380
262,133,1,268,8,-1,99999,-1,-1,-3,-1,1,1380
263,134,1,66,5,-1,99999,-1,-1,-3,-1,1,1380
264,134,1,279,6,-1,99999,-1,-1,-3,-1,1,1380
265,135,1,8,7,-1,99999,-1,-1,-3,-1,1,1440
266,136,1,301,4,-1,99999,-1,-1,-3,-1,1,1440
267,136,1,4,4,-1,99999,-1,-1,-3,-1,1,1440
268,137,1,30,4,-1,99999,-1,-1,-3,-1,1,1440
269,138,1,17,3,-1,99999,-1,-1,-3,-1,1,1440
270,138,1,170,4,-1,99999,-1,-1,-3,-1,1,1440
271,138,1,387,9,-1,99999,-1,-1,-3,-1,1,1440
272,139,1,10,11,-1,99999,-1,-1,-3,-1,1,1440
273,139,1,104,4,-1,99999,-1,-1,-3,-1,1,1440
274,139,1,87,6,-1,99999,-1,-1,-3,-1,1,1440
275,139,1,58,7,-1,99999,-1,-1,-3,-1,1,1440
276,139,1,7,9,-1,99999,-1,-1,-3,-1,1,1440
277,140,1,266,9,-1,99999,-1,-1,-3,-1,1,1440
278,140,1,2,6,-1,99999,-1,-1,-3,-1,1,1440
279,140,1,92,10,-1,99999,-1,-1,-3,-1,1,1440
280,141,1,0,6,-1,99999,-1,-1,-3,-1,1,1440
281,141,1,285,9,-1,99999,-1,-1,-3,-1,1,1440
282,142,1,21,7,-1,99999,-1,-1,-3,-1,1,1440
283,142,1,86,8,-1,99999,-1,-1,-3,-1,1,1440
284,142,1,22,8,-1,99999,-1,-1,-3,-1,1,1440
285,142,1,5,6,-1,99999,-1,-1,-3,-1,1,1440
286,143,1,47,9,-1,99999,-1,-1,-3,-1,1,1500
287,144,1,16,2,-1,99999,-1,-1,-3,-1,1,1500
288,144,1,164,11,-1,99999,-1,-1,-3,-1,1,1500
289,145,1,0,10,-1,99999,-1,-1,-3,-1,1,1500
290,145,1,3,9,-1,99999,-1,-1,-3,-1,1,1500
291,145,1,417,11,-1,99999,-1,-1,-3,-1,1,1500
292,145,1,46,7,-1,99999,-1,-1,-3,-1,1,1500
293,145,1,62,5,-1,99999,-1,-1,-3,-1,1,1500
294,146,1,9,10,-1,99999,-1,-1,-3,-1,1,1500
295,147,1,100,5,-1,99999,-1,-1,-3,-1,1,1500
296,148,1,92,6,-1,99999,-1,-1,-3,-1,1,1500
297,149,1,306,2,-1,99999,-1,-1,-3,-1,1,1500
298,149,1,60,6,-1,99999,-1,-1,-3,-1,1,1500
299,150,1,43,8,-1,99999,-1,-1,-3,-1,1,1500
300,151,1,1,8,-1,99999,-1,-1,-3,-1,1,1500
301,152,1,47,12,-1,99999,-1,-1,-3,-1,1,1500
302,152,1,27,9,-1,99999,-1,-1,-3,-1,1,1500
303,152,1,0,8,-1,99999,-1,-1,-3,-1,1,1500
304,152,1,51,4,-1,99999,-1,-1,-3,-1,1,1500
305,152,1,183,9,-1,99999,-1,-1,-3,-1,1,1500
306,152,1,2,1,-1,99999,-1,-1,-3,-1,1,1500
307,153,1,1,6,-1,99999,-1,-1,-3,-1,1,1560
308,153,1,2,4,-1,99999,-1,-1,-3,-1,1,1560
309,154,1,391,6,-1,99999,-1,-1,-3,-1,1,1560
310,155,1,7,4,-1,99999,-1,-1,-3,-1,1,1560
311,156,1,115,12,-1,99999,-1,-1,-3,-1,1,1560
312,157,1,15,6,-1,99999,-1,-1,-3,-1,1,1560
313,158,1,5,3,-1,99999,-1,-1,-3,-1,1,1560
314,158,1,496,6,-1,99999,-1,-1,-3,-1,1,1560
315,158,1,46,7,-1,99999,-1,-1,-3,-1,1,1560
316,159,1,264,8,-1,99999,-1,-1,-3,-1,1,1620
317,160,1,486,4,-1,99999,-1,-1,-3,-1,1,1620
318,161,1,54,5,-1,99999,-1,-1,-3,-1,1,1620
319,162,1,70,8,-1,99999,-1,-1,-3,-1,1,1620
320,163,1,258,4,-1,99999,-1,-1,-3,-1,1,1680
321,163,1,62,6,-1,99999,-1,-1,-3,-1,1,1680
322,163,1,4,6,-1,99999,-1,-1,-3,-1,1,1680
323,164,1,4,4,-1,99999,-1,-1,-3,-1,1,1680
324,164,1,1,10,-1,99999,-1,-1,-3,-1,1,1680
325,165,1,0,2,-1,99999,-1,-1,-3,-1,1,1680
326,165,1,77,7,-1,99999,-1,-1,-3,-1,1,1680
327,165,1,11,4,-1,99999,-1,-1,-3,-1,1,1680
328,166,1,1,4,-1,99999,-1,-1,-3,-1,1,1680
329,167,1,148,8,-1,99999,-1,-1,-3,-1,1,1680
330,168,1,30,1,-1,99999,-1,-1,-3,-1,1,1680
331,168,1,308,8,-1,99999,-1,-1,-3,-1,1,1680
332,169,1,166,8,-1,99999,-1,-1,-3,-1,1,1680
333,169,1,223,4,-1,99999,-1,-1,-3,-1,1,1680
334,170,1,43,12,-1,99999,-1,-1,-3,-1,1,1740
335,171,1,179,8,-1,99999,-1,-1,-3,-1,1,1740
336,171,1,176,8,-1,99999,-1,-1,-3,-1,1,1740
337,172,1,10,12,-1,99999,-1,-1,-3,-1,1,1740
338,173,1,9,12,-1,99999,-1,-1,-3,-1,1,1740
339,173,1,327,11,-1,99999,-1,-1,-3,-1,1,1740
340,173,1,22,7,-1,99999,-1,-1,-3,-1,1,1740
341,173,1,6,8,-1,99999,-1,-1,-3,-1,1,1740
342,173,1,196,2,-1,99999,-1,-1,-3,-1,1,1740
343,173,1,152,4,-1,99999,-1,-1,-3,-1,1,1740
344,173,1,26,10,-1,99999,-1,-1,-3,-1,1,1740
345,174,1,4,10,-1,99999,-1,-1,-3,-1,1,1740
346,175,1,288,8,-1,99999,-1,-1,-3,-1,1,1800
347,176,1,246,4,-1,99999,-1,-1,-3,-1,1,1800
348,176,1,71,1,-1,99999,-1,-1,-3,-1,1,1800
349,176,1,114,7,-1,99999,-1,-1,-3,-1,1,1800
350,177,1,48,6,-1,99999,-1,-1,-3,-1,1,1800
351,177,1,27,6,-1,99999,-1,-1,-3,-1,1,1800
352,178,1,51,10,-1,99999,-1,-1,-3,-1,1,1800
353,179,1,308,7,-1,99999,-1,-1,-3,-1,1,1800
354,179,1,47,12,-1,99999,-1,-1,-3,-1,1,1800
355,179,1,179,6,-1,99999,-1,-1,-3,-1,1,1800
356,180,1,49,6,-1,99999,-1,-1,-3,-1,1,1800
357,181,1,31,8,-1,99999,-1,-1,-3,-1,1,1860
358,181,1,46,10,-1,99999,-1,-1,-3,-1,1,1860
359,182,1,216,7,-1,99999,-1,-1,-3,-1,1,1860
360,182,1,5,3,-1,99999,-1,-1,-3,-1,1,1860
361,183,1,0,4,-1,99999,-1,-1,-3,-1,1,1860
362,183,1,88,5,-1,99999,-1,-1,-3,-1,1,1860
363,184,1,187,7,-1,99999,-1,-1,-3,-1,1,1860
364,185,1,146,12,-1,99999,-1,-1,-3,-1,1,1860
365,186,1,23,9,-1,99999,-1,-1,-3,-1,1,1860
366,187,1,287,9,-1,99999,-1,-1,-3,-1,1,1920
367,188,1,40,6,-1,99999,-1,-1,-3,-1,1,1920
368,189,1,58,12,-1,99999,-1,-1,-3,-1,1,1920
369,190,1,38,7,-1,99999,-1,-1,-3,-1,1,1920
370,190,1,0,8,-1,99999,-1,-1,-3,-1,1,1920
371,190,1,56,4,-1,99999,-1,-1,-3,-1,1,1920
372,191,1,247,7,-1,99999,-1,-1,-3,-1,1,1920
373,192,1,38,6,-1,99999,-1,-1,-3,-1,1,1920
374,193,1,265,12,-1,99999,-1,-1,-3,-1,1,1980
375,194,1,98,2,-1,99999,-1,-1,-3,-1,1,1980
376,194,1,172,7,-1,99999,-1,-1,-3,-1,1,1980
377,194,1,12,7,-1,99999,-1,-1,-3,-1,1,1980
378,195,1,149,8,-1,99999,-1,-1,-3,-1,1,1980
379,195,1,31,6,-1,99999,-1,-1,-3,-1,1,1980
380,196,1,301,4,-1,99999,-1,-1,-3,-1,1,1980
381,196,1,48,9,-1,99999,-1,-1,-3,-1,1,1980
382,196,1,47,12,-1,99999,-1,-1,-3,-1,1,1980
383,196,1,286,2,-1,99999,-1,-1,-3,-1,1,1980
384,197,1,9,6,-1,99999,-1,-1,-3,-1,1,1980
385,197,1,4,7,-1,99999,-1,-1,-3,-1,1,1980
386,198,1,13,8,-1,99999,-1,-1,-3,-1,1,2040
387,199,1,30,6,-1,99999,-1,-1,-3,-1,1,2040
388,199,1,49,5,-1,99999,-1,-1,-3,-1,1,2040
389,200,1,348,5,-1,99999,-1,-1,-3,-1,1,2040
390,200,1,34,3,-1,99999,-1,-1,-3,-1,1,2040
391,200,1,89,6,-1,99999,-1,-1,-3,-1,1,2040
392,200,1,82,7,-1,99999,-1,-1,-3,-1,1,2040
393,200,1,35,8,-1,99999,-1,-1,-3,-1,1,2040
394,200,1,103,7,-1,99999,-1,-1,-3,-1,1,2040
395,201,1,182,7,-1,99999,-1,-1,-3,-1,1,2040
396,201,1,85,10,-1,99999,-1,-1,-3,-1,1,2040
397,202,1,148,6,-1,99999,-1,-1,-3,-1,1,2040
398,203,1,1,5,-1,99999,-1,-1,-3,-1,1,2040
399,204,1,204,8,-1,99999,-1,-1,-3,-1,1,2040
400,205,1,0,9,-1,99999,-1,-1,-3,-1,1,2100
401,206,1,316,10,-1,99999,-1,-1,-3,-1,1,2100
402,207,1,45,10,-1,99999,-1,-1,-3,-1,1,2100
403,208,1,261,4,-1,99999,-1,-1,-3,-1,1,2100
404,208,1,186,3,-1,99999,-1,-1,-3,-1,1,2100
405,209,1,454,6,-1,99999,-1,-1,-3,-1,1,2100
406,209,1,245,4,-1,99999,-1,-1,-3,-1,1,2100
407,209,1,12,10,-1,99999,-1,-1,-3,-1,1,2100
408,210,1,385,8,-1,99999,-1,-1,-3,-1,1,2100
409,211,1,100,10,-1,99999,-1,-1,-3,-1,1,2160
410,212,1,145,8,-1,99999,-1,-1,-3,-1,1,2160
411,212,1,7,10,-1,99999,-1,-1,-3,-1,1,2160
412,212,1,242,5,-1,99999,-1,-1,-3,-1,1,2160
413,212,1,127,5,-1,99999,-1,-1,-3,-1,1,2160
414,212,1,4,7,-1,99999,-1,-1,-3,-1,1,2160
415,212,1,410,9,-1,99999,-1,-1,-3,-1,1,2160
416,213,1,28,4,-1,99999,-1,-1,-3,-1,1,2160
417,214,1,9,10,-1,99999,-1,-1,-3,-1,1,2220
418,215,1,444,4,-1,99999,-1,-1,-3,-1,1,2220
419,216,1,273,10,-1,99999,-1,-1,-3,-1,1,2220
420,217,1,67,9,-1,99999,-1,-1,-3,-1,1,2220
421,217,1,73,7,-1,99999,-1,-1,-3,-1,1,2220
422,217,1,5,5,-1,99999,-1,-1,-3,-1,1,2220
423,218,1,176,11,-1,99999,-1,-1,-3,-1,1,2220
424,218,1,29,6,-1,99999,-1,-1,-3,-1,1,2220
425,218,1,224,10,-1,99999,-1,-1,-3,-1,1,2220
426,218,1,2,6,-1,99999,-1,-1,-3,-1,1,2220
427,219,1,8,4,-1,99999,-1,-1,-3,-1,1,2220
428,220,1,458,12,-1,99999,-1,-1,-3,-1,1,2220
429,220,1,5,7,-1,99999,-1,-1,-3,-1,1,2220
430,221,1,79,7,-1,99999,-1,-1,-3,-1,1,2220
431,221,1,27,9,-1,99999,-1,-1,-3,-1,1,2220
432,221,1,89,7,-1,99999,-1,-1,-3,-1,1,2220
433,221,1,48,3,-1,99999,-1,-1,-3,-1,1,2220
434,221,1,288,2,-1,99999,-1,-1,-3,-1,1,2220
435,222,1,5,3,-1,99999,-1,-1,-3,-1,1,2280
436,223,1,11,4,-1,99999,-1,-1,-3,-1,1,2280
437,223,1,262,12,-1,99999,-1,-1,-3,-1,1,2280
438,224,1,144,7,-1,99999,-1,-1,-3,-1,1,2280
439,224,1,13,2,-1,99999,-1,-1,-3,-1,1,2280
440,224,1,26,2,-1,99999,-1,-1,-3,-1,1,2280
441,225,1,267,8,-1,99999,-1,-1,-3,-1,1,2280
442,225,1,10,10,-1,99999,-1,-1,-3,-1,1,2280
443,225,1,9,4,-1,99999,-1,-1,-3,-1,1,2280
444,225,1,122,10,-1,99999,-1,-1,-3,-1,1,2280
445,226,1,5,9,-1,99999,-1,-1,-3,-1,1,2280
446,226,1,10,9,-1,99999,-1,-1,-3,-1,1,2280
447,227,1,380,12,-1,99999,-1,-1,-3,-1,1,2340
448,227,1,2,4,-1,99999,-1,-1,-3,-1,1,2340
449,227,1,139,6,-1,99999,-1,-1,-3,-1,1,2340
450,227,1,450,9,-1,99999,-1,-1,-3,-1,1,2340
451,228,1,31,6,-1,99999,-1,-1,-3,-1,1,2340
452,228,1,6,10,-1,99999,-1,-1,-3,-1,1,2340
453,229,1,36,12,-1,99999,-1,-1,-3,-1,1,2340
454,230,1,110,7,-1,99999,-1,-1,-3,-1,1,2400
455,230,1,439,5,-1,99999,-1,-1,-3,-1,1,2400
456,230,1,4,9,-1,99999,-1,-1,-3,-1,1,2400
457,230,1,134,12,-1,99999,-1,-1,-3,-1,1,2400
458,230,1,6,6,-1,99999,-1,-1,-3,-1,1,2400
459,231,1,31,7,-1,99999,-1,-1,-3,-1,1,2400
460,231,1,17,9,-1,99999,-1,-1,-3,-1,1,2400
461,232,1,461,8,-1,99999,-1,-1,-3,-1,1,2400
462,233,1,100,6,-1,99999,-1,-1,-3,-1,1,2400
463,233,1,0,7,-1,99999,-1,-1,-3,-1,1,2400
464,233,1,298,6,-1,99999,-1,-1,-3,-1,1,2400
465,234,1,67,9,-1,99999,-1,-1,-3,-1,1,2400
466,235,1,107,11,-1,99999,-1,-1,-3,-1,1,2460
467,236,1,7,5,-1,99999,-1,-1,-3,-1,1,2460
468,236,1,22,3,-1,99999,-1,-1,-3,-1,1,2460
469,237,1,0,9,-1,99999,-1,-1,-3,-1,1,2520
470,238,1,46,6,-1,99999,-1,-1,-3,-1,1,2520
471,239,1,139,2,-1,99999,-1,-1,-3,-1,1,2520
472,240,1,459,6,-1,99999,-1,-1,-3,-1,1,2520
473,240,1,104,4,-1,99999,-1,-1,-3,-1,1,2520
474,240,1,18,12,-1,99999,-1,-1,-3,-1,1,2520
475,240,1,124,2,-1,99999,-1,-1,-3,-1,1,2520
476,241,1,16,3,-1,99999,-1,-1,-3,-1,1,2520
477,241,1,34,8,-1,99999,-1,-1,-3,-1,1,2520
478,242,1,212,10,-1,99999,-1,-1,-3,-1,1,2580
479,242,1,21,1,-1,99999,-1,-1,-3,-1,1,2580
480,243,1,19,10,-1,99999,-1,-1,-3,-1,1,2580
481,243,1,83,2,-1,99999,-1,-1,-3,-1,1,2580
482,243,1,146,9,-1,99999,-1,-1,-3,-1,1,2580
483,244,1,193,9,-1,99999,-1,-1,-3,-1,1,2580
484,245,1,49,10,-1,99999,-1,-1,-3,-1,1,2580
485,246,1,358,2,-1,99999,-1,-1,-3,-1,1,2580
486,247,1,240,5,-1,99999,-1,-1,-3,-1,1,2640
487,248,1,259,2,-1,99999,-1,-1,-3,-1,1,2640
488,248,1,239,11,-1,99999,-1,-1,-3,-1,1,2640
489,249,1,33,4,-1,99999,-1,-1,-3,-1,1,2640
490,250,1,95,7,-1,99999,-1,-1,-3,-1,1,2640
491,250,1,23,6,-1,99999,-1,-1,-3,-1,1,2640
492,250,1,42,5,-1,99999,-1,-1,-3,-1,1,2640
493,251,1,16,3,-1,99999,-1,-1,-3,-1,1,2700
494,252,1,413,8,-1,99999,-1,-1,-3,-1,1,2700
495,252,1,69,6,-1,99999,-1,-1,-3,-1,1,2700
496,252,1,22,5,-1,99999,-1,-1,-3,-1,1,2700
497,253,1,192,5,-1,99999,-1,-1,-3,-1,1,2700
498,253,1,2,8,-1,99999,-1,-1,-3,-1,1,2700
499,254,1,1,8,-1,99999,-1,-1,-3,-1,1,2700
500,255,1,11,5,-1,99999,-1,-1,-3,-1,1,2700
501,255,1,171,8,-1,99999,-1,-1,-3,-1,1,2700
502,255,1,77,8,-1,99999,-1,-1,-3,-1,1,2700
503,256,1,137,8,-1,99999,-1,-1,-3,-1,1,2700
504,256,1,494,2,-1,99999,-1,-1,-3,-1,1,2700
505,257,1,0,6,-1,99999,-1,-1,-3,-1,1,2700
506,258,1,75,8,-1,99999,-1,-1,-3,-1,1,2700
507,259,1,298,4,-1,99999,-1,-1,-3,-1,1,2760
508,259,1,10,4,-1,99999,-1,-1,-3,-1,1,2760
509,259,1,34,11,-1,99999,-1,-1,-3,-1,1,2760
510,260,1,255,7,-1,99999,-1,-1,-3,-1,1,2760
511,261,1,139,12,-1,99999,-1,-1,-3,-1,1,2760
512,262,1,45,11,-1,99999,-1,-1,-3,-1,1,2760
513,262,1,6,7,-1,99999,-1,-1,-3,-1,1,2760
514,262,1,69,10,-1,99999,-1,-1,-3,-1,1,2760
515,262,1,184,2,-1,99999,-1,-1,-3,-1,1,2760
516,263,1,36,10,-1,99999,-1,-1,-3,-1,1,2760
517,264,1,117,4,-1,99999,-1,-1,-3,-1,1,2820
518,264,1,283,6,-1,99999,-1,-1,-3,-1,1,2820
519,264,1,71,10,-1,99999,-1,-1,-3,-1,1,2820
520,264,1,42,5,-1,99999,-1,-1,-3,-1,1,2820
521,264,1,6,6,-1,99999,-1,-1,-3,-1,1,2820
522,265,1,33,10,-1,99999,-1,-1,-3,-1,1,2820
523,266,1,36,10,-1,99999,-1,-1,-3,-1,1,2880
524,267,1,20,3,-1,99999,-1,-1,-3,-1,1,2880
525,268,1,73,5,-1,99999,-1,-1,-3,-1,1,2880
526,269,1,41,9,-1,99999,-1,-1,-3,-1,1,2880
527,269,1,44,7,-1,99999,-1,-1,-3,-1,1,2880
528,269,1,298,6,-1,99999,-1,-1,-3,-1,1,2880
529,270,1,25,8,-1,99999,-1,-1,-3,-1,1,2880
530,271,1,357,2,-1,99999,-1,-1,-3,-1,1,2880
531,272,1,190,2,-1,99999,-1,-1,-3,-1,1,2880
532,272,1,66,4,-1,99999,-1,-1,-3,-1,1,2880
533,273,1,475,8,-1,99999,-1,-1,-3,-1,1,2940
534,274,1,82,8,-1,99999,-1,-1,-3,-1,1,2940
535,274,1,296,10,-1,99999,-1,-1,-3,-1,1,2940
536,275,1,2,10,-1,99999,-1,-1,-3,-1,1,2940
537,275,1,16,2,-1,99999,-1,-1,-3,-1,1,2940
538,275,1,376,2,-1,99999,-1,-1,-3,-1,1,2940
539,276,1,31,8,-1,99999,-1,-1,-3,-1,1,2940
540,277,1,34,2,-1,99999,-1,-1,-3,-1,1,2940
541,278,1,1,9,-1,99999,-1,-1,-3,-1,1,2940
542,279,1,2,10,-1,99999,-1,-1,-3,-1,1,2940
543,280,1,1,10,-1,99999,-1,-1,-3,-1,1,2940
544,280,1,61,12,-1,99999,-1,-1,-3,-1,1,2940
545,280,1,10,10,-1,99999,-1,-1,-3,-1,1,2940
546,280,1,84,4,-1,99999,-1,-1,-3,-1,1,2940
547,280,1,7,8,-1,99999,-1,-1,-3,-1,1,2940
548,280,1,8,3,-1,99999,-1,-1,-3,-1,1,2940
549,281,1,364,11,-1,99999,-1,-1,-3,-1,1,2940
550,281,1,209,4,-1,99999,-1,-1,-3,-1,1,2940
551,281,1,49,8,-1,99999,-1,-1,-3,-1,1,2940
552,281,1,50,9,-1,99999,-1,-1,-3,-1,1,2940
553,281,1,182,8,-1,99999,-1,-1,-3,-1,1,2940
554,282,1,192,8,-1,99999,-1,-1,-3,-1,1,2940
555,283,1,209,7,-1,99999,-1,-1,-3,-1,1,2940
556,283,1,40,10,-1,99999,-1,-1,-3,-1,1,2940
557,283,1,153,8,-1,99999,-1,-1,-3,-1,1,2940
558,283,1,217,6,-1,99999,-1,-1,-3,-1,1,2940
559,284,1,1,3,-1,99999,-1,-1,-3,-1,1,2940
560,285,1,220,8,-1,99999,-1,-1,-3,-1,1,2940
561,285,1,228,4,-1,99999,-1,-1,-3,-1,1,2940
562,285,1,12,8,-1,99999,-1,-1,-3,-1,1,2940
563,286,1,81,12,-1,99999,-1,-1,-3,-1,1,2940
564,287,1,192,6,-1,99999,-1,-1,-3,-1,1,3000
565,287,1,48,8,-1,99999,-1,-1,-3,-1,1,3000
566,288,1,352,2,-1,99999,-1,-1,-3,-1,1,3000
567,288,1,7,6,-1,99999,-1,-1,-3,-1,1,3000
568,288,1,6,4,-1,99999,-1,-1,-3,-1,1,3000
569,288,1,11,12,-1,99999,-1,-1,-3,-1,1,3000
570,289,1,48,6,-1,99999,-1,-1,-3,-1,1,3000
571,290,1,2,8,-1,99999,-1,-1,-3,-1,1,3000
572,291,1,444,8,-1,99999,-1,-1,-3,-1,1,3000
573,291,1,106,7,-1,99999,-1,-1,-3,-1,1,3000
574,291,1,119,3,-1,99999,-1,-1,-3,-1,1,3000
575,292,1,210,10,-1,99999,-1,-1,-3,-1,1,3060
576,293,1,0,8,-1,99999,-1,-1,-3,-1,1,3120
577,293,1,24,6,-1,99999,-1,-1,-3,-1,1,3120
578,294,1,32,12,-1,99999,-1,-1,-3,-1,1,3120
579,294,1,383,10,-1,99999,-1,-1,-3,-1,1,3120
580,294,1,21,5,-1,99999,-1,-1,-3,-1,1,3120
581,295,1,54,10,-1,99999,-1,-1,-3,-1,1,3120
582,296,1,248,8,-1,99999,-1,-1,-3,-1,1,3120
583,297,1,111,4,-1,99999,-1,-1,-3,-1,1,3120
584,297,1,22,10,-1,99999,-1,-1,-3,-1,1,3120
585,298,1,6,4,-1,99999,-1,-1,-3,-1,1,3120
586,299,1,1,2,-1,99999,-1,-1,-3,-1,1,3120
587,299,1,52,4,-1,99999,-1,-1,-3,-1,1,3120
588,299,1,233,7,-1,99999,-1,-1,-3,-1,1,3120
589,300,1,11,6,-1,99999,-1,-1,-3,-1,1,3120
590,301,1,251,12,-1,99999,-1,-1,-3,-1,1,3120
591,302,1,212,1,-1,99999,-1,-1,-3,-1,1,3120
592,302,1,415,10,-1,99999,-1,-1,-3,-1,1,3120
593,302,1,1,6,-1,99999,-1,-1,-3,-1,1,3120
594,303,1,1,6,-1,99999,-1,-1,-3,-1,1,3120
595,304,1,0,1,-1,99999,-1,-1,-3,-1,1,3120
596,305,1,115,4,-1,99999,-1,-1,-3,-1,1,3120
597,305,1,122,4,-1,99999,-1,-1,-3,-1,1,3120
598,305,1,6,12,-1,99999,-1,-1,-3,-1,1,3120
599,305,1,76,12,-1,99999,-1,-1,-3,-1,1,3120
600,306,1,184,7,-1,99999,-1,-1,-3,-1,1,3120
601,306,1,46,3,-1,99999,-1,-1,-3,-1,1,3120
602,307,1,34,6,-1,99999,-1,-1,-3,-1,1,3120
603,308,1,38,6,-1,99999,-1,-1,-3,-1,1,3180
604,309,1,3,2,-1,99999,-1,-1,-3,-1,1,3180
605,309,1,36,7,-1,99999,-1,-1,-3,-1,1,3180
606,309,1,89,11,-1,99999,-1,-1,-3,-1,1,3180
607,309,1,23,1,-1,99999,-1,-1,-3,-1,1,3180
608,310,1,3,5,-1,99999,-1,-1,-3,-1,1,3180
609,311,1,11,2,-1,99999,-1,-1,-3,-1,1,3180
610,312,1,163,8,-1,99999,-1,-1,-3,-1,1,3180
611,313,1,205,3,-1,99999,-1,-1,-3,-1,1,3180
612,314,1,37,10,-1,99999,-1,-1,-3,-1,1,3180
613,314,1,175,12,-1,99999,-1,-1,-3,-1,1,3180
614,315,1,134,2,-1,99999,-1,-1,-3,-1,1,3240
615,316,1,133,4,-1,99999,-1,-1,-3,-1,1,3240
616,316,1,4,7,-1,99999,-1,-1,-3,-1,1,3240
617,316,1,39,3,-1,99999,-1,-1,-3,-1,1,3240
618,317,1,237,7,-1,99999,-1,-1,-3,-1,1,3240
619,318,1,118,10,-1,99999,-1,-1,-3,-1,1,3240
620,318,1,56,10,-1,99999,-1,-1,-3,-1,1,3240
621,318,1,142,8,-1,99999,-1,-1,-3,-1,1,3240
622,318,1,1,6,-1,99999,-1,-1,-3,-1,1,3240
623,319,1,6,6,-1,99999,-1,-1,-3,-1,1,3300
624,320,1,22,5,-1,99999,-1,-1,-3,-1,1,3300
625,320,1,37,12,-1,99999,-1,-1,-3,-1,1,3300
626,320,1,25,6,-1,99999,-1,-1,-3,-1,1,3300
627,321,1,44,6,-1,99999,-1,-1,-3,-1,1,3300
628,322,1,19,6,-1,99999,-1,-1,-3,-1,1,3300
629,322,1,6,10,-1,99999,-1,-1,-3,-1,1,3300
630,322,1,10,10,-1,99999,-1,-1,-3,-1,1,3300
631,323,1,252,5,-1,99999,-1,-1,-3,-1,1,3300
632,324,1,264,4,-1,99999,-1,-1,-3,-1,1,3300
633,324,1,4,8,-1,99999,-1,-1,-3,-1,1,3300
634,324,1,472,4,-1,99999,-1,-1,-3,-1,1,3300
635,324,1,448,4,-1,99999,-1,-1,-3,-1,1,3300
636,324,1,499,4,-1,99999,-1,-1,-3,-1,1,3300
637,325,1,313,2,-1,99999,-1,-1,-3,-1,1,3300
638,326,1,15,7,-1,99999,-1,-1,-3,-1,1,3300
639,326,1,21,10,-1,99999,-1,-1,-3,-1,1,3300
640,327,1,185,8,-1,99999,-1,-1,-3,-1,1,3360
641,327,1,11,10,-1,99999,-1,-1,-3,-1,1,3360
642,328,1,345,8,-1,99999,-1,-1,-3,-1,1,3360
643,329,1,12,6,-1,99999,-1,-1,-3,-1,1,3360
644,329,1,29,6,-1,99999,-1,-1,-3,-1,1,3360
645,329,1,463,2,-1,99999,-1,-1,-3,-1,1,3360
646,330,1,218,10,-1,99999,-1,-1,-3,-1,1,3360
647,330,1,24,8,-1,99999,-1,-1,-3,-1,1,3360
648,331,1,22,10,-1,99999,-1,-1,-3,-1,1,3420
649,331,1,296,6,-1,99999,-1,-1,-3,-1,1,3420
650,331,1,459,10,-1,99999,-1,-1,-3,-1,1,3420
651,332,1,13,10,-1,99999,-1,-1,-3,-1,1,3420
652,333,1,147,8,-1,99999,-1,-1,-3,-1,1,3420
653,333,1,103,7,-1,99999,-1,-1,-3,-1,1,3420
654,334,1,218,5,-1,99999,-1,-1,-3,-1,1,3480
655,335,1,189,8,-1,99999,-1,-1,-3,-1,1,3480
656,335,1,64,4,-1,99999,-1,-1,-3,-1,1,3480
657,336,1,359,5,-1,99999,-1,-1,-3,-1,1,3480
658,336,1,7,2,-1,99999,-1,-1,-3,-1,1,3480
659,336,1,2,4,-1,99999,-1,-1,-3,-1,1,3480
660,337,1,13,8,-1,99999,-1,-1,-3,-1,1,3480
661,337,1,1,7,-1,99999,-1,-1,-3,-1,1,3480
662,338,1,245,4,-1,99999,-1,-1,-3,-1,1,3480
663,339,1,208,6,-1,99999,-1,-1,-3,-1,1,3480
664,339,1,25,6,-1,99999,-1,-1,-3,-1,1,3480
665,339,1,430,8,-1,99999,-1,-1,-3,-1,1,3480
666,340,1,95,4,-1,99999,-1,-1,-3,-1,1,3480
667,340,1,198,8,-1,99999,-1,-1,-3,-1,1,3480
668,340,1,40,6,-1,99999,-1,-1,-3,-1,1,3480
669,340,1,25,9,-1,99999,-1,-1,-3,-1,1,3480
670,341,1,26,4,-1,99999,-1,-1,-3,-1,1,3480
671,342,1,54,9,-1,99999,-1,-1,-3,-1,1,3540
672,342,1,11,5,-1,99999,-1,-1,-3,-1,1,3540
673,343,1,14,8,-1,99999,-1,-1,-3,-1,1,3540
674,343,1,86,8,-1,99999,-1,-1,-3,-1,1,3540
675,343,1,30,2,-1,99999,-1,-1,-3,-1,1,3540
676,343,1,0,9,-1,99999,-1,-1,-3,-1,1,3540
677,344,1,5,2,-1,99999,-1,-1,-3,-1,1,3540
678,345,1,20,6,-1,99999,-1,-1,-3,-1,1,3540
679,346,1,42,3,-1,99999,-1,-1,-3,-1,1,3540
680,346,1,32,6,-1,99999,-1,-1,-3,-1,1,3540
681,347,1,22,4,-1,99999,-1,-1,-3,-1,1,3540
682,348,1,37,12,-1,99999,-1,-1,-3,-1,1,3540
683,348,1,307,4,-1,99999,-1,-1,-3,-1,1,3540
684,348,1,57,6,-1,99999,-1,-1,-3,-1,1,3540
685,349,1,22,2,-1,99999,-1,-1,-3,-1,1,3600
686,350,1,83,4,-1,99999,-1,-1,-3,-1,1,3600
687,351,1,151,6,-1,99999,-1,-1,-3,-1,1,3600
688,351,1,1,9,-1,99999,-1,-1,-3,-1,1,3600
689,352,1,263,10,-1,99999,-1,-1,-3,-1,1,3600
690,352,1,15,5,-1,99999,-1,-1,-3,-1,1,3600
691,352,1,103,9,-1,99999,-1,-1,-3,-1,1,3600
692,353,1,164,12,-1,99999,-1,-1,-3,-1,1,3600
693,353,1,396,12,-1,99999,-1,-1,-3,-1,1,3600
694,354,1,48,8,-1,99999,-1,-1,-3,-1,1,3600
695,355,1,122,8,-1,99999,-1,-1,-3,-1,1,3600
696,355,1,23,8,-1,99999,-1,-1,-3,-1,1,3600
697,356,1,118,8,-1,99999,-1,-1,-3,-1,1,3600
698,356,1,289,6,-1,99999,-1,-1,-3,-1,1,3600
699,356,1,369,7,-1,99999,-1,-1,-3,-1,1,3600
700,356,1,350,11,-1,99999,-1,-1,-3,-1,1,3600
701,356,1,43,6,-1,99999,-1,-1,-3,-1,1,3600
702,357,1,79,12,-1,99999,-1,-1,-3,-1,1,3660
703,358,1,44,6,-1,99999,-1,-1,-3,-1,1,3660
704,359,1,3,6,-1,99999,-1,-1,-3,-1,1,3660
705,360,1,21,7,-1,99999,-1,-1,-3,-1,1,3660
706,361,1,1,10,-1,99999,-1,-1,-3,-1,1,3660
707,361,1,2,9,-1,99999,-1,-1,-3,-1,1,3660
708,361,1,254,7,-1,99999,-1,-1,-3,-1,1,3660
709,361,1,158,8,-1,99999,-1,-1,-3,-1,1,3660
710,362,1,270,10,-1,99999,-1,-1,-3,-1,1,3660
711,362,1,131,8,-1,99999,-1,-1,-3,-1,1,3660
712,362,1,75,5,-1,99999,-1,-1,-3,-1,1,3660
713,362,1,6,8,-1,99999,-1,-1,-3,-1,1,3660
714,363,1,150,6,-1,99999,-1,-1,-3,-1,1,3660
715,364,1,37,7,-1,99999,-1,-1,-3,-1,1,3660
716,365,1,8,9,-1,99999,-1,-1,-3,-1,1,3720
717,366,1,1,9,-1,99999,-1,-1,-3,-1,1,3720
718,367,1,1,4,-1,99999,-1,-1,-3,-1,1,3720
719,367,1,61,6,-1,99999,-1,-1,-3,-1,1,3720
720,367,1,59,6,-1,99999,-1,-1,-3,-1,1,3720
721,367,1,3,11,-1,99999,-1,-1,-3,-1,1,3720
722,368,1,52,7,-1,99999,-1,-1,-3,-1,1,3720
723,368,1,476,9,-1,99999,-1,-1,-3,-1,1,3720
724,368,1,2,6,-1,99999,-1,-1,-3,-1,1,3720
725,369,1,2,8,-1,99999,-1,-1,-3,-1,1,3720
726,370,1,434,9,-1,99999,-1,-1,-3,-1,1,3720
727,370,1,63,6,-1,99999,-1,-1,-3,-1,1,3720
728,370,1,101,8,-1,99999,-1,-1,-3,-1,1,3720
729,371,1,161,6,-1,99999,-1,-1,-3,-1,1,3780
730,371,1,3,3,-1,99999,-1,-1,-3,-1,1,3780
731,371,1,129,12,-1,99999,-1,-1,-3,-1,1,3780
732,372,1,229,5,-1,99999,-1,-1,-3,-1,1,3780
733,372,1,225,10,-1,99999,-1,-1,-3,-1,1,3780
734,373,1,6,6,-1,99999,-1,-1,-3,-1,1,3780
735,373,1,95,12,-1,99999,-1,-1,-3,-1,1,3780
736,373,1,499,6,-1,99999,-1,-1,-3,-1,1,3780
737,373,1,51,6,-1,99999,-1,-1,-3,-1,1,3780
738,373,1,8,8,-1,99999,-1,-1,-3,-1,1,3780
739,374,1,156,7,-1,99999,-1,-1,-3,-1,1,3780
740,375,1,422,10,-1,99999,-1,-1,-3,-1,1,3780
741,375,1,48,12,-1,99999,-1,-1,-3,-1,1,3780
742,375,1,7,2,-1,99999,-1,-1,-3,-1,1,3780
743,376,1,30,2,-1,99999,-1,-1,-3,-1,1,3780
744,376,1,216,9,-1,99999,-1,-1,-3,-1,1,3780
745,377,1,63,8,-1,99999,-1,-1,-3,-1,1,3780
746,377,1,10,10,-1,99999,-1,-1,-3,-1,1,3780
747,378,1,20,2,-1,99999,-1,-1,-3,-1,1,3840
748,378,1,1,8,-1,99999,-1,-1,-3,-1,1,3840
749,378,1,189,4,-1,99999,-1,-1,-3,-1,1,3840
750,379,1,199,2,-1,99999,-1,-1,-3,-1,1,3840
751,380,1,19,9,-1,99999,-1,-1,-3,-1,1,3840
752,381,1,0,4,-1,99999,-1,-1,-3,-1,1,3840
753,382,1,443,8,-1,99999,-1,-1,-3,-1,1,3840
754,382,1,174,11,-1,99999,-1,-1,-3,-1,1,3840
755,382,1,52,7,-1,99999,-1,-1,-3,-1,1,3840
756,383,1,131,8,-1,99999,-1,-1,-3,-1,1,3900
757,383,1,44,8,-1,99999,-1,-1,-3,-1,1,3900
758,383,1,82,6,-1,99999,-1,-1,-3,-1,1,3900
759,384,1,25,6,-1,99999,-1,-1,-3,-1,1,3900
760,384,1,275,10,-1,99999,-1,-1,-3,-1,1,3900
761,385,1,244,9,-1,99999,-1,-1,-3,-1,1,3900
762,385,1,191,8,-1,99999,-1,-1,-3,-1,1,3900
763,385,1,85,3,-1,99999,-1,-1,-3,-1,1,3900
764,385,1,279,4,-1,99999,-1,-1,-3,-1,1,3900
765,385,1,53,10,-1,99999,-1,-1,-3,-1,1,3900
766,386,1,65,12,-1,99999,-1,-1,-3,-1,1,3900
767,387,1,24,7,-1,99999,-1,-1,-3,-1,1,3900
768,388,1,101,2,-1,99999,-1,-1,-3,-1,1,3900
769,388,1,37,8,-1,99999,-1,-1,-3,-1,1,3900
770,388,1,7,6,-1,99999,-1,-1,-3,-1,1,3900
771,388,1,236,10,-1,99999,-1,-1,-3,-1,1,3900
772,388,1,245,5,-1,99999,-1,-1,-3,-1,1,3900
773,388,1,95,4,-1,99999,-1,-1,-3,-1,1,3900
774,389,1,18,4,-1,99999,-1,-1,-3,-1,1,3900
775,389,1,35,5,-1,99999,-1,-1,-3,-1,1,3900
776,389,1,390,8,-1,99999,-1,-1,-3,-1,1,3900
777,390,1,7,4,-1,99999,-1,-1,-3,-1,1,3900
778,390,1,26,9,-1,99999,-1,-1,-3,-1,1,3900
779,390,1,36,4,-1,99999,-1,-1,-3,-1,1,3900
780,391,1,1,7,-1,99999,-1,-1,-3,-1,1,3900
781,391,1,43,6,-1,99999,-1,-1,-3,-1,1,3900
782,391,1,497,6,-1,99999,-1,-1,-3,-1,1,3900
783,391,1,9,12,-1,99999,-1,-1,-3,-1,1,3900
784,391,1,110,8,-1,99999,-1,-1,-3,-1,1,3900
785,392,1,26,2,-1,99999,-1,-1,-3,-1,1,3900
786,393,1,25,6,-1,99999,-1,-1,-3,-1,1,3900
787,394,1,197,4,-1,99999,-1,-1,-3,-1,1,3960
788,394,1,51,7,-1,99999,-1,-1,-3,-1,1,3960
789,395,1,59,8,-1,99999,-1,-1,-3,-1,1,3960
790,395,1,5,8,-1,99999,-1,-1,-3,-1,1,3960
791,395,1,27,9,-1,99999,-1,-1,-3,-1,1,3960
792,396,1,79,9,-1,99999,-1,-1,-3,-1,1,4020
793,396,1,56,6,-1,99999,-1,-1,-3,-1,1,4020
794,397,1,15,6,-1,99999,-1,-1,-3,-1,1,4020
795,398,1,459,8,-1,99999,-1,-1,-3,-1,1,4020
796,398,1,41,4,-1,99999,-1,-1,-3,-1,1,4020
797,398,1,44,2,-1,99999,-1,-1,-3,-1,1,4020
798,399,1,478,8,-1,99999,-1,-1,-3,-1,1,4020
799,400,1,20,8,-1,99999,-1,-1,-3,-1,1,4020
800,401,1,53,6,-1,99999,-1,-1,-3,-1,1,4020
801,402,1,395,10,-1,99999,-1,-1,-3,-1,1,4020
802,403,1,78,8,-1,99999,-1,-1,-3,-1,1,4020
803,404,1,102,7,-1,99999,-1,-1,-3,-1,1,4080
804,405,1,12,8,-1,99999,-1,-1,-3,-1,1,4080
805,405,1,6,6,-1,99999,-1,-1,-3,-1,1,4080
806,405,1,33,8,-1,99999,-1,-1,-3,-1,1,4080
807,406,1,123,7,-1,99999,-1,-1,-3,-1,1,4080
808,406,1,17,5,-1,99999,-1,-1,-3,-1,1,4080
809,407,1,0,11,-1,99999,-1,-1,-3,-1,1,4080
810,407,1,124,6,-1,99999,-1,-1,-3,-1,1,4080
811,408,1,182,10,-1,99999,-1,-1,-3,-1,1,4080
812,409,1,8,8,-1,99999,-1,-1,-3,-1,1,4140
813,410,1,31,6,-1,99999,-1,-1,-3,-1,1,4140
814,410,1,19,10,-1,99999,-1,-1,-3,-1,1,4140
815,410,1,41,6,-1,99999,-1,-1,-3,-1,1,4140
816,410,1,401,7,-1,99999,-1,-1,-3,-1,1,4140
817,411,1,393,2,-1,99999,-1,-1,-3,-1,1,4140
818,411,1,49,6,-1,99999,-1,-1,-3,-1,1,4140
819,411,1,22,10,-1,99999,-1,-1,-3,-1,1,4140
820,412,1,84,9,-1,99999,-1,-1,-3,-1,1,4140
821,412,1,471,1,-1,99999,-1,-1,-3,-1,1,4140
822,413,1,9,12,-1,99999,-1,-1,-3,-1,1,4140
823,413,1,154,7,-1,99999,-1,-1,-3,-1,1,4140
824,413,1,16,8,-1,99999,-1,-1,-3,-1,1,4140
825,413,1,172,8,-1,99999,-1,-1,-3,-1,1,4140
826,413,1,19,7,-1,99999,-1,-1,-3,-1,1,4140
827,413,1,187,8,-1,99999,-1,-1,-3,-1,1,4140
828,413,1,5,4,-1,99999,-1,-1,-3,-1,1,4140
829,414,1,40,4,-1,99999,-1,-1,-3,-1,1,4200
830,414,1,162,3,-1,99999,-1,-1,-3,-1,1,4200
831,414,1,52,8,-1,99999,-1,-1,-3,-1,1,4200
832,414,1,43,6,-1,99999,-1,-1,-3,-1,1,4200
833,415,1,2,3,-1,99999,-1,-1,-3,-1,1,4200
834,416,1,30,4,-1,99999,-1,-1,-3,-1,1,4200
835,417,1,96,6,-1,99999,-1,-1,-3,-1,1,4200
836,418,1,35,12,-1,99999,-1,-1,-3,-1,1,4200
837,419,1,126,8,-1,99999,-1,-1,-3,-1,1,4200
838,419,1,23,4,-1,99999,-1,-1,-3,-1,1,4200
839,420,1,1,11,-1,99999,-1,-1,-3,-1,1,4200
840,420,1,61,8,-1,99999,-1,-1,-3,-1,1,4200
841,420,1,345,9,-1,99999,-1,-1,-3,-1,1,4200
842,420,1,9,10,-1,99999,-1,-1,-3,-1,1,4200
843,420,1,37,7,-1,99999,-1,-1,-3,-1,1,4200
844,420,1,187,10,-1,99999,-1,-1,-3,-1,1,4200
845,420,1,2,2,-1,99999,-1,-1,-3,-1,1,4200
846,420,1,25,2,-1,99999,-1,-1,-3,-1,1,4200
847,421,1,18,11,-1,99999,-1,-1,-3,-1,1,4200
848,421,1,35,2,-1,99999,-1,-1,-3,-1,1,4200
849,422,1,71,4,-1,99999,-1,-1,-3,-1,1,4260
850,423,1,148,8,-1,99999,-1,-1,-3,-1,1,4260
851,423,1,36,8,-1,99999,-1,-1,-3,-1,1,4260
852,424,1,262,2,-1,99999,-1,-1,-3,-1,1,4260
853,424,1,23,11,-1,99999,-1,-1,-3,-1,1,4260
854,425,1,12,10,-1,99999,-1,-1,-3,-1,1,4260
855,425,1,0,5,-1,99999,-1,-1,-3,-1,1,4260
856,425,1,80,6,-1,99999,-1,-1,-3,-1,1,4260
857,426,1,1,4,-1,99999,-1,-1,-3,-1,1,4260
858,427,1,41,12,-1,99999,-1,-1,-3,-1,1,4320
859,427,1,146,8,-1,99999,-1,-1,-3,-1,1,4320
860,428,1,8,6,-1,99999,-1,-1,-3,-1,1,4320
861,428,1,6,8,-1,99999,-1,-1,-3,-1,1,4320
862,428,1,5,10,-1,99999,-1,-1,-3,-1,1,4320
863,428,1,15,6,-1,99999,-1,-1,-3,-1,1,4320
864,429,1,223,9,-1,99999,-1,-1,-3,-1,1,4320
865,429,1,42,5,-1,99999,-1,-1,-3,-1,1,4320
866,429,1,32,6,-1,99999,-1,-1,-3,-1,1,4320
867,430,1,30,4,-1,99999,-1,-1,-3,-1,1,4320
868,430,1,171,5,-1,99999,-1,-1,-3,-1,1,4320
869,430,1,349,3,-1,99999,-1,-1,-3,-1,1,4320
870,431,1,48,7,-1,99999,-1,-1,-3,-1,1,4320
871,432,1,170,1,-1,99999,-1,-1,-3,-1,1,4320
872,432,1,94,6,-1,99999,-1,-1,-3,-1,1,4320
873,432,1,260,6,-1,99999,-1,-1,-3,-1,1,4320
874,433,1,55,4,-1,99999,-1,-1,-3,-1,1,4320
875,433,1,441,6,-1,99999,-1,-1,-3,-1,1,4320
876,434,1,169,4,-1,99999,-1,-1,-3,-1,1,4320
877,434,1,137,4,-1,99999,-1,-1,-3,-1,1,4320
878,435,1,27,2,-1,99999,-1,-1,-3,-1,1,4320
879,436,1,108,8,-1,99999,-1,-1,-3,-1,1,4320
880,437,1,469,5,-1,99999,-1,-1,-3,-1,1,4380
881,437,1,375,4,-1,99999,-1,-1,-3,-1,1,4380
882,437,1,372,4,-1,99999,-1,-1,-3,-1,1,4380
883,437,1,1,7,-1,99999,-1,-1,-3,-1,1,4380
884,438,1,486,12,-1,99999,-1,-1,-3,-1,1,4380
885,439,1,6,10,-1,99999,-1,-1,-3,-1,1,4380
886,439,1,36,11,-1,99999,-1,-1,-3,-1,1,4380
887,440,1,116,1,-1,99999,-1,-1,-3,-1,1,4380
888,440,1,41,5,-1,99999,-1,-1,-3,-1,1,4380
889,441,1,13,10,-1,99999,-1,-1,-3,-1,1,4380
890,441,1,2,4,-1,99999,-1,-1,-3,-1,1,4380
891,441,1,50,10,-1,99999,-1,-1,-3,-1,1,4380
892,442,1,7,6,-1,99999,-1,-1,-3,-1,1,4440
893,443,1,12,10,-1,99999,-1,-1,-3,-1,1,4440
894,444,1,0,3,-1,99999,-1,-1,-3,-1,1,4440
895,445,1,108,4,-1,99999,-1,-1,-3,-1,1,4500
896,445,1,45,8,-1,99999,-1,-1,-3,-1,1,4500
897,446,1,29,8,-1,99999,-1,-1,-3,-1,1,4500
898,446,1,3,6,-1,99999,-1,-1,-3,-1,1,4500
899,447,1,285,10,-1,99999,-1,-1,-3,-1,1,4500
900,447,1,10,4,-1,99999,-1,-1,-3,-1,1,4500
901,448,1,2,7,-1,99999,-1,-1,-3,-1,1,4500
902,449,1,27,5,-1,99999,-1,-1,-3,-1,1,4560
903,449,1,188,12,-1,99999,-1,-1,-3,-1,1,4560
904,449,1,88,6,-1,99999,-1,-1,-3,-1,1,4560
905,449,1,307,11,-1,99999,-1,-1,-3,-1,1,4560
906,450,1,16,6,-1,99999,-1,-1,-3,-1,1,4560
907,451,1,13,10,-1,99999,-1,-1,-3,-1,1,4560
908,452,1,20,6,-1,99999,-1,-1,-3,-1,1,4620
909,452,1,21,4,-1,99999,-1,-1,-3,-1,1,4620
910,452,1,397,4,-1,99999,-1,-1,-3,-1,1,4620
911,453,1,159,8,-1,99999,-1,-1,-3,-1,1,4620
912,454,1,10,10,-1,99999,-1,-1,-3,-1,1,4620
913,454,1,3,2,-1,99999,-1,-1,-3,-1,1,4620
914,455,1,42,10,-1,99999,-1,-1,-3,-1,1,4620
915,456,1,178,8,-1,99999,-1,-1,-3,-1,1,4620
916,456,1,345,4,-1,99999,-1,-1,-3,-1,1,4620
917,457,1,106,3,-1,99999,-1,-1,-3,-1,1,4680
918,458,1,8,6,-1,99999,-1,-1,-3,-1,1,4680
919,458,1,261,10,-1,99999,-1,-1,-3,-1,1,4680
920,459,1,82,4,-1,99999,-1,-1,-3,-1,1,4680
921,459,1,1,7,-1,99999,-1,-1,-3,-1,1,4680
922,459,1,4,5,-1,99999,-1,-1,-3,-1,1,4680
923,460,1,16,12,-1,99999,-1,-1,-3,-1,1,4680
924,461,1,373,12,-1,99999,-1,-1,-3,-1,1,4680
925,461,1,22,12,-1,99999,-1,-1,-3,-1,1,4680
926,461,1,1,12,-1,99999,-1,-1,-3,-1,1,4680
927,462,1,1,9,-1,99999,-1,-1,-3,-1,1,4680
928,462,1,46,12,-1,99999,-1,-1,-3,-1,1,4680
929,463,1,118,9,-1,99999,-1,-1,-3,-1,1,4680
930,463,1,39,10,-1,99999,-1,-1,-3,-1,1,4680
931,463,1,19,8,-1,99999,-1,-1,-3,-1,1,4680
932,463,1,38,6,-1,99999,-1,-1,-3,-1,1,4680
933,464,1,414,9,-1,99999,-1,-1,-3,-1,1,4680
934,464,1,425,8,-1,99999,-1,-1,-3,-1,1,4680
935,464,1,44,6,-1,99999,-1,-1,-3,-1,1,4680
936,465,1,2,4,-1,99999,-1,-1,-3,-1,1,4740
937,466,1,35,10,-1,99999,-1,-1,-3,-1,1,4740
938,466,1,30,4,-1,99999,-1,-1,-3,-1,1,4740
939,466,1,112,7,-1,99999,-1,-1,-3,-1,1,4740
940,467,1,21,2,-1,99999,-1,-1,-3,-1,1,4740
941,468,1,230,6,-1,99999,-1,-1,-3,-1,1,4740
942,468,1,49,6,-1,99999,-1,-1,-3,-1,1,4740
943,468,1,382,4,-1,99999,-1,-1,-3,-1,1,4740
944,469,1,143,8,-1,99999,-1,-1,-3,-1,1,4740
945,469,1,4,11,-1,99999,-1,-1,-3,-1,1,4740
946,470,1,18,4,-1,99999,-1,-1,-3,-1,1,4800
947,471,1,133,12,-1,99999,-1,-1,-3,-1,1,4800
948,471,1,3,8,-1,99999,-1,-1,-3,-1,1,4800
949,471,1,2,9,-1,99999,-1,-1,-3,-1,1,4800
950,471,1,26,8,-1,99999,-1,-1,-3,-1,1,4800
951,471,1,48,2,-1,99999,-1,-1,-3,-1,1,4800
952,471,1,31,8,-1,99999,-1,-1,-3,-1,1,4800
953,471,1,87,3,-1,99999,-1,-1,-3,-1,1,4800
954,472,1,1,8,-1,99999,-1,-1,-3,-1,1,4800
955,473,1,96,10,-1,99999,-1,-1,-3,-1,1,4800
956,473,1,68,10,-1,99999,-1,-1,-3,-1,1,4800
957,473,1,46,10,-1,99999,-1,-1,-3,-1,1,4800
958,473,1,37,12,-1,99999,-1,-1,-3,-1,1,4800
959,474,1,57,8,-1,99999,-1,-1,-3,-1,1,4800
960,474,1,67,4,-1,99999,-1,-1,-3,-1,1,4800
961,474,1,145,6,-1,99999,-1,-1,-3,-1,1,4800
962,474,1,6,10,-1,99999,-1,-1,-3,-1,1,4800
963,475,1,274,4,-1,99999,-1,-1,-3,-1,1,4800
964,475,1,72,4,-1,99999,-1,-1,-3,-1,1,4800
965,475,1,67,4,-1,99999,-1,-1,-3,-1,1,4800
966,476,1,8,9,-1,99999,-1,-1,-3,-1,1,4860
967,477,1,477,3,-1,99999,-1,-1,-3,-1,1,4860
968,477,1,3,7,-1,99999,-1,-1,-3,-1,1,4860
969,478,1,19,2,-1,99999,-1,-1,-3,-1,1,4920
970,478,1,427,6,-1,99999,-1,-1,-3,-1,1,4920
971,478,1,13,1,-1,99999,-1,-1,-3,-1,1,4920
972,478,1,215,1,-1,99999,-1,-1,-3,-1,1,4920
973,479,1,298,6,-1,99999,-1,-1,-3,-1,1,4920
974,479,1,65,4,-1,99999,-1,-1,-3,-1,1,4920
975,480,1,0,6,-1,99999,-1,-1,-3,-1,1,4920
976,481,1,23,8,-1,99999,-1,-1,-3,-1,1,4920
977,482,1,3,6,-1,99999,-1,-1,-3,-1,1,4920
978,483,1,469,5,-1,99999,-1,-1,-3,-1,1,4920
979,483,1,34,8,-1,99999,-1,-1,-3,-1,1,4920
980,483,1,7,4,-1,99999,-1,-1,-3,-1,1,4920
981,483,1,254,2,-1,99999,-1,-1,-3,-1,1,4920
982,483,1,4,7,-1,99999,-1,-1,-3,-1,1,4920
983,483,1,425,12,-1,99999,-1,-1,-3,-1,1,4920
984,483,1,24,9,-1,99999,-1,-1,-3,-1,1,4920
985,483,1,146,7,-1,99999,-1,-1,-3,-1,1,4920
986,484,1,202,5,-1,99999,-1,-1,-3,-1,1,4920
987,484,1,5,6,-1,99999,-1,-1,-3,-1,1,4920
988,484,1,46,1,-1,99999,-1,-1,-3,-1,1,4920
989,485,1,107,2,-1,99999,-1,-1,-3,-1,1,4920
990,486,1,247,5,-1,99999,-1,-1,-3,-1,1,4980
991,486,1,13,8,-1,99999,-1,-1,-3,-1,1,4980
992,486,1,0,11,-1,99999,-1,-1,-3,-1,1,4980
993,486,1,6,2,-1,99999,-1,-1,-3,-1,1,4980
994,486,1,107,7,-1,99999,-1,-1,-3,-1,1,4980
995,486,1,128,8,-1,99999,-1,-1,-3,-1,1,4980
996,486,1,73,10,-1,99999,-1,-1,-3,-1,1,4980
997,487,1,40,12,-1,99999,-1,-1,-3,-1,1,4980
998,487,1,34,8,-1,99999,-1,-1,-3,-1,1,4980
999,487,1,10,6,-1,99999,-1,-1,-3,-1,1,4980
1000,488,1,32,3,-1,99999,-1,-1,-3,-1,1,4980
1001,489,1,172,8,-1,99999,-1,-1,-3,-1,1,5040
1002,490,1,37,12,-1,99999,-1,-1,-3,-1,1,5040
1003,491,1,129,10,-1,99999,-1,-1,-3,-1,1,5040
1004,492,1,14,1,-1,99999,-1,-1,-3,-1,1,5040
1005,492,1,216,6,-1,99999,-1,-1,-3,-1,1,5040
1006,493,1,12,2,-1,99999,-1,-1,-3,-1,1,5040
1007,494,1,111,7,-1,99999,-1,-1,-3,-1,1,5040
1008,494,1,28,5,-1,99999,-1,-1,-3,-1,1,5040
1009,495,1,0,8,-1,99999,-1,-1,-3,-1,1,5040
1010,495,1,52,12,-1,99999,-1,-1,-3,-1,1,5040
1011,496,1,0,8,-1,99999,-1,-1,-3,-1,1,5040
1012,496,1,170,6,-1,99999,-1,-1,-3,-1,1,5040
1013,496,1,24,8,-1,99999,-1,-1,-3,-1,1,5040
1014,497,1,216,3,-1,99999,-1,-1,-3,-1,1,5100
1015,498,1,499,1,-1,99999,-1,-1,-3,-1,1,5100
1016,499,1,1,10,-1,99999,-1,-1,-3,-1,1,5100
1017,500,1,18,12,-1,99999,-1,-1,-3,-1,1,5100
1018,500,1,5,1,-1,99999,-1,-1,-3,-1,1,5100
1019,500,1,278,4,-1,99999,-1,-1,-3,-1,1,5100
1020,500,1,207,2,-1,99999,-1,-1,-3,-1,1,5100
1021,501,1,137,7,-1,99999,-1,-1,-3,-1,1,5100
1022,501,1,1,11,-1,99999,-1,-1,-3,-1,1,5100
1023,502,1,12,7,-1,99999,-1,-1,-3,-1,1,5100
1024,502,1,1,8,-1,99999,-1,-1,-3,-1,1,5100
1025,503,1,46,11,-1,99999,-1,-1,-3,-1,1,5160
1026,503,1,153,4,-1,99999,-1,-1,-3,-1,1,5160
1027,503,1,10,4,-1,99999,-1,-1,-3,-1,1,5160
1028,503,1,176,8,-1,99999,-1,-1,-3,-1,1,5160
1029,504,1,381,10,-1,99999,-1,-1,-3,-1,1,5160
1030,504,1,120,7,-1,99999,-1,-1,-3,-1,1,5160
1031,504,1,94,5,-1,99999,-1,-1,-3,-1,1,5160
1032,504,1,5,6,-1,99999,-1,-1,-3,-1,1,5160
1033,505,1,13,9,-1,99999,-1,-1,-3,-1,1,5160
1034,506,1,135,2,-1,99999,-1,-1,-3,-1,1,5160
1035,506,1,44,6,-1,99999,-1,-1,-3,-1,1,5160
1036,507,1,52,3,-1,99999,-1,-1,-3,-1,1,5160
1037,507,1,123,6,-1,99999,-1,-1,-3,-1,1,5160
1038,508,1,63,6,-1,99999,-1,-1,-3,-1,1,5220
1039,508,1,50,5,-1,99999,-1,-1,-3,-1,1,5220
1040,509,1,17,12,-1,99999,-1,-1,-3,-1,1,5220
1041,509,1,25,6,-1,99999,-1,-1,-3,-1,1,5220
1042,510,1,324,6,-1,99999,-1,-1,-3,-1,1,5220
1043,510,1,21,5,-1,99999,-1,-1,-3,-1,1,5220
1044,510,1,32,2,-1,99999,-1,-1,-3,-1,1,5220
1045,511,1,35,4,-1,99999,-1,-1,-3,-1,1,5220
1046,512,1,190,7,-1,99999,-1,-1,-3,-1,1,5220
1047,512,1,304,3,-1,99999,-1,-1,-3,-1,1,5220
1048,512,1,42,6,-1,99999,-1,-1,-3,-1,1,5220
1049,513,1,2,6,-1,99999,-1,-1,-3,-1,1,5280
1050,513,1,115,8,-1,99999,-1,-1,-3,-1,1,5280
1051,514,1,407,8,-1,99999,-1,-1,-3,-1,1,5280
1052,515,1,59,6,-1,99999,-1,-1,-3,-1,1,5280
1053,515,1,23,4,-1,99999,-1,-1,-3,-1,1,5280
1054,515,1,350,10,-1,99999,-1,-1,-3,-1,1,5280
1055,515,1,5,5,-1,99999,-1,-1,-3,-1,1,5280
1056,515,1,110,12,-1,99999,-1,-1,-3,-1,1,5280
1057,516,1,8,8,-1,99999,-1,-1,-3,-1,1,5280
1058,517,1,200,4,-1,99999,-1,-1,-3,-1,1,5280
1059,517,1,1,10,-1,99999,-1,-1,-3,-1,1,5280
1060,518,1,0,8,-1,99999,-1,-1,-3,-1,1,5280
1061,518,1,198,3,-1,99999,-1,-1,-3,-1,1,5280
1062,518,1,9,7,-1,99999,-1,-1,-3,-1,1,5280
1063,518,1,107,9,-1,99999,-1,-1,-3,-1,1,5280
1064,518,1,7,2,-1,99999,-1,-1,-3,-1,1,5280
1065,518,1,219,3,-1,99999,-1,-1,-3,-1,1,5280
1066,519,1,41,9,-1,99999,-1,-1,-3,-1,1,5340
1067,519,1,375,12,-1,99999,-1,-1,-3,-1,1,5340
1068,519,1,43,12,-1,99999,-1,-1,-3,-1,1,5340
1069,519,1,29,8,-1,99999,-1,-1,-3,-1,1,5340
1070,519,1,216,4,-1,99999,-1,-1,-3,-1,1,5340
1071,519,1,95,10,-1,99999,-1,-1,-3,-1,1,5340
1072,519,1,110,6,-1,99999,-1,-1,-3,-1,1,5340
1073,519,1,8,3,-1,99999,-1,-1,-3,-1,1,5340
1074,519,1,176,9,-1,99999,-1,-1,-3,-1,1,5340
1075,519,1,70,7,-1,99999,-1,-1,-3,-1,1,5340
1076,519,1,21,2,-1,99999,-1,-1,-3,-1,1,5340
1077,520,1,263,7,-1,99999,-1,-1,-3,-1,1,5400
1078,520,1,338,2,-1,99999,-1,-1,-3,-1,1,5400
1079,520,1,26,10,-1,99999,-1,-1,-3,-1,1,5400
1080,521,1,68,11,-1,99999,-1,-1,-3,-1,1,5460
1081,521,1,265,7,-1,99999,-1,-1,-3,-1,1,5460
1082,522,1,43,9,-1,99999,-1,-1,-3,-1,1,5460
1083,522,1,35,8,-1,99999,-1,-1,-3,-1,1,5460
1084,523,1,30,2,-1,99999,-1,-1,-3,-1,1,5520
1085,523,1,12,4,-1,99999,-1,-1,-3,-1,1,5520
1086,523,1,1,11,-1,99999,-1,-1,-3,-1,1,5520
1087,523,1,5,2,-1,99999,-1,-1,-3,-1,1,5520
1088,524,1,140,3,-1,99999,-1,-1,-3,-1,1,5520
1089,525,1,25,8,-1,99999,-1,-1,-3,-1,1,5520
1090,526,1,177,6,-1,99999,-1,-1,-3,-1,1,5520
1091,527,1,26,9,-1,99999,-1,-1,-3,-1,1,5520
1092,528,1,25,10,-1,99999,-1,-1,-3,-1,1,5580
1093,528,1,101,4,-1,99999,-1,-1,-3,-1,1,5580
1094,529,1,7,4,-1,99999,-1,-1,-3,-1,1,5580
1095,529,1,11,6,-1,99999,-1,-1,-3,-1,1,5580
1096,529,1,170,10,-1,99999,-1,-1,-3,-1,1,5580
1097,529,1,171,12,-1,99999,-1,-1,-3,-1,1,5580
1098,529,1,90,2,-1,99999,-1,-1,-3,-1,1,5580
1099,529,1,163,5,-1,99999,-1,-1,-3,-1,1,5580
1100,530,1,247,8,-1,99999,-1,-1,-3,-1,1,5580
1101,531,1,42,8,-1,99999,-1,-1,-3,-1,1,5580
1102,531,1,216,9,-1,99999,-1,-1,-3,-1,1,5580
1103,531,1,282,8,-1,99999,-1,-1,-3,-1,1,5580
1104,532,1,38,1,-1,99999,-1,-1,-3,-1,1,5580
1105,532,1,0,8,-1,99999,-1,-1,-3,-1,1,5580
1106,532,1,206,6,-1,99999,-1,-1,-3,-1,1,5580
1107,533,1,2,6,-1,99999,-1,-1,-3,-1,1,5580
1108,534,1,18,12,-1,99999,-1,-1,-3,-1,1,5580
1109,534,1,405,10,-1,99999,-1,-1,-3,-1,1,5580
1110,535,1,65,10,-1,99999,-1,-1,-3,-1,1,5580
1111,535,1,71,7,-1,99999,-1,-1,-3,-1,1,5580
1112,536,1,30,6,-1,99999,-1,-1,-3,-1,1,5640
1113,537,1,59,6,-1,99999,-1,-1,-3,-1,1,5640
1114,537,1,222,10,-1,99999,-1,-1,-3,-1,1,5640
1115,537,1,24,8,-1,99999,-1,-1,-3,-1,1,5640
1116,537,1,68,8,-1,99999,-1,-1,-3,-1,1,5640
1117,538,1,142,8,-1,99999,-1,-1,-3,-1,1,5640
1118,538,1,161,10,-1,99999,-1,-1,-3,-1,1,5640
1119,539,1,12,8,-1,99999,-1,-1,-3,-1,1,5640
1120,539,1,6,10,-1,99999,-1,-1,-3,-1,1,5640
1121,540,1,193,6,-1,99999,-1,-1,-3,-1,1,5640
1122,541,1,49,2,-1,99999,-1,-1,-3,-1,1,5700
1123,542,1,454,6,-1,99999,-1,-1,-3,-1,1,5700
1124,543,1,57,6,-1,99999,-1,-1,-3,-1,1,5700
1125,543,1,12,10,-1,99999,-1,-1,-3,-1,1,5700
1126,543,1,129,6,-1,99999,-1,-1,-3,-1,1,5700
1127,543,1,32,6,-1,99999,-1,-1,-3,-1,1,5700
1128,544,1,51,11,-1,99999,-1,-1,-3,-1,1,5700
1129,545,1,21,6,-1,99999,-1,-1,-3,-1,1,5760
1130,545,1,6,9,-1,99999,-1,-1,-3,-1,1,5760
1131,546,1,113,10,-1,99999,-1,-1,-3,-1,1,5760
1132,547,1,0,9,-1,99999,-1,-1,-3,-1,1,5760
1133,548,1,393,6,-1,99999,-1,-1,-3,-1,1,5760
1134,549,1,14,8,-1,99999,-1,-1,-3,-1,1,5760
1135,549,1,12,4,-1,99999,-1,-1,-3,-1,1,5760
1136,550,1,13,6,-1,99999,-1,-1,-3,-1,1,5760
1137,551,1,105,7,-1,99999,-1,-1,-3,-1,1,5760
1138,551,1,139,4,-1,99999,-1,-1,-3,-1,1,5760
1139,552,1,27,2,-1,99999,-1,-1,-3,-1,1,5760
1140,553,1,303,10,-1,99999,-1,-1,-3,-1,1,5820
1141,554,1,205,6,-1,99999,-1,-1,-3,-1,1,5820
1142,554,1,65,10,-1,99999,-1,-1,-3,-1,1,5820
1143,554,1,28,3,-1,99999,-1,-1,-3,-1,1,5820
1144,554,1,163,10,-1,99999,-1,-1,-3,-1,1,5820
1145,554,1,463,6,-1,99999,-1,-1,-3,-1,1,5820
1146,554,1,180,9,-1,99999,-1,-1,-3,-1,1,5820
1147,554,1,146,6,-1,99999,-1,-1,-3,-1,1,5820
1148,555,1,171,4,-1,99999,-1,-1,-3,-1,1,5820
1149,556,1,33,4,-1,99999,-1,-1,-3,-1,1,5820
1150,556,1,0,7,-1,99999,-1,-1,-3,-1,1,5820
1151,557,1,9,8,-1,99999,-1,-1,-3,-1,1,5880
1152,558,1,32,9,-1,99999,-1,-1,-3,-1,1,5880
1153,558,1,15,6,-1,99999,-1,-1,-3,-1,1,5880
1154,559,1,94,2,-1,99999,-1,-1,-3,-1,1,5880
1155,559,1,28,6,-1,99999,-1,-1,-3,-1,1,5880
1156,560,1,168,6,-1,99999,-1,-1,-3,-1,1,5880
1157,561,1,105,6,-1,99999,-1,-1,-3,-1,1,5880
1158,562,1,165,8,-1,99999,-1,-1,-3,-1,1,5880
1159,562,1,198,4,-1,99999,-1,-1,-3,-1,1,5880
1160,562,1,253,9,-1,99999,-1,-1,-3,-1,1,5880
1161,563,1,106,12,-1,99999,-1,-1,-3,-1,1,5880
1162,564,1,23,10,-1,99999,-1,-1,-3,-1,1,5880
1163,565,1,130,4,-1,99999,-1,-1,-3,-1,1,5880
1164,566,1,49,8,-1,99999,-1,-1,-3,-1,1,5880
1165,566,1,390,8,-1,99999,-1,-1,-3,-1,1,5880
1166,567,1,424,4,-1,99999,-1,-1,-3,-1,1,5940
1167,568,1,233,5,-1,99999,-1,-1,-3,-1,1,5940
1168,568,1,57,9,-1,99999,-1,-1,-3,-1,1,5940
1169,569,1,47,8,-1,99999,-1,-1,-3,-1,1,5940
1170,570,1,127,6,-1,99999,-1,-1,-3,-1,1,5940
1171,570,1,46,2,-1,99999,-1,-1,-3,-1,1,5940
1172,570,1,12,4,-1,99999,-1,-1,-3,-1,1,5940
1173,571,1,17,1,-1,99999,-1,-1,-3,-1,1,5940
1174,572,1,15,2,-1,99999,-1,-1,-3,-1,1,5940
1175,572,1,178,6,-1,99999,-1,-1,-3,-1,1,5940
1176,572,1,32,8,-1,99999,-1,-1,-3,-1,1,5940
1177,572,1,407,8,-1,99999,-1,-1,-3,-1,1,5940
1178,572,1,196,6,-1,99999,-1,-1,-3,-1,1,5940
1179,572,1,158,9,-1,99999,-1,-1,-3,-1,1,5940
1180,573,1,46,8,-1,99999,-1,-1,-3,-1,1,5940
1181,574,1,181,9,-1,99999,-1,-1,-3,-1,1,5940
1182,574,1,125,10,-1,99999,-1,-1,-3,-1,1,5940
1183,574,1,33,8,-1,99999,-1,-1,-3,-1,1,5940
1184,574,1,1,5,-1,99999,-1,-1,-3,-1,1,5940
1185,575,1,83,3,-1,99999,-1,-1,-3,-1,1,6000
1186,575,1,1,6,-1,99999,-1,-1,-3,-1,1,6000
1187,576,1,34,7,-1,99999,-1,-1,-3,-1,1,6000
1188,577,1,154,10,-1,99999,-1,-1,-3,-1,1,6060
1189,577,1,23,3,-1,99999,-1,-1,-3,-1,1,6060
1190,577,1,88,6,-1,99999,-1,-1,-3,-1,1,6060
1191,577,1,38,8,-1,99999,-1,-1,-3,-1,1,6060
1192,578,1,39,5,-1,99999,-1,-1,-3,-1,1,6060
1193,579,1,83,9,-1,99999,-1,-1,-3,-1,1,6120
1194,579,1,113,9,-1,99999,-1,-1,-3,-1,1,6120
1195,579,1,420,1,-1,99999,-1,-1,-3,-1,1,6120
1196,580,1,361,11,-1,99999,-1,-1,-3,-1,1,6120
1197,580,1,110,8,-1,99999,-1,-1,-3,-1,1,6120
1198,580,1,13,9,-1,99999,-1,-1,-3,-1,1,6120
1199,580,1,9,3,-1,99999,-1,-1,-3,-1,1,6120
1200,581,1,32,10,-1,99999,-1,-1,-3,-1,1,6120
1201,581,1,2,9,-1,99999,-1,-1,-3,-1,1,6120
1202,581,1,17,5,-1,99999,-1,-1,-3,-1,1,6120
1203,581,1,11,2,-1,99999,-1,-1,-3,-1,1,6120
1204,582,1,135,9,-1,99999,-1,-1,-3,-1,1,6120
1205,582,1,7,6,-1,99999,-1,-1,-3,-1,1,6120
1206,582,1,371,7,-1,99999,-1,-1,-3,-1,1,6120
1207,582,1,17,11,-1,99999,-1,-1,-3,-1,1,6120
1208,582,1,480,6,-1,99999,-1,-1,-3,-1,1,6120
1209,582,1,30,8,-1,99999,-1,-1,-3,-1,1,6120
1210,583,1,1,4,-1,99999,-1,-1,-3,-1,1,6120
1211,583,1,26,6,-1,99999,-1,-1,-3,-1,1,6120
1212,584,1,27,8,-1,99999,-1,-1,-3,-1,1,6180
1213,585,1,415,2,-1,99999,-1,-1,-3,-1,1,6180
1214,586,1,18,6,-1,99999,-1,-1,-3,-1,1,6180
1215,587,1,2,12,-1,99999,-1,-1,-3,-1,1,6180
1216,588,1,243,10,-1,99999,-1,-1,-3,-1,1,6240
1217,589,1,137,12,-1,99999,-1,-1,-3,-1,1,6240
1218,589,1,77,10,-1,99999,-1,-1,-3,-1,1,6240
1219,589,1,84,4,-1,99999,-1,-1,-3,-1,1,6240
1220,589,1,101,2,-1,99999,-1,-1,-3,-1,1,6240
1221,589,1,30,6,-1,99999,-1,-1,-3,-1,1,6240
1222,590,1,174,4,-1,99999,-1,-1,-3,-1,1,6240
1223,591,1,139,8,-1,99999,-1,-1,-3,-1,1,6240
1224,592,1,60,8,-1,99999,-1,-1,-3,-1,1,6240
1225,592,1,323,6,-1,99999,-1,-1,-3,-1,1,6240
1226,592,1,16,5,-1,99999,-1,-1,-3,-1,1,6240
1227,593,1,6,8,-1,99999,-1,-1,-3,-1,1,6240
1228,593,1,216,3,-1,99999,-1,-1,-3,-1,1,6240
1229,594,1,262,4,-1,99999,-1,-1,-3,-1,1,6240
1230,595,1,46,5,-1,99999,-1,-1,-3,-1,1,6240
1231,596,1,70,4,-1,99999,-1,-1,-3,-1,1,6300
1232,597,1,33,6,-1,99999,-1,-1,-3,-1,1,6300
1233,598,1,1,2,-1,99999,-1,-1,-3,-1,1,6300
1234,599,1,167,4,-1,99999,-1,-1,-3,-1,1,6300
1235,600,1,38,3,-1,99999,-1,-1,-3,-1,1,6300
1236,600,1,320,4,-1,99999,-1,-1,-3,-1,1,6300
1237,600,1,107,8,-1,99999,-1,-1,-3,-1,1,6300
1238,601,1,99,8,-1,99999,-1,-1,-3,-1,1,6300
1239,602,1,115,10,-1,99999,-1,-1,-3,-1,1,6300
1240,603,1,19,8,-1,99999,-1,-1,-3,-1,1,6300
1241,604,1,277,5,-1,99999,-1,-1,-3,-1,1,6300
1242,604,1,14,6,-1,99999,-1,-1,-3,-1,1,6300
1243,604,1,148,10,-1,99999,-1,-1,-3,-1,1,6300
1244,604,1,51,10,-1,99999,-1,-1,-3,-1,1,6300
1245,605,1,459,10,-1,99999,-1,-1,-3,-1,1,6300
1246,606,1,37,10,-1,99999,-1,-1,-3,-1,1,6300
1247,607,1,125,5,-1,99999,-1,-1,-3,-1,1,6300
1248,608,1,19,2,-1,99999,-1,-1,-3,-1,1,6300
1249,609,1,55,10,-1,99999,-1,-1,-3,-1,1,6360
1250,609,1,70,4,-1,99999,-1,-1,-3,-1,1,6360
1251,609,1,1,6,-1,99999,-1,-1,-3,-1,1,6360
1252,610,1,244,6,-1,99999,-1,-1,-3,-1,1,6360
1253,610,1,19,8,-1,99999,-1,-1,-3,-1,1,6360
1254,610,1,7,5,-1,99999,-1,-1,-3,-1,1,6360
1255,610,1,293,8,-1,99999,-1,-1,-3,-1,1,6360
1256,610,1,0,2,-1,99999,-1,-1,-3,-1,1,6360
1257,611,1,37,11,-1,99999,-1,-1,-3,-1,1,6360
1258,611,1,180,4,-1,99999,-1,-1,-3,-1,1,6360
1259,612,1,124,6,-1,99999,-1,-1,-3,-1,1,6420
1260,612,1,400,5,-1,99999,-1,-1,-3,-1,1,6420
1261,612,1,1,5,-1,99999,-1,-1,-3,-1,1,6420
1262,612,1,38,3,-1,99999,-1,-1,-3,-1,1,6420
1263,613,1,28,10,-1,99999,-1,-1,-3,-1,1,6420
1264,614,1,191,10,-1,99999,-1,-1,-3,-1,1,6420
1265,614,1,21,9,-1,99999,-1,-1,-3,-1,1,6420
1266,615,1,119,9,-1,99999,-1,-1,-3,-1,1,6480
1267,615,1,29,6,-1,99999,-1,-1,-3,-1,1,6480
1268,616,1,127,8,-1,99999,-1,-1,-3,-1,1,6480
1269,616,1,64,12,-1,99999,-1,-1,-3,-1,1,6480
1270,617,1,78,6,-1,99999,-1,-1,-3,-1,1,6480
1271,618,1,107,9,-1,99999,-1,-1,-3,-1,1,6480
1272,619,1,111,5,-1,99999,-1,-1,-3,-1,1,6480
1273,619,1,22,10,-1,99999,-1,-1,-3,-1,1,6480
1274,620,1,212,8,-1,99999,-1,-1,-3,-1,1,6540
1275,621,1,4,9,-1,99999,-1,-1,-3,-1,1,6540
1276,621,1,34,10,-1,99999,-1,-1,-3,-1,1,6540
1277,622,1,49,2,-1,99999,-1,-1,-3,-1,1,6540
1278,622,1,262,3,-1,99999,-1,-1,-3,-1,1,6540
1279,622,1,272,8,-1,99999,-1,-1,-3,-1,1,6540
1280,623,1,42,11,-1,99999,-1,-1,-3,-1,1,6600
1281,623,1,23,2,-1,99999,-1,-1,-3,-1,1,6600
1282,623,1,17,8,-1,99999,-1,-1,-3,-1,1,6600
1283,623,1,120,10,-1,99999,-1,-1,-3,-1,1,6600
1284,624,1,143,12,-1,99999,-1,-1,-3,-1,1,6600
1285,625,1,223,8,-1,99999,-1,-1,-3,-1,1,6600
1286,625,1,275,2,-1,99999,-1,-1,-3,-1,1,6600
1287,626,1,38,3,-1,99999,-1,-1,-3,-1,1,6600
1288,627,1,120,6,-1,99999,-1,-1,-3,-1,1,6600
1289,628,1,57,12,-1,99999,-1,-1,-3,-1,1,6600
1290,628,1,2,8,-1,99999,-1,-1,-3,-1,1,6600
1291,628,1,26,7,-1,99999,-1,-1,-3,-1,1,6600
1292,629,1,328,2,-1,99999,-1,-1,-3,-1,1,6600
1293,629,1,151,8,-1,99999,-1,-1,-3,-1,1,6600
1294,629,1,57,12,-1,99999,-1,-1,-3,-1,1,6600
1295,630,1,70,6,-1,99999,-1,-1,-3,-1,1,6660
1296,630,1,24,4,-1,99999,-1,-1,-3,-1,1,6660
1297,630,1,15,6,-1,99999,-1,-1,-3,-1,1,6660
1298,631,1,0,6,-1,99999,-1,-1,-3,-1,1,6720
1299,632,1,0,7,-1,99999,-1,-1,-3,-1,1,6720
1300,633,1,265,3,-1,99999,-1,-1,-3,-1,1,6720
1301,634,1,0,6,-1,99999,-1,-1,-3,-1,1,6780
1302,634,1,189,4,-1,99999,-1,-1,-3,-1,1,6780
1303,634,1,3,8,-1,99999,-1,-1,-3,-1,1,6780
1304,634,1,36,5,-1,99999,-1,-1,-3,-1,1,6780
1305,634,1,123,8,-1,99999,-1,-1,-3,-1,1,6780
1306,634,1,38,12,-1,99999,-1,-1,-3,-1,1,6780
1307,634,1,40,8,-1,99999,-1,-1,-3,-1,1,6780
1308,635,1,1,10,-1,99999,-1,-1,-3,-1,1,6780
1309,635,1,48,10,-1,99999,-1,-1,-3,-1,1,6780
1310,636,1,186,8,-1,99999,-1,-1,-3,-1,1,6780
1311,637,1,163,10,-1,99999,-1,-1,-3,-1,1,6780
1312,637,1,184,5,-1,99999,-1,-1,-3,-1,1,6780
1313,638,1,114,8,-1,99999,-1,-1,-3,-1,1,6780
1314,639,1,10,6,-1,99999,-1,-1,-3,-1,1,6840
1315,640,1,12,4,-1,99999,-1,-1,-3,-1,1,6840
1316,640,1,208,2,-1,99999,-1,-1,-3,-1,1,6840
1317,641,1,6,8,-1,99999,-1,-1,-3,-1,1,6840
1318,642,1,87,8,-1,99999,-1,-1,-3,-1,1,6840
1319,643,1,219,9,-1,99999,-1,-1,-3,-1,1,6900
1320,643,1,289,4,-1,99999,-1,-1,-3,-1,1,6900
1321,643,1,41,6,-1,99999,-1,-1,-3,-1,1,6900
1322,644,1,21,4,-1,99999,-1,-1,-3,-1,1,6900
1323,644,1,155,6,-1,99999,-1,-1,-3,-1,1,6900
1324,644,1,172,12,-1,99999,-1,-1,-3,-1,1,6900
1325,645,1,25,3,-1,99999,-1,-1,-3,-1,1,6900
1326,645,1,34,5,-1,99999,-1,-1,-3,-1,1,6900
1327,646,1,15,4,-1,99999,-1,-1,-3,-1,1,6960
1328,647,1,251,2,-1,99999,-1,-1,-3,-1,1,6960
1329,648,1,145,12,-1,99999,-1,-1,-3,-1,1,6960
1330,649,1,264,4,-1,99999,-1,-1,-3,-1,1,6960
1331,650,1,444,11,-1,99999,-1,-1,-3,-1,1,7020
1332,650,1,445,6,-1,99999,-1,-1,-3,-1,1,7020
1333,651,1,194,12,-1,99999,-1,-1,-3,-1,1,7020
1334,652,1,102,5,-1,99999,-1,-1,-3,-1,1,7020
1335,652,1,496,2,-1,99999,-1,-1,-3,-1,1,7020
1336,652,1,492,8,-1,99999,-1,-1,-3,-1,1,7020
1337,652,1,74,6,-1,99999,-1,-1,-3,-1,1,7020
1338,653,1,11,7,-1,99999,-1,-1,-3,-1,1,7020
1339,653,1,39,7,-1,99999,-1,-1,-3,-1,1,7020
1340,653,1,17,7,-1,99999,-1,-1,-3,-1,1,7020
1341,653,1,132,10,-1,99999,-1,-1,-3,-1,1,7020
1342,653,1,24,4,-1,99999,-1,-1,-3,-1,1,7020
1343,654,1,357,6,-1,99999,-1,-1,-3,-1,1,7020
1344,654,1,299,9,-1,99999,-1,-1,-3,-1,1,7020
1345,654,1,14,7,-1,99999,-1,-1,-3,-1,1,7020
1346,655,1,171,2,-1,99999,-1,-1,-3,-1,1,7020
1347,655,1,404,6,-1,99999,-1,-1,-3,-1,1,7020
1348,655,1,162,11,-1,99999,-1,-1,-3,-1,1,7020
1349,655,1,375,5,-1,99999,-1,-1,-3,-1,1,7020
1350,655,1,431,4,-1,99999,-1,-1,-3,-1,1,7020
1351,655,1,22,5,-1,99999,-1,-1,-3,-1,1,7020
1352,655,1,8,8,-1,99999,-1,-1,-3,-1,1,7020
1353,656,1,29,10,-1,99999,-1,-1,-3,-1,1,7020
1354,656,1,0,4,-1,99999,-1,-1,-3,-1,1,7020
1355,656,1,7,9,-1,99999,-1,-1,-3,-1,1,7020
1356,657,1,104,9,-1,99999,-1,-1,-3,-1,1,7080
1357,657,1,71,9,-1,99999,-1,-1,-3,-1,1,7080
1358,657,1,18,6,-1,99999,-1,-1,-3,-1,1,7080
1359,657,1,43,5,-1,99999,-1,-1,-3,-1,1,7080
1360,658,1,211,4,-1,99999,-1,-1,-3,-1,1,7080
1361,658,1,19,8,-1,99999,-1,-1,-3,-1,1,7080
1362,659,1,120,6,-1,99999,-1,-1,-3,-1,1,7080
1363,659,1,191,12,-1,99999,-1,-1,-3,-1,1,7080
1364,660,1,111,5,-1,99999,-1,-1,-3,-1,1,7080
1365,660,1,36,2,-1,99999,-1,-1,-3,-1,1,7080
1366,661,1,9,5,-1,99999,-1,-1,-3,-1,1,7080
1367,661,1,310,7,-1,99999,-1,-1,-3,-1,1,7080
1368,661,1,1,9,-1,99999,-1,-1,-3,-1,1,7080
1369,662,1,27,9,-1,99999,-1,-1,-3,-1,1,7080
1370,662,1,2,5,-1,99999,-1,-1,-3,-1,1,7080
1371,662,1,24,7,-1,99999,-1,-1,-3,-1,1,7080
1372,663,1,471,10,-1,99999,-1,-1,-3,-1,1,7080
1373,664,1,109,10,-1,99999,-1,-1,-3,-1,1,7140
1374,665,1,21,4,-1,99999,-1,-1,-3,-1,1,7140
1375,665,1,61,8,-1,99999,-1,-1,-3,-1,1,7140
1376,665,1,4,6,-1,99999,-1,-1,-3,-1,1,7140
1377,665,1,0,6,-1,99999,-1,-1,-3,-1,1,7140
1378,665,1,151,2,-1,99999,-1,-1,-3,-1,1,7140
1379,665,1,18,6,-1,99999,-1,-1,-3,-1,1,7140
1380,665,1,352,10,-1,99999,-1,-1,-3,-1,1,7140
1381,666,1,65,4,-1,99999,-1,-1,-3,-1,1,7140
1382,666,1,9,8,-1,99999,-1,-1,-3,-1,1,7140
1383,666,1,36,2,-1,99999,-1,-1,-3,-1,1,7140
1384,666,1,75,10,-1,99999,-1,-1,-3,-1,1,7140
1385,666,1,1,10,-1,99999,-1,-1,-3,-1,1,7140
1386,667,1,3,7,-1,99999,-1,-1,-3,-1,1,7140
1387,668,1,17,10,-1,99999,-1,-1,-3,-1,1,7140
1388,668,1,48,6,-1,99999,-1,-1,-3,-1,1,7140
1389,668,1,21,6,-1,99999,-1,-1,-3,-1,1,7140
1390,668,1,419,7,-1,99999,-1,-1,-3,-1,1,7140
1391,668,1,150,4,-1,99999,-1,-1,-3,-1,1,7140
1392,668,1,379,4,-1,99999,-1,-1,-3,-1,1,7140
1393,669,1,31,3,-1,99999,-1,-1,-3,-1,1,7200
1394,669,1,46,2,-1,99999,-1,-1,-3,-1,1,7200
1395,670,1,48,6,-1,99999,-1,-1,-3,-1,1,7200
1396,671,1,129,6,-1,99999,-1,-1,-3,-1,1,7200
1397,671,1,28,4,-1,99999,-1,-1,-3,-1,1,7200
1398,672,1,133,2,-1,99999,-1,-1,-3,-1,1,7200
1399,672,1,43,2,-1,99999,-1,-1,-3,-1,1,7200
1400,672,1,19,8,-1,99999,-1,-1,-3,-1,1,7200
1401,672,1,2,8,-1,99999,-1,-1,-3,-1,1,7200
1402,673,1,178,4,-1,99999,-1,-1,-3,-1,1,7200
1403,673,1,392,6,-1,99999,-1,-1,-3,-1,1,7200
1404,674,1,1,10,-1,99999,-1,-1,-3,-1,1,7200
1405,674,1,32,2,-1,99999,-1,-1,-3,-1,1,7200
1406,674,1,179,7,-1,99999,-1,-1,-3,-1,1,7200
1407,674,1,33,10,-1,99999,-1,-1,-3,-1,1,7200
1408,674,1,148,10,-1,99999,-1,-1,-3,-1,1,7200
1409,675,1,19,3,-1,99999,-1,-1,-3,-1,1,7200
1410,675,1,345,7,-1,99999,-1,-1,-3,-1,1,7200
1411,676,1,243,6,-1,99999,-1,-1,-3,-1,1,7200
1412,676,1,16,11,-1,99999,-1,-1,-3,-1,1,7200
1413,677,1,32,12,-1,99999,-1,-1,-3,-1,1,7260
1414,678,1,14,4,-1,99999,-1,-1,-3,-1,1,7260
1415,678,1,38,7,-1,99999,-1,-1,-3,-1,1,7260
1416,679,1,3,6,-1,99999,-1,-1,-3,-1,1,7260
1417,679,1,33,8,-1,99999,-1,-1,-3,-1,1,7260
1418,680,1,85,8,-1,99999,-1,-1,-3,-1,1,7260
1419,680,1,11,2,-1,99999,-1,-1,-3,-1,1,7260
1420,681,1,10,7,-1,99999,-1,-1,-3,-1,1,7260
1421,681,1,11,12,-1,99999,-1,-1,-3,-1,1,7260
1422,682,1,21,4,-1,99999,-1,-1,-3,-1,1,7260
1423,683,1,199,6,-1,99999,-1,-1,-3,-1,1,7260
1424,683,1,52,11,-1,99999,-1,-1,-3,-1,1,7260
1425,684,1,438,8,-1,99999,-1,-1,-3,-1,1,7260
1426,685,1,47,12,-1,99999,-1,-1,-3,-1,1,7320
1427,686,1,34,7,-1,99999,-1,-1,-3,-1,1,7320
1428,686,1,0,7,-1,99999,-1,-1,-3,-1,1,7320
1429,686,1,10,4,-1,99999,-1,-1,-3,-1,1,7320
1430,686,1,422,8,-1,99999,-1,-1,-3,-1,1,7320
1431,686,1,1,10,-1,99999,-1,-1,-3,-1,1,7320
1432,686,1,12,4,-1,99999,-1,-1,-3,-1,1,7320
1433,687,1,371,4,-1,99999,-1,-1,-3,-1,1,7320
1434,687,1,142,3,-1,99999,-1,-1,-3,-1,1,7320
1435,687,1,192,2,-1,99999,-1,-1,-3,-1,1,7320
1436,688,1,227,8,-1,99999,-1,-1,-3,-1,1,7320
1437,689,1,38,9,-1,99999,-1,-1,-3,-1,1,7320
1438,689,1,39,9,-1,99999,-1,-1,-3,-1,1,7320
1439,690,1,195,4,-1,99999,-1,-1,-3,-1,1,7320
1440,691,1,137,4,-1,99999,-1,-1,-3,-1,1,7320
1441,691,1,11,5,-1,99999,-1,-1,-3,-1,1,7320
1442,691,1,44,10,-1,99999,-1,-1,-3,-1,1,7320
1443,692,1,183,8,-1,99999,-1,-1,-3,-1,1,7320
1444,693,1,0,10,-1,99999,-1,-1,-3,-1,1,7380
1445,693,1,159,11,-1,99999,-1,-1,-3,-1,1,7380
1446,694,1,420,6,-1,99999,-1,-1,-3,-1,1,7380
1447,694,1,340,6,-1,99999,-1,-1,-3,-1,1,7380
1448,695,1,56,4,-1,99999,-1,-1,-3,-1,1,7380
1449,695,1,265,8,-1,99999,-1,-1,-3,-1,1,7380
1450,695,1,110,8,-1,99999,-1,-1,-3,-1,1,7380
1451,695,1,47,12,-1,99999,-1,-1,-3,-1,1,7380
1452,696,1,83,8,-1,99999,-1,-1,-3,-1,1,7440
1453,696,1,28,12,-1,99999,-1,-1,-3,-1,1,7440
1454,697,1,113,7,-1,99999,-1,-1,-3,-1,1,7440
1455,698,1,225,3,-1,99999,-1,-1,-3,-1,1,7440
1456,699,1,75,8,-1,99999,-1,-1,-3,-1,1,7440
1457,699,1,0,7,-1,99999,-1,-1,-3,-1,1,7440
1458,699,1,62,8,-1,99999,-1,-1,-3,-1,1,7440
1459,700,1,0,6,-1,99999,-1,-1,-3,-1,1,7440
1460,701,1,443,11,-1,99999,-1,-1,-3,-1,1,7500
1461,702,1,213,12,-1,99999,-1,-1,-3,-1,1,7500
1462,702,1,47,10,-1,99999,-1,-1,-3,-1,1,7500
1463,703,1,10,6,-1,99999,-1,-1,-3,-1,1,7500
1464,703,1,85,4,-1,99999,-1,-1,-3,-1,1,7500
1465,704,1,106,9,-1,99999,-1,-1,-3,-1,1,7500
1466,704,1,271,4,-1,99999,-1,-1,-3,-1,1,7500
1467,704,1,178,4,-1,99999,-1,-1,-3,-1,1,7500
1468,704,1,78,4,-1,99999,-1,-1,-3,-1,1,7500
1469,705,1,23,4,-1,99999,-1,-1,-3,-1,1,7500
1470,706,1,5,4,-1,99999,-1,-1,-3,-1,1,7500
1471,707,1,4,8,-1,99999,-1,-1,-3,-1,1,7500
1472,708,1,172,10,-1,99999,-1,-1,-3,-1,1,7500
1473,708,1,61,2,-1,99999,-1,-1,-3,-1,1,7500
1474,709,1,54,8,-1,99999,-1,-1,-3,-1,1,7560
1475,710,1,216,5,-1,99999,-1,-1,-3,-1,1,7560
1476,711,1,2,3,-1,99999,-1,-1,-3,-1,1,7560
1477,712,1,14,9,-1,99999,-1,-1,-3,-1,1,7560
1478,712,1,3,8,-1,99999,-1,-1,-3,-1,1,7560
1479,713,1,432,8,-1,99999,-1,-1,-3,-1,1,7620
1480,714,1,40,8,-1,99999,-1,-1,-3,-1,1,7680
1481,714,1,3,6,-1,99999,-1,-1,-3,-1,1,7680
1482,714,1,4,4,-1,99999,-1,-1,-3,-1,1,7680
1483,715,1,109,10,-1,99999,-1,-1,-3,-1,1,7680
1484,716,1,0,6,-1,99999,-1,-1,-3,-1,1,7680
1485,716,1,153,5,-1,99999,-1,-1,-3,-1,1,7680
1486,716,1,6,6,-1,99999,-1,-1,-3,-1,1,7680
1487,717,1,328,6,-1,99999,-1,-1,-3,-1,1,7680
1488,717,1,4,1,-1,99999,-1,-1,-3,-1,1,7680
1489,717,1,306,5,-1,99999,-1,-1,-3,-1,1,7680
1490,718,1,5,4,-1,99999,-1,-1,-3,-1,1,7680
1491,719,1,16,2,-1,99999,-1,-1,-3,-1,1,7680
1492,719,1,22,10,-1,99999,-1,-1,-3,-1,1,7680
1493,719,1,42,8,-1,99999,-1,-1,-3,-1,1,7680
1494,720,1,1,6,-1,99999,-1,-1,-3,-1,1,7740
1495,720,1,7,6,-1,99999,-1,-1,-3,-1,1,7740
1496,720,1,141,4,-1,99999,-1,-1,-3,-1,1,7740
1497,720,1,318,10,-1,99999,-1,-1,-3,-1,1,7740
1498,720,1,30,3,-1,99999,-1,-1,-3,-1,1,7740
1499,720,1,10,6,-1,99999,-1,-1,-3,-1,1,7740
1500,721,1,104,1,-1,99999,-1,-1,-3,-1,1,7740
1501,722,1,4,6,-1,99999,-1,-1,-3,-1,1,7740
1502,723,1,18,8,-1,99999,-1,-1,-3,-1,1,7740
1503,724,1,228,4,-1,99999,-1,-1,-3,-1,1,7740
1504,725,1,323,2,-1,99999,-1,-1,-3,-1,1,7740
1505,725,1,367,6,-1,99999,-1,-1,-3,-1,1,7740
1506,726,1,93,8,-1,99999,-1,-1,-3,-1,1,7740
1507,726,1,129,8,-1,99999,-1,-1,-3,-1,1,7740
1508,726,1,48,6,-1,99999,-1,-1,-3,-1,1,7740
1509,727,1,0,5,-1,99999,-1,-1,-3,-1,1,7800
1510,727,1,75,8,-1,99999,-1,-1,-3,-1,1,7800
1511,727,1,237,2,-1,99999,-1,-1,-3,-1,1,7800
1512,727,1,65,2,-1,99999,-1,-1,-3,-1,1,7800
1513,727,1,428,4,-1,99999,-1,-1,-3,-1,1,7800
1514,727,1,155,1,-1,99999,-1,-1,-3,-1,1,7800
1515,727,1,168,7,-1,99999,-1,-1,-3,-1,1,7800
1516,727,1,1,8,-1,99999,-1,-1,-3,-1,1,7800
1517,728,1,0,9,-1,99999,-1,-1,-3,-1,1,7800
1518,728,1,183,10,-1,99999,-1,-1,-3,-1,1,7800
1519,728,1,18,10,-1,99999,-1,-1,-3,-1,1,7800
1520,728,1,280,4,-1,99999,-1,-1,-3,-1,1,7800
1521,729,1,256,6,-1,99999,-1,-1,-3,-1,1,7800
1522,730,1,33,5,-1,99999,-1,-1,-3,-1,1,7860
1523,731,1,413,9,-1,99999,-1,-1,-3,-1,1,7860
1524,732,1,149,6,-1,99999,-1,-1,-3,-1,1,7860
1525,732,1,131,4,-1,99999,-1,-1,-3,-1,1,7860
1526,732,1,206,12,-1,99999,-1,-1,-3,-1,1,7860
1527,733,1,322,5,-1,99999,-1,-1,-3,-1,1,7860
1528,734,1,12,7,-1,99999,-1,-1,-3,-1,1,7860
1529,735,1,25,4,-1,99999,-1,-1,-3,-1,1,7860
1530,736,1,10,7,-1,99999,-1,-1,-3,-1,1,7860
1531,736,1,2,9,-1,99999,-1,-1,-3,-1,1,7860
1532,737,1,284,5,-1,99999,-1,-1,-3,-1,1,7920
1533,738,1,28,2,-1,99999,-1,-1,-3,-1,1,7920
1534,739,1,9,4,-1,99999,-1,-1,-3,-1,1,7920
1535,739,1,2,2,-1,99999,-1,-1,-3,-1,1,7920
1536,740,1,86,7,-1,99999,-1,-1,-3,-1,1,7920
1537,740,1,27,12,-1,99999,-1,-1,-3,-1,1,7920
1538,741,1,76,7,-1,99999,-1,-1,-3,-1,1,7980
1539,742,1,72,6,-1,99999,-1,-1,-3,-1,1,7980
1540,742,1,345,10,-1,99999,-1,-1,-3,-1,1,7980
1541,742,1,427,5,-1,99999,-1,-1,-3,-1,1,7980
1542,743,1,33,4,-1,99999,-1,-1,-3,-1,1,7980
1543,744,1,1,4,-1,99999,-1,-1,-3,-1,1,7980
1544,744,1,372,8,-1,99999,-1,-1,-3,-1,1,7980
1545,745,1,364,5,-1,99999,-1,-1,-3,-1,1,7980
1546,745,1,322,10,-1,99999,-1,-1,-3,-1,1,7980
1547,746,1,80,8,-1,99999,-1,-1,-3,-1,1,8040
1548,747,1,391,4,-1,99999,-1,-1,-3,-1,1,8040
1549,747,1,10,4,-1,99999,-1,-1,-3,-1,1,8040
1550,748,1,309,4,-1,99999,-1,-1,-3,-1,1,8040
1551,748,1,137,6,-1,99999,-1,-1,-3,-1,1,8040
1552,748,1,0,6,-1,99999,-1,-1,-3,-1,1,8040
1553,749,1,181,5,-1,99999,-1,-1,-3,-1,1,8040
1554,750,1,1,3,-1,99999,-1,-1,-3,-1,1,8100
1555,751,1,13,6,-1,99999,-1,-1,-3,-1,1,8100
1556,751,1,26,7,-1,99999,-1,-1,-3,-1,1,8100
1557,751,1,5,11,-1,99999,-1,-1,-3,-1,1,8100
1558,751,1,198,3,-1,99999,-1,-1,-3,-1,1,8100
1559,751,1,16,7,-1,99999,-1,-1,-3,-1,1,8100
1560,752,1,140,10,-1,99999,-1,-1,-3,-1,1,8100
1561,752,1,17,3,-1,99999,-1,-1,-3,-1,1,8100
1562,752,1,443,2,-1,99999,-1,-1,-3,-1,1,8100
1563,753,1,436,10,-1,99999,-1,-1,-3,-1,1,8100
1564,754,1,20,9,-1,99999,-1,-1,-3,-1,1,8100
1565,754,1,115,8,-1,99999,-1,-1,-3,-1,1,8100
1566,755,1,336,6,-1,99999,-1,-1,-3,-1,1,8100
1567,756,1,7,4,-1,99999,-1,-1,-3,-1,1,8100
1568,756,1,21,5,-1,99999,-1,-1,-3,-1,1,8100
1569,757,1,492,7,-1,99999,-1,-1,-3,-1,1,8160
1570,758,1,432,6,-1,99999,-1,-1,-3,-1,1,8160
1571,759,1,33,7,-1,99999,-1,-1,-3,-1,1,8160
1572,760,1,48,4,-1,99999,-1,-1,-3,-1,1,8160
1573,761,1,35,10,-1,99999,-1,-1,-3,-1,1,8220
1574,761,1,350,8,-1,99999,-1,-1,-3,-1,1,8220
1575,762,1,47,6,-1,99999,-1,-1,-3,-1,1,8220
1576,763,1,182,2,-1,99999,-1,-1,-3,-1,1,8220
1577,763,1,423,6,-1,99999,-1,-1,-3,-1,1,8220
1578,763,1,11,2,-1,99999,-1,-1,-3,-1,1,8220
1579,764,1,222,4,-1,99999,-1,-1,-3,-1,1,8280
1580,765,1,18,1,-1,99999,-1,-1,-3,-1,1,8280
1581,765,1,171,8,-1,99999,-1,-1,-3,-1,1,8280
1582,766,1,238,4,-1,99999,-1,-1,-3,-1,1,8280
1583,767,1,42,10,-1,99999,-1,-1,-3,-1,1,8280
1584,768,1,8,6,-1,99999,-1,-1,-3,-1,1,8280
1585,769,1,7,12,-1,99999,-1,-1,-3,-1,1,8340
1586,770,1,176,1,-1,99999,-1,-1,-3,-1,1,8340
1587,771,1,35,4,-1,99999,-1,-1,-3,-1,1,8400
1588,771,1,2,4,-1,99999,-1,-1,-3,-1,1,8400
1589,771,1,43,6,-1,99999,-1,-1,-3,-1,1,8400
1590,771,1,10,8,-1,99999,-1,-1,-3,-1,1,8400
1591,771,1,41,3,-1,99999,-1,-1,-3,-1,1,8400
1592,772,1,337,12,-1,99999,-1,-1,-3,-1,1,8400
1593,773,1,35,8,-1,99999,-1,-1,-3,-1,1,8400
1594,773,1,49,6,-1,99999,-1,-1,-3,-1,1,8400
1595,773,1,345,8,-1,99999,-1,-1,-3,-1,1,8400
1596,773,1,269,4,-1,99999,-1,-1,-3,-1,1,8400
1597,773,1,7,2,-1,99999,-1,-1,-3,-1,1,8400
1598,773,1,282,6,-1,99999,-1,-1,-3,-1,1,8400
1599,773,1,233,6,-1,99999,-1,-1,-3,-1,1,8400
1600,774,1,298,5,-1,99999,-1,-1,-3,-1,1,8400
1601,775,1,190,2,-1,99999,-1,-1,-3,-1,1,8400
1602,775,1,10,7,-1,99999,-1,-1,-3,-1,1,8400
1603,775,1,52,5,-1,99999,-1,-1,-3,-1,1,8400
1604,775,1,47,6,-1,99999,-1,-1,-3,-1,1,8400
1605,775,1,21,8,-1,99999,-1,-1,-3,-1,1,8400
1606,776,1,251,8,-1,99999,-1,-1,-3,-1,1,8460
1607,776,1,83,10,-1,99999,-1,-1,-3,-1,1,8460
1608,777,1,169,6,-1,99999,-1,-1,-3,-1,1,8460
1609,778,1,38,7,-1,99999,-1,-1,-3,-1,1,8460
1610,779,1,306,12,-1,99999,-1,-1,-3,-1,1,8460
1611,780,1,56,2,-1,99999,-1,-1,-3,-1,1,8460
1612,781,1,449,5,-1,99999,-1,-1,-3,-1,1,8520
1613,782,1,169,7,-1,99999,-1,-1,-3,-1,1,8520
1614,783,1,2,6,-1,99999,-1,-1,-3,-1,1,8520
1615,784,1,404,9,-1,99999,-1,-1,-3,-1,1,8520
1616,784,1,490,9,-1,99999,-1,-1,-3,-1,1,8520
1617,784,1,17,4,-1,99999,-1,-1,-3,-1,1,8520
1618,784,1,4,8,-1,99999,-1,-1,-3,-1,1,8520
1619,785,1,192,4,-1,99999,-1,-1,-3,-1,1,8520
1620,785,1,33,8,-1,99999,-1,-1,-3,-1,1,8520
1621,786,1,228,7,-1,99999,-1,-1,-3,-1,1,8520
1622,787,1,16,10,-1,99999,-1,-1,-3,-1,1,8580
1623,788,1,3,8,-1,99999,-1,-1,-3,-1,1,8580
1624,788,1,27,8,-1,99999,-1,-1,-3,-1,1,8580
1625,789,1,47,10,-1,99999,-1,-1,-3,-1,1,8640
1626,790,1,9,5,-1,99999,-1,-1,-3,-1,1,8640
1627,791,1,30,9,-1,99999,-1,-1,-3,-1,1,8640
1628,792,1,58,3,-1,99999,-1,-1,-3,-1,1,8640
1629,792,1,23,6,-1,99999,-1,-1,-3,-1,1,8640
1630,793,1,27,6,-1,99999,-1,-1,-3,-1,1,8640
1631,794,1,343,8,-1,99999,-1,-1,-3,-1,1,8640
1632,795,1,115,7,-1,99999,-1,-1,-3,-1,1,8640
1633,795,1,186,12,-1,99999,-1,-1,-3,-1,1,8640
1634,796,1,97,10,-1,99999,-1,-1,-3,-1,1,8640
1635,796,1,324,2,-1,99999,-1,-1,-3,-1,1,8640
1636,797,1,2,4,-1,99999,-1,-1,-3,-1,1,8640
1637,798,1,161,7,-1,99999,-1,-1,-3,-1,1,8700
1638,799,1,37,8,-1,99999,-1,-1,-3,-1,1,8700
1639,799,1,43,3,-1,99999,-1,-1,-3,-1,1,8700
1640,800,1,141,6,-1,99999,-1,-1,-3,-1,1,8700
1641,800,1,112,4,-1,99999,-1,-1,-3,-1,1,8700
1642,801,1,13,6,-1,99999,-1,-1,-3,-1,1,8700
1643,801,1,266,9,-1,99999,-1,-1,-3,-1,1,8700
1644,802,1,145,7,-1,99999,-1,-1,-3,-1,1,8700
1645,802,1,299,6,-1,99999,-1,-1,-3,-1,1,8700
1646,803,1,228,12,-1,99999,-1,-1,-3,-1,1,8760
1647,804,1,479,3,-1,99999,-1,-1,-3,-1,1,8760
1648,804,1,44,5,-1,99999,-1,-1,-3,-1,1,8760
1649,804,1,353,6,-1,99999,-1,-1,-3,-1,1,8760
1650,804,1,130,10,-1,99999,-1,-1,-3,-1,1,8760
1651,804,1,40,8,-1,99999,-1,-1,-3,-1,1,8760
1652,805,1,192,1,-1,99999,-1,-1,-3,-1,1,8760
1653,805,1,43,9,-1,99999,-1,-1,-3,-1,1,8760
1654,805,1,266,2,-1,99999,-1,-1,-3,-1,1,8760
1655,805,1,21,4,-1,99999,-1,-1,-3,-1,1,8760
1656,805,1,206,12,-1,99999,-1,-1,-3,-1,1,8760
1657,806,1,208,6,-1,99999,-1,-1,-3,-1,1,8760
1658,807,1,3,8,-1,99999,-1,-1,-3,-1,1,8820
1659,808,1,272,4,-1,99999,-1,-1,-3,-1,1,8820
1660,808,1,49,2,-1,99999,-1,-1,-3,-1,1,8820
1661,809,1,63,6,-1,99999,-1,-1,-3,-1,1,8820
1662,809,1,101,5,-1,99999,-1,-1,-3,-1,1,8820
1663,809,1,3,4,-1,99999,-1,-1,-3,-1,1,8820
1664,810,1,122,5,-1,99999,-1,-1,-3,-1,1,8880
1665,811,1,7,10,-1,99999,-1,-1,-3,-1,1,8880
1666,811,1,299,2,-1,99999,-1,-1,-3,-1,1,8880
1667,811,1,354,3,-1,99999,-1,-1,-3,-1,1,8880
1668,812,1,458,8,-1,99999,-1,-1,-3,-1,1,8880
1669,813,1,22,6,-1,99999,-1,-1,-3,-1,1,8880
1670,813,1,143,10,-1,99999,-1,-1,-3,-1,1,8880
1671,814,1,115,1,-1,99999,-1,-1,-3,-1,1,8940
1672,814,1,136,7,-1,99999,-1,-1,-3,-1,1,8940
1673,814,1,9,12,-1,99999,-1,-1,-3,-1,1,8940
1674,814,1,31,4,-1,99999,-1,-1,-3,-1,1,8940
1675,815,1,202,10,-1,99999,-1,-1,-3,-1,1,8940
1676,816,1,196,6,-1,99999,-1,-1,-3,-1,1,8940
1677,816,1,122,8,-1,99999,-1,-1,-3,-1,1,8940
1678,816,1,31,3,-1,99999,-1,-1,-3,-1,1,8940
1679,817,1,124,4,-1,99999,-1,-1,-3,-1,1,8940
1680,817,1,486,12,-1,99999,-1,-1,-3,-1,1,8940
1681,817,1,48,10,-1,99999,-1,-1,-3,-1,1,8940
1682,817,1,0,8,-1,99999,-1,-1,-3,-1,1,8940
1683,818,1,33,9,-1,99999,-1,-1,-3,-1,1,9000
1684,818,1,139,5,-1,99999,-1,-1,-3,-1,1,9000
1685,819,1,6,5,-1,99999,-1,-1,-3,-1,1,9000
1686,819,1,417,5,-1,99999,-1,-1,-3,-1,1,9000
1687,820,1,17,8,-1,99999,-1,-1,-3,-1,1,9000
1688,821,1,154,8,-1,99999,-1,-1,-3,-1,1,9000
1689,822,1,59,2,-1,99999,-1,-1,-3,-1,1,9000
1690,823,1,84,9,-1,99999,-1,-1,-3,-1,1,9060
1691,823,1,43,2,-1,99999,-1,-1,-3,-1,1,9060
1692,824,1,108,4,-1,99999,-1,-1,-3,-1,1,9060
1693,825,1,162,7,-1,99999,-1,-1,-3,-1,1,9060
1694,826,1,1,8,-1,99999,-1,-1,-3,-1,1,9060
1695,827,1,45,2,-1,99999,-1,-1,-3,-1,1,9120
1696,828,1,257,12,-1,99999,-1,-1,-3,-1,1,9120
1697,829,1,4,7,-1,99999,-1,-1,-3,-1,1,9120
1698,830,1,0,6,-1,99999,-1,-1,-3,-1,1,9180
1699,830,1,21,7,-1,99999,-1,-1,-3,-1,1,9180
1700,831,1,458,6,-1,99999,-1,-1,-3,-1,1,9180
1701,832,1,145,4,-1,99999,-1,-1,-3,-1,1,9180
1702,833,1,28,8,-1,99999,-1,-1,-3,-1,1,9180
1703,833,1,1,9,-1,99999,-1,-1,-3,-1,1,9180
1704,833,1,6,9,-1,99999,-1,-1,-3,-1,1,9180
1705,833,1,150,4,-1,99999,-1,-1,-3,-1,1,9180
1706,833,1,79,9,-1,99999,-1,-1,-3,-1,1,9180
1707,834,1,37,12,-1,99999,-1,-1,-3,-1,1,9180
1708,834,1,62,4,-1,99999,-1,-1,-3,-1,1,9180
1709,835,1,174,2,-1,99999,-1,-1,-3,-1,1,9240
1710,835,1,199,2,-1,99999,-1,-1,-3,-1,1,9240
1711,835,1,5,5,-1,99999,-1,-1,-3,-1,1,9240
1712,835,1,1,6,-1,99999,-1,-1,-3,-1,1,9240
1713,835,1,3,5,-1,99999,-1,-1,-3,-1,1,9240
1714,835,1,284,8,-1,99999,-1,-1,-3,-1,1,9240
1715,836,1,13,8,-1,99999,-1,-1,-3,-1,1,9240
1716,836,1,80,4,-1,99999,-1,-1,-3,-1,1,9240
1717,836,1,18,6,-1,99999,-1,-1,-3,-1,1,9240
1718,837,1,44,8,-1,99999,-1,-1,-3,-1,1,9300
1719,837,1,150,4,-1,99999,-1,-1,-3,-1,1,9300
1720,837,1,16,7,-1,99999,-1,-1,-3,-1,1,9300
1721,838,1,193,10,-1,99999,-1,-1,-3,-1,1,9300
1722,839,1,4,3,-1,99999,-1,-1,-3,-1,1,9360
1723,839,1,44,10,-1,99999,-1,-1,-3,-1,1,9360
1724,840,1,0,8,-1,99999,-1,-1,-3,-1,1,9360
1725,840,1,8,9,-1,99999,-1,-1,-3,-1,1,9360
1726,840,1,104,8,-1,99999,-1,-1,-3,-1,1,9360
1727,840,1,345,5,-1,99999,-1,-1,-3,-1,1,9360
1728,841,1,42,8,-1,99999,-1,-1,-3,-1,1,9360
1729,841,1,99,5,-1,99999,-1,-1,-3,-1,1,9360
1730,841,1,0,8,-1,99999,-1,-1,-3,-1,1,9360
1731,841,1,189,5,-1,99999,-1,-1,-3,-1,1,9360
1732,841,1,81,4,-1,99999,-1,-1,-3,-1,1,9360
1733,841,1,24,9,-1,99999,-1,-1,-3,-1,1,9360
1734,842,1,208,8,-1,99999,-1,-1,-3,-1,1,9360
1735,843,1,65,4,-1,99999,-1,-1,-3,-1,1,9360
1736,843,1,28,8,-1,99999,-1,-1,-3,-1,1,9360
1737,844,1,281,2,-1,99999,-1,-1,-3,-1,1,9420
1738,844,1,5,7,-1,99999,-1,-1,-3,-1,1,9420
1739,844,1,210,2,-1,99999,-1,-1,-3,-1,1,9420
1740,845,1,26,9,-1,99999,-1,-1,-3,-1,1,9420
1741,846,1,2,3,-1,99999,-1,-1,-3,-1,1,9420
1742,847,1,227,4,-1,99999,-1,-1,-3,-1,1,9420
1743,848,1,1,8,-1,99999,-1,-1,-3,-1,1,9420
1744,848,1,151,6,-1,99999,-1,-1,-3,-1,1,9420
1745,849,1,180,11,-1,99999,-1,-1,-3,-1,1,9420
1746,850,1,28,8,-1,99999,-1,-1,-3,-1,1,9480
1747,850,1,153,8,-1,99999,-1,-1,-3,-1,1,9480
1748,850,1,187,5,-1,99999,-1,-1,-3,-1,1,9480
1749,851,1,92,6,-1,99999,-1,-1,-3,-1,1,9540
1750,851,1,456,5,-1,99999,-1,-1,-3,-1,1,9540
1751,852,1,113,6,-1,99999,-1,-1,-3,-1,1,9540
1752,853,1,112,2,-1,99999,-1,-1,-3,-1,1,9540
1753,853,1,11,8,-1,99999,-1,-1,-3,-1,1,9540
1754,854,1,6,8,-1,99999,-1,-1,-3,-1,1,9540
1755,854,1,12,5,-1,99999,-1,-1,-3,-1,1,9540
1756,854,1,35,12,-1,99999,-1,-1,-3,-1,1,9540
1757,854,1,135,6,-1,99999,-1,-1,-3,-1,1,9540
1758,854,1,89,4,-1,99999,-1,-1,-3,-1,1,9540
1759,854,1,15,8,-1,99999,-1,-1,-3,-1,1,9540
1760,855,1,17,12,-1,99999,-1,-1,-3,-1,1,9540
1761,855,1,109,4,-1,99999,-1,-1,-3,-1,1,9540
1762,855,1,7,8,-1,99999,-1,-1,-3,-1,1,9540
1763,855,1,95,6,-1,99999,-1,-1,-3,-1,1,9540
1764,855,1,102,6,-1,99999,-1,-1,-3,-1,1,9540
1765,856,1,447,7,-1,99999,-1,-1,-3,-1,1,9540
1766,856,1,345,12,-1,99999,-1,-1,-3,-1,1,9540
1767,857,1,133,6,-1,99999,-1,-1,-3,-1,1,9600
1768,858,1,163,9,-1,99999,-1,-1,-3,-1,1,9600
1769,859,1,418,5,-1,99999,-1,-1,-3,-1,1,9600
1770,860,1,39,8,-1,99999,-1,-1,-3,-1,1,9600
1771,861,1,34,5,-1,99999,-1,-1,-3,-1,1,9600
1772,862,1,151,5,-1,99999,-1,-1,-3,-1,1,9600
1773,862,1,276,8,-1,99999,-1,-1,-3,-1,1,9600
1774,862,1,8,2,-1,99999,-1,-1,-3,-1,1,9600
1775,862,1,33,10,-1,99999,-1,-1,-3,-1,1,9600
1776,862,1,21,8,-1,99999,-1,-1,-3,-1,1,9600
1777,863,1,24,5,-1,99999,-1,-1,-3,-1,1,9600
1778,863,1,43,5,-1,99999,-1,-1,-3,-1,1,9600
1779,863,1,299,6,-1,99999,-1,-1,-3,-1,1,9600
1780,863,1,437,5,-1,99999,-1,-1,-3,-1,1,9600
1781,864,1,55,3,-1,99999,-1,-1,-3,-1,1,9660
1782,864,1,6,11,-1,99999,-1,-1,-3,-1,1,9660
1783,865,1,228,8,-1,99999,-1,-1,-3,-1,1,9660
1784,866,1,111,6,-1,99999,-1,-1,-3,-1,1,9660
1785,866,1,18,7,-1,99999,-1,-1,-3,-1,1,9660
1786,866,1,166,3,-1,99999,-1,-1,-3,-1,1,9660
1787,866,1,232,4,-1,99999,-1,-1,-3,-1,1,9660
1788,867,1,183,10,-1,99999,-1,-1,-3,-1,1,9660
1789,868,1,10,6,-1,99999,-1,-1,-3,-1,1,9660
1790,869,1,285,7,-1,99999,-1,-1,-3,-1,1,9660
1791,869,1,1,1,-1,99999,-1,-1,-3,-1,1,9660
1792,870,1,13,11,-1,99999,-1,-1,-3,-1,1,9660
1793,870,1,3,12,-1,99999,-1,-1,-3,-1,1,9660
1794,871,1,32,8,-1,99999,-1,-1,-3,-1,1,9660
1795,871,1,150,6,-1,99999,-1,-1,-3,-1,1,9660
1796,872,1,0,9,-1,99999,-1,-1,-3,-1,1,9660
1797,872,1,243,4,-1,99999,-1,-1,-3,-1,1,9660
1798,872,1,114,10,-1,99999,-1,-1,-3,-1,1,9660
1799,872,1,10,10,-1,99999,-1,-1,-3,-1,1,9660
1800,873,1,79,7,-1,99999,-1,-1,-3,-1,1,9660
1801,873,1,19,7,-1,99999,-1,-1,-3,-1,1,9660
1802,874,1,402,10,-1,99999,-1,-1,-3,-1,1,9660
1803,875,1,128,2,-1,99999,-1,-1,-3,-1,1,9720
1804,875,1,14,8,-1,99999,-1,-1,-3,-1,1,9720
1805,875,1,28,6,-1,99999,-1,-1,-3,-1,1,9720
1806,876,1,85,6,-1,99999,-1,-1,-3,-1,1,9720
1807,876,1,209,11,-1,99999,-1,-1,-3,-1,1,9720
1808,876,1,41,10,-1,99999,-1,-1,-3,-1,1,9720
1809,876,1,495,4,-1,99999,-1,-1,-3,-1,1,9720
1810,876,1,4,4,-1,99999,-1,-1,-3,-1,1,9720
1811,877,1,87,7,-1,99999,-1,-1,-3,-1,1,9720
1812,877,1,29,6,-1,99999,-1,-1,-3,-1,1,9720
1813,878,1,3,6,-1,99999,-1,-1,-3,-1,1,9720
1814,879,1,50,5,-1,99999,-1,-1,-3,-1,1,9720
1815,879,1,83,10,-1,99999,-1,-1,-3,-1,1,9720
1816,880,1,1,5,-1,99999,-1,-1,-3,-1,1,9780
1817,881,1,488,12,-1,99999,-1,-1,-3,-1,1,9780
1818,882,1,89,2,-1,99999,-1,-1,-3,-1,1,9780
1819,882,1,101,8,-1,99999,-1,-1,-3,-1,1,9780
1820,882,1,0,5,-1,99999,-1,-1,-3,-1,1,9780
1821,882,1,339,4,-1,99999,-1,-1,-3,-1,1,9780
1822,883,1,16,2,-1,99999,-1,-1,-3,-1,1,9780
1823,884,1,24,8,-1,99999,-1,-1,-3,-1,1,9780
1824,885,1,2,4,-1,99999,-1,-1,-3,-1,1,9840
1825,886,1,33,8,-1,99999,-1,-1,-3,-1,1,9840
1826,887,1,122,7,-1,99999,-1,-1,-3,-1,1,9840
1827,888,1,60,8,-1,99999,-1,-1,-3,-1,1,9840
1828,888,1,149,10,-1,99999,-1,-1,-3,-1,1,9840
1829,888,1,2,4,-1,99999,-1,-1,-3,-1,1,9840
1830,888,1,26,5,-1,99999,-1,-1,-3,-1,1,9840
1831,889,1,29,12,-1,99999,-1,-1,-3,-1,1,9840
1832,889,1,363,8,-1,99999,-1,-1,-3,-1,1,9840
1833,889,1,186,10,-1,99999,-1,-1,-3,-1,1,9840
1834,890,1,241,2,-1,99999,-1,-1,-3,-1,1,9840
1835,891,1,10,6,-1,99999,-1,-1,-3,-1,1,9840
1836,891,1,17,12,-1,99999,-1,-1,-3,-1,1,9840
1837,891,1,99,11,-1,99999,-1,-1,-3,-1,1,9840
1838,892,1,42,10,-1,99999,-1,-1,-3,-1,1,9840
1839,892,1,12,11,-1,99999,-1,-1,-3,-1,1,9840
1840,893,1,180,6,-1,99999,-1,-1,-3,-1,1,9840
1841,893,1,1,6,-1,99999,-1,-1,-3,-1,1,9840
1842,894,1,156,3,-1,99999,-1,-1,-3,-1,1,9840
1843,895,1,227,5,-1,99999,-1,-1,-3,-1,1,9840
1844,895,1,9,7,-1,99999,-1,-1,-3,-1,1,9840
1845,895,1,74,7,-1,99999,-1,-1,-3,-1,1,9840
1846,895,1,37,12,-1,99999,-1,-1,-3,-1,1,9840
1847,896,1,0,5,-1,99999,-1,-1,-3,-1,1,9900
1848,896,1,82,4,-1,99999,-1,-1,-3,-1,1,9900
1849,896,1,5,8,-1,99999,-1,-1,-3,-1,1,9900
1850,897,1,9,8,-1,99999,-1,-1,-3,-1,1,9900
1851,898,1,6,6,-1,99999,-1,-1,-3,-1,1,9900
1852,898,1,405,11,-1,99999,-1,-1,-3,-1,1,9900
1853,899,1,124,6,-1,99999,-1,-1,-3,-1,1,9900
1854,900,1,157,11,-1,99999,-1,-1,-3,-1,1,9960
1855,900,1,162,1,-1,99999,-1,-1,-3,-1,1,9960
1856,901,1,107,3,-1,99999,-1,-1,-3,-1,1,9960
1857,901,1,347,8,-1,99999,-1,-1,-3,-1,1,9960
1858,902,1,365,3,-1,99999,-1,-1,-3,-1,1,9960
1859,902,1,476,7,-1,99999,-1,-1,-3,-1,1,9960
1860,902,1,145,8,-1,99999,-1,-1,-3,-1,1,9960
1861,902,1,7,12,-1,99999,-1,-1,-3,-1,1,9960
1862,903,1,59,5,-1,99999,-1,-1,-3,-1,1,9960
1863,903,1,128,9,-1,99999,-1,-1,-3,-1,1,9960
1864,904,1,1,6,-1,99999,-1,-1,-3,-1,1,10020
1865,905,1,293,1,-1,99999,-1,-1,-3,-1,1,10020
1866,906,1,12,3,-1,99999,-1,-1,-3,-1,1,10020
1867,906,1,316,5,-1,99999,-1,-1,-3,-1,1,10020
1868,907,1,13,1,-1,99999,-1,-1,-3,-1,1,10080
1869,907,1,287,10,-1,99999,-1,-1,-3,-1,1,10080
1870,908,1,34,7,-1,99999,-1,-1,-3,-1,1,10080
1871,908,1,39,10,-1,99999,-1,-1,-3,-1,1,10080
1872,908,1,148,5,-1,99999,-1,-1,-3,-1,1,10080
1873,908,1,44,6,-1,99999,-1,-1,-3,-1,1,10080
1874,909,1,113,10,-1,99999,-1,-1,-3,-1,1,10080
1875,910,1,272,10,-1,99999,-1,-1,-3,-1,1,10080
1876,911,1,3,8,-1,99999,-1,-1,-3,-1,1,10080
1877,912,1,3,9,-1,99999,-1,-1,-3,-1,1,10080
1878,912,1,240,8,-1,99999,-1,-1,-3,-1,1,10080
1879,913,1,1,9,-1,99999,-1,-1,-3,-1,1,10080
1880,913,1,10,5,-1,99999,-1,-1,-3,-1,1,10080
1881,913,1,24,5,-1,99999,-1,-1,-3,-1,1,10080
1882,914,1,20,6,-1,99999,-1,-1,-3,-1,1,10080
1883,914,1,12,4,-1,99999,-1,-1,-3,-1,1,10080
1884,915,1,125,4,-1,99999,-1,-1,-3,-1,1,10140
1885,915,1,1,7,-1,99999,-1,-1,-3,-1,1,10140
1886,916,1,187,9,-1,99999,-1,-1,-3,-1,1,10140
1887,916,1,119,5,-1,99999,-1,-1,-3,-1,1,10140
1888,916,1,350,10,-1,99999,-1,-1,-3,-1,1,10140
1889,916,1,6,6,-1,99999,-1,-1,-3,-1,1,10140
1890,916,1,147,10,-1,99999,-1,-1,-3,-1,1,10140
1891,916,1,208,2,-1,99999,-1,-1,-3,-1,1,10140
1892,917,1,198,5,-1,99999,-1,-1,-3,-1,1,10140
1893,917,1,98,6,-1,99999,-1,-1,-3,-1,1,10140
1894,918,1,240,7,-1,99999,-1,-1,-3,-1,1,10140
1895,918,1,69,8,-1,99999,-1,-1,-3,-1,1,10140
1896,918,1,163,10,-1,99999,-1,-1,-3,-1,1,10140
1897,918,1,43,3,-1,99999,-1,-1,-3,-1,1,10140
1898,919,1,102,4,-1,99999,-1,-1,-3,-1,1,10140
1899,920,1,271,8,-1,99999,-1,-1,-3,-1,1,10140
1900,920,1,40,4,-1,99999,-1,-1,-3,-1,1,10140
1901,921,1,21,11,-1,99999,-1,-1,-3,-1,1,10200
1902,922,1,73,12,-1,99999,-1,-1,-3,-1,1,10200
1903,922,1,123,5,-1,99999,-1,-1,-3,-1,1,10200
1904,922,1,35,8,-1,99999,-1,-1,-3,-1,1,10200
1905,922,1,383,10,-1,99999,-1,-1,-3,-1,1,10200
1906,923,1,0,6,-1,99999,-1,-1,-3,-1,1,10200
1907,923,1,60,5,-1,99999,-1,-1,-3,-1,1,10200
1908,923,1,29,12,-1,99999,-1,-1,-3,-1,1,10200
1909,923,1,3,7,-1,99999,-1,-1,-3,-1,1,10200
1910,923,1,17,3,-1,99999,-1,-1,-3,-1,1,10200
1911,924,1,97,1,-1,99999,-1,-1,-3,-1,1,10260
1912,925,1,31,8,-1,99999,-1,-1,-3,-1,1,10260
1913,925,1,16,11,-1,99999,-1,-1,-3,-1,1,10260
1914,926,1,5,5,-1,99999,-1,-1,-3,-1,1,10260
1915,926,1,244,4,-1,99999,-1,-1,-3,-1,1,10260
1916,926,1,58,11,-1,99999,-1,-1,-3,-1,1,10260
1917,926,1,1,3,-1,99999,-1,-1,-3,-1,1,10260
1918,927,1,19,2,-1,99999,-1,-1,-3,-1,1,10260
1919,927,1,3,4,-1,99999,-1,-1,-3,-1,1,10260
1920,928,1,57,8,-1,99999,-1,-1,-3,-1,1,10260
1921,929,1,67,6,-1,99999,-1,-1,-3,-1,1,10260
1922,929,1,70,6,-1,99999,-1,-1,-3,-1,1,10260
1923,930,1,358,7,-1,99999,-1,-1,-3,-1,1,10260
1924,930,1,11,7,-1,99999,-1,-1,-3,-1,1,10260
1925,930,1,192,8,-1,99999,-1,-1,-3,-1,1,10260
1926,930,1,103,10,-1,99999,-1,-1,-3,-1,1,10260
1927,931,1,356,7,-1,99999,-1,-1,-3,-1,1,10320
1928,932,1,402,9,-1,99999,-1,-1,-3,-1,1,10320
1929,933,1,32,4,-1,99999,-1,-1,-3,-1,1,10320
1930,934,1,296,9,-1,99999,-1,-1,-3,-1,1,10320
1931,935,1,16,7,-1,99999,-1,-1,-3,-1,1,10320
1932,936,1,13,9,-1,99999,-1,-1,-3,-1,1,10320
1933,937,1,22,7,-1,99999,-1,-1,-3,-1,1,10320
1934,937,1,239,10,-1,99999,-1,-1,-3,-1,1,10320
1935,937,1,124,7,-1,99999,-1,-1,-3,-1,1,10320
1936,937,1,107,8,-1,99999,-1,-1,-3,-1,1,10320
1937,937,1,2,9,-1,99999,-1,-1,-3,-1,1,10320
1938,938,1,136,4,-1,99999,-1,-1,-3,-1,1,10320
1939,939,1,164,7,-1,99999,-1,-1,-3,-1,1,10380
1940,939,1,47,2,-1,99999,-1,-1,-3,-1,1,10380
1941,940,1,393,4,-1,99999,-1,-1,-3,-1,1,10380
1942,941,1,157,4,-1,99999,-1,-1,-3,-1,1,10380
1943,942,1,194,4,-1,99999,-1,-1,-3,-1,1,10380
1944,942,1,4,6,-1,99999,-1,-1,-3,-1,1,10380
1945,943,1,50,5,-1,99999,-1,-1,-3,-1,1,10380
1946,944,1,7,6,-1,99999,-1,-1,-3,-1,1,10440
1947,944,1,13,7,-1,99999,-1,-1,-3,-1,1,10440
1948,944,1,34,7,-1,99999,-1,-1,-3,-1,1,10440
1949,945,1,2,3,-1,99999,-1,-1,-3,-1,1,10440
1950,946,1,2,6,-1,99999,-1,-1,-3,-1,1,10440
1951,946,1,59,7,-1,99999,-1,-1,-3,-1,1,10440
1952,947,1,38,8,-1,99999,-1,-1,-3,-1,1,10500
1953,948,1,10,3,-1,99999,-1,-1,-3,-1,1,10500
1954,949,1,159,2,-1,99999,-1,-1,-3,-1,1,10500
1955,949,1,11,8,-1,99999,-1,-1,-3,-1,1,10500
1956,950,1,29,6,-1,99999,-1,-1,-3,-1,1,10500
1957,951,1,0,4,-1,99999,-1,-1,-3,-1,1,10560
1958,952,1,388,11,-1,99999,-1,-1,-3,-1,1,10560
1959,953,1,88,10,-1,99999,-1,-1,-3,-1,1,10560
1960,953,1,292,12,-1,99999,-1,-1,-3,-1,1,10560
1961,953,1,7,10,-1,99999,-1,-1,-3,-1,1,10560
1962,953,1,3,7,-1,99999,-1,-1,-3,-1,1,10560
1963,953,1,345,6,-1,99999,-1,-1,-3,-1,1,10560
1964,953,1,322,10,-1,99999,-1,-1,-3,-1,1,10560
1965,954,1,0,10,-1,99999,-1,-1,-3,-1,1,10560
1966,955,1,199,7,-1,99999,-1,-1,-3,-1,1,10560
1967,955,1,42,6,-1,99999,-1,-1,-3,-1,1,10560
1968,956,1,47,5,-1,99999,-1,-1,-3,-1,1,10560
1969,956,1,3,8,-1,99999,-1,-1,-3,-1,1,10560
1970,956,1,1,5,-1,99999,-1,-1,-3,-1,1,10560
1971,956,1,377,2,-1,99999,-1,-1,-3,-1,1,10560
1972,957,1,240,7,-1,99999,-1,-1,-3,-1,1,10620
1973,957,1,16,4,-1,99999,-1,-1,-3,-1,1,10620
1974,957,1,33,6,-1,99999,-1,-1,-3,-1,1,10620
1975,958,1,64,8,-1,99999,-1,-1,-3,-1,1,10620
1976,958,1,181,3,-1,99999,-1,-1,-3,-1,1,10620
1977,959,1,332,12,-1,99999,-1,-1,-3,-1,1,10620
1978,959,1,135,9,-1,99999,-1,-1,-3,-1,1,10620
1979,959,1,78,4,-1,99999,-1,-1,-3,-1,1,10620
1980,959,1,96,12,-1,99999,-1,-1,-3,-1,1,10620
1981,959,1,460,8,-1,99999,-1,-1,-3,-1,1,10620
1982,960,1,408,9,-1,99999,-1,-1,-3,-1,1,10620
1983,960,1,108,6,-1,99999,-1,-1,-3,-1,1,10620
1984,960,1,145,6,-1,99999,-1,-1,-3,-1,1,10620
1985,961,1,83,6,-1,99999,-1,-1,-3,-1,1,10620
1986,961,1,232,10,-1,99999,-1,-1,-3,-1,1,10620
1987,962,1,14,5,-1,99999,-1,-1,-3,-1,1,10620
1988,962,1,50,7,-1,99999,-1,-1,-3,-1,1,10620
1989,962,1,81,7,-1,99999,-1,-1,-3,-1,1,10620
1990,963,1,21,5,-1,99999,-1,-1,-3,-1,1,10620
1991,964,1,48,11,-1,99999,-1,-1,-3,-1,1,10680
1992,965,1,15,10,-1,99999,-1,-1,-3,-1,1,10680
1993,966,1,43,2,-1,99999,-1,-1,-3,-1,1,10680
1994,966,1,13,8,-1,99999,-1,-1,-3,-1,1,10680
1995,966,1,31,6,-1,99999,-1,-1,-3,-1,1,10680
1996,967,1,334,3,-1,99999,-1,-1,-3,-1,1,10680
1997,968,1,24,12,-1,99999,-1,-1,-3,-1,1,10740
1998,969,1,428,3,-1,99999,-1,-1,-3,-1,1,10740
1999,970,1,222,11,-1,99999,-1,-1,-3,-1,1,10740
2000,971,1,340,7,-1,99999,-1,-1,-3,-1,1,10740
2001,971,1,153,10,-1,99999,-1,-1,-3,-1,1,10740
2002,971,1,63,11,-1,99999,-1,-1,-3,-1,1,10740
2003,972,1,30,4,-1,99999,-1,-1,-3,-1,1,10740
2004,972,1,128,8,-1,99999,-1,-1,-3,-1,1,10740
2005,973,1,101,7,-1,99999,-1,-1,-3,-1,1,10740
2006,974,1,58,3,-1,99999,-1,-1,-3,-1,1,10740
2007,975,1,4,8,-1,99999,-1,-1,-3,-1,1,10800
2008,976,1,12,3,-1,99999,-1,-1,-3,-1,1,10800
2009,976,1,5,6,-1,99999,-1,-1,-3,-1,1,10800
2010,977,1,163,7,-1,99999,-1,-1,-3,-1,1,10800
2011,977,1,20,7,-1,99999,-1,-1,-3,-1,1,10800
2012,977,1,11,4,-1,99999,-1,-1,-3,-1,1,10800
2013,977,1,258,10,-1,99999,-1,-1,-3,-1,1,10800
2014,978,1,115,1,-1,99999,-1,-1,-3,-1,1,10800
2015,978,1,35,3,-1,99999,-1,-1,-3,-1,1,10800
2016,979,1,14,12,-1,99999,-1,-1,-3,-1,1,10800
2017,980,1,24,7,-1,99999,-1,-1,-3,-1,1,10860
2018,981,1,10,6,-1,99999,-1,-1,-3,-1,1,10860
2019,982,1,139,10,-1,99999,-1,-1,-3,-1,1,10860
2020,982,1,59,5,-1,99999,-1,-1,-3,-1,1,10860
2021,982,1,11,4,-1,99999,-1,-1,-3,-1,1,10860
2022,983,1,49,6,-1,99999,-1,-1,-3,-1,1,10920
2023,984,1,96,7,-1,99999,-1,-1,-3,-1,1,10920
2024,985,1,190,2,-1,99999,-1,-1,-3,-1,1,10920
2025,985,1,202,5,-1,99999,-1,-1,-3,-1,1,10920
2026,986,1,233,8,-1,99999,-1,-1,-3,-1,1,10920
2027,987,1,256,12,-1,99999,-1,-1,-3,-1,1,10920
2028,987,1,49,8,-1,99999,-1,-1,-3,-1,1,10920
2029,987,1,97,9,-1,99999,-1,-1,-3,-1,1,10920
2030,987,1,189,4,-1,99999,-1,-1,-3,-1,1,10920
2031,987,1,171,1,-1,99999,-1,-1,-3,-1,1,10920
2032,987,1,15,6,-1,99999,-1,-1,-3,-1,1,10920
2033,988,1,6,9,-1,99999,-1,-1,-3,-1,1,10920
2034,988,1,31,8,-1,99999,-1,-1,-3,-1,1,10920
2035,989,1,0,6,-1,99999,-1,-1,-3,-1,1,10980
2036,989,1,210,10,-1,99999,-1,-1,-3,-1,1,10980
2037,990,1,2,6,-1,99999,-1,-1,-3,-1,1,10980
2038,990,1,1,2,-1,99999,-1,-1,-3,-1,1,10980
2039,991,1,196,10,-1,99999,-1,-1,-3,-1,1,10980
2040,991,1,150,4,-1,99999,-1,-1,-3,-1,1,10980
2041,991,1,188,9,-1,99999,-1,-1,-3,-1,1,10980
2042,992,1,236,3,-1,99999,-1,-1,-3,-1,1,10980
2043,993,1,45,8,-1,99999,-1,-1,-3,-1,1,10980
2044,994,1,42,2,-1,99999,-1,-1,-3,-1,1,10980
2045,994,1,34,2,-1,99999,-1,-1,-3,-1,1,10980
2046,994,1,15,6,-1,99999,-1,-1,-3,-1,1,10980
2047,994,1,33,6,-1,99999,-1,-1,-3,-1,1,10980
2048,994,1,2,8,-1,99999,-1,-1,-3,-1,1,10980
2049,995,1,320,8,-1,99999,-1,-1,-3,-1,1,11040
2050,995,1,402,4,-1,99999,-1,-1,-3,-1,1,11040
2051,996,1,37,7,-1,99999,-1,-1,-3,-1,1,11040
2052,996,1,154,2,-1,99999,-1,-1,-3,-1,1,11040
2053,996,1,12,6,-1,99999,-1,-1,-3,-1,1,11040
2054,997,1,12,1,-1,99999,-1,-1,-3,-1,1,11040
2055,997,1,5,7,-1,99999,-1,-1,-3,-1,1,11040
2056,997,1,24,9,-1,99999,-1,-1,-3,-1,1,11040
2057,997,1,151,5,-1,99999,-1,-1,-3,-1,1,11040
2058,998,1,4,11,-1,99999,-1,-1,-3,-1,1,11040
2059,999,1,1,11,-1,99999,-1,-1,-3,-1,1,11040
2060,1000,1,19,4,-1,99999,-1,-1,-3,-1,1,11040
2061,1001,1,28,9,-1,99999,-1,-1,-3,-1,1,11100
2062,1002,1,14,9,-1,99999,-1,-1,-3,-1,1,11160
2063,1003,1,126,7,-1,99999,-1,-1,-3,-1,1,11160
2064,1004,1,10,7,-1,99999,-1,-1,-3,-1,1,11160
2065,1005,1,83,10,-1,99999,-1,-1,-3,-1,1,11160
2066,1005,1,25,6,-1,99999,-1,-1,-3,-1,1,11160
2067,1005,1,74,11,-1,99999,-1,-1,-3,-1,1,11160
2068,1006,1,424,8,-1,99999,-1,-1,-3,-1,1,11160
2069,1007,1,288,4,-1,99999,-1,-1,-3,-1,1,11220
2070,1007,1,157,8,-1,99999,-1,-1,-3,-1,1,11220
2071,1007,1,103,8,-1,99999,-1,-1,-3,-1,1,11220
2072,1007,1,6,8,-1,99999,-1,-1,-3,-1,1,11220
2073,1008,1,26,4,-1,99999,-1,-1,-3,-1,1,11220
2074,1008,1,0,9,-1,99999,-1,-1,-3,-1,1,11220
2075,1008,1,29,4,-1,99999,-1,-1,-3,-1,1,11220
2076,1008,1,441,4,-1,99999,-1,-1,-3,-1,1,11220
2077,1008,1,8,8,-1,99999,-1,-1,-3,-1,1,11220
2078,1009,1,80,6,-1,99999,-1,-1,-3,-1,1,11220
2079,1009,1,255,3,-1,99999,-1,-1,-3,-1,1,11220
2080,1010,1,12,9,-1,99999,-1,-1,-3,-1,1,11220
2081,1010,1,177,6,-1,99999,-1,-1,-3,-1,1,11220
2082,1011,1,43,4,-1,99999,-1,-1,-3,-1,1,11220
2083,1011,1,7,1,-1,99999,-1,-1,-3,-1,1,11220
2084,1011,1,36,3,-1,99999,-1,-1,-3,-1,1,11220
2085,1011,1,33,11,-1,99999,-1,-1,-3,-1,1,11220
2086,1012,1,262,10,-1,99999,-1,-1,-3,-1,1,11220
2087,1013,1,476,4,-1,99999,-1,-1,-3,-1,1,11220
2088,1013,1,42,8,-1,99999,-1,-1,-3,-1,1,11220
2089,1014,1,146,8,-1,99999,-1,-1,-3,-1,1,11220
2090,1014,1,282,6,-1,99999,-1,-1,-3,-1,1,11220
2091,1015,1,14,2,-1,99999,-1,-1,-3,-1,1,11220
2092,1015,1,308,9,-1,99999,-1,-1,-3,-1,1,11220
2093,1015,1,6,5,-1,99999,-1,-1,-3,-1,1,11220
2094,1016,1,83,6,-1,99999,-1,-1,-3,-1,1,11280
2095,1016,1,3,9,-1,99999,-1,-1,-3,-1,1,11280
2096,1016,1,53,6,-1,99999,-1,-1,-3,-1,1,11280
2097,1017,1,95,10,-1,99999,-1,-1,-3,-1,1,11280
2098,1017,1,408,10,-1,99999,-1,-1,-3,-1,1,11280
2099,1017,1,308,7,-1,99999,-1,-1,-3,-1,1,11280
2100,1018,1,41,2,-1,99999,-1,-1,-3,-1,1,11280
2101,1018,1,60,5,-1,99999,-1,-1,-3,-1,1,11280
2102,1019,1,105,4,-1,99999,-1,-1,-3,-1,1,11280
2103,1020,1,23,4,-1,99999,-1,-1,-3,-1,1,11280
2104,1021,1,24,10,-1,99999,-1,-1,-3,-1,1,11280
2105,1021,1,7,2,-1,99999,-1,-1,-3,-1,1,11280
2106,1021,1,180,8,-1,99999,-1,-1,-3,-1,1,11280
2107,1021,1,35,5,-1,99999,-1,-1,-3,-1,1,11280
2108,1021,1,47,8,-1,99999,-1,-1,-3,-1,1,11280
2109,1021,1,8,4,-1,99999,-1,-1,-3,-1,1,11280
2110,1022,1,14,4,-1,99999,-1,-1,-3,-1,1,11340
2111,1023,1,11,6,-1,99999,-1,-1,-3,-1,1,11340
2112,1024,1,310,6,-1,99999,-1,-1,-3,-1,1,11340
2113,1025,1,65,8,-1,99999,-1,-1,-3,-1,1,11340
2114,1025,1,14,11,-1,99999,-1,-1,-3,-1,1,11340
2115,1025,1,23,4,-1,99999,-1,-1,-3,-1,1,11340
2116,1025,1,234,7,-1,99999,-1,-1,-3,-1,1,11340
2117,1026,1,130,4,-1,99999,-1,-1,-3,-1,1,11340
2118,1027,1,393,2,-1,99999,-1,-1,-3,-1,1,11340
2119,1028,1,34,8,-1,99999,-1,-1,-3,-1,1,11400
2120,1029,1,33,9,-1,99999,-1,-1,-3,-1,1,11400
2121,1030,1,37,10,-1,99999,-1,-1,-3,-1,1,11400
2122,1030,1,6,10,-1,99999,-1,-1,-3,-1,1,11400
2123,1030,1,48,1,-1,99999,-1,-1,-3,-1,1,11400
2124,1031,1,6,6,-1,99999,-1,-1,-3,-1,1,11400
2125,1032,1,144,6,-1,99999,-1,-1,-3,-1,1,11460
2126,1033,1,30,11,-1,99999,-1,-1,-3,-1,1,11460
2127,1034,1,102,5,-1,99999,-1,-1,-3,-1,1,11460
2128,1034,1,26,10,-1,99999,-1,-1,-3,-1,1,11460
2129,1035,1,179,6,-1,99999,-1,-1,-3,-1,1,11460
2130,1036,1,41,12,-1,99999,-1,-1,-3,-1,1,11460
2131,1036,1,487,4,-1,99999,-1,-1,-3,-1,1,11460
2132,1037,1,45,6,-1,99999,-1,-1,-3,-1,1,11460
2133,1038,1,24,5,-1,99999,-1,-1,-3,-1,1,11460
2134,1038,1,288,4,-1,99999,-1,-1,-3,-1,1,11460
2135,1038,1,282,10,-1,99999,-1,-1,-3,-1,1,11460
2136,1038,1,34,4,-1,99999,-1,-1,-3,-1,1,11460
2137,1038,1,333,6,-1,99999,-1,-1,-3,-1,1,11460
2138,1039,1,33,7,-1,99999,-1,-1,-3,-1,1,11520
2139,1039,1,358,4,-1,99999,-1,-1,-3,-1,1,11520
2140,1040,1,467,6,-1,99999,-1,-1,-3,-1,1,11520
2141,1041,1,17,3,-1,99999,-1,-1,-3,-1,1,11520
2142,1042,1,311,9,-1,99999,-1,-1,-3,-1,1,11520
2143,1042,1,10,6,-1,99999,-1,-1,-3,-1,1,11520
2144,1042,1,16,6,-1,99999,-1,-1,-3,-1,1,11520
2145,1043,1,13,6,-1,99999,-1,-1,-3,-1,1,11580
2146,1044,1,246,6,-1,99999,-1,-1,-3,-1,1,11580
2147,1045,1,6,3,-1,99999,-1,-1,-3,-1,1,11580
2148,1046,1,49,11,-1,99999,-1,-1,-3,-1,1,11580
2149,1046,1,176,5,-1,99999,-1,-1,-3,-1,1,11580
2150,1046,1,24,2,-1,99999,-1,-1,-3,-1,1,11580
2151,1046,1,241,7,-1,99999,-1,-1,-3,-1,1,11580
2152,1047,1,27,7,-1,99999,-1,-1,-3,-1,1,11580
2153,1048,1,199,4,-1,99999,-1,-1,-3,-1,1,11580
2154,1048,1,168,11,-1,99999,-1,-1,-3,-1,1,11580
2155,1049,1,485,7,-1,99999,-1,-1,-3,-1,1,11580
2156,1050,1,261,10,-1,99999,-1,-1,-3,-1,1,11640
2157,1050,1,2,4,-1,99999,-1,-1,-3,-1,1,11640
2158,1050,1,107,8,-1,99999,-1,-1,-3,-1,1,11640
2159,1050,1,13,1,-1,99999,-1,-1,-3,-1,1,11640
2160,1051,1,109,10,-1,99999,-1,-1,-3,-1,1,11640
2161,1052,1,5,8,-1,99999,-1,-1,-3,-1,1,11640
2162,1053,1,7,10,-1,99999,-1,-1,-3,-1,1,11640
2163,1053,1,36,2,-1,99999,-1,-1,-3,-1,1,11640
2164,1053,1,82,11,-1,99999,-1,-1,-3,-1,1,11640
2165,1053,1,160,6,-1,99999,-1,-1,-3,-1,1,11640
2166,1054,1,466,10,-1,99999,-1,-1,-3,-1,1,11640
2167,1055,1,9,4,-1,99999,-1,-1,-3,-1,1,11700
2168,1055,1,7,9,-1,99999,-1,-1,-3,-1,1,11700
2169,1055,1,35,10,-1,99999,-1,-1,-3,-1,1,11700
2170,1056,1,144,6,-1,99999,-1,-1,-3,-1,1,11700
2171,1056,1,0,12,-1,99999,-1,-1,-3,-1,1,11700
2172,1056,1,2,12,-1,99999,-1,-1,-3,-1,1,11700
2173,1057,1,182,8,-1,99999,-1,-1,-3,-1,1,11700
2174,1058,1,71,5,-1,99999,-1,-1,-3,-1,1,11700
2175,1059,1,294,9,-1,99999,-1,-1,-3,-1,1,11700
2176,1060,1,18,7,-1,99999,-1,-1,-3,-1,1,11700
2177,1060,1,10,8,-1,99999,-1,-1,-3,-1,1,11700
2178,1061,1,24,6,-1,99999,-1,-1,-3,-1,1,11760
2179,1062,1,182,10,-1,99999,-1,-1,-3,-1,1,11760
2180,1063,1,21,2,-1,99999,-1,-1,-3,-1,1,11760
2181,1063,1,49,7,-1,99999,-1,-1,-3,-1,1,11760
2182,1064,1,361,9,-1,99999,-1,-1,-3,-1,1,11760
2183,1064,1,238,8,-1,99999,-1,-1,-3,-1,1,11760
2184,1064,1,9,8,-1,99999,-1,-1,-3,-1,1,11760
2185,1065,1,131,2,-1,99999,-1,-1,-3,-1,1,11820
2186,1065,1,43,7,-1,99999,-1,-1,-3,-1,1,11820
2187,1066,1,388,4,-1,99999,-1,-1,-3,-1,1,11820
2188,1067,1,27,2,-1,99999,-1,-1,-3,-1,1,11820
2189,1067,1,90,2,-1,99999,-1,-1,-3,-1,1,11820
2190,1067,1,60,8,-1,99999,-1,-1,-3,-1,1,11820
2191,1068,1,244,4,-1,99999,-1,-1,-3,-1,1,11880
2192,1068,1,40,10,-1,99999,-1,-1,-3,-1,1,11880
2193,1068,1,5,8,-1,99999,-1,-1,-3,-1,1,11880
2194,1069,1,5,8,-1,99999,-1,-1,-3,-1,1,11880
2195,1070,1,14,6,-1,99999,-1,-1,-3,-1,1,11940
2196,1070,1,78,6,-1,99999,-1,-1,-3,-1,1,11940
2197,1070,1,20,9,-1,99999,-1,-1,-3,-1,1,11940
2198,1070,1,9,10,-1,99999,-1,-1,-3,-1,1,11940
2199,1070,1,23,6,-1,99999,-1,-1,-3,-1,1,11940
2200,1071,1,20,7,-1,99999,-1,-1,-3,-1,1,11940
2201,1071,1,10,5,-1,99999,-1,-1,-3,-1,1,11940
2202,1072,1,63,4,-1,99999,-1,-1,-3,-1,1,11940
2203,1073,1,285,6,-1,99999,-1,-1,-3,-1,1,12000
2204,1074,1,99,6,-1,99999,-1,-1,-3,-1,1,12000
2205,1075,1,194,8,-1,99999,-1,-1,-3,-1,1,12000
2206,1076,1,3,6,-1,99999,-1,-1,-3,-1,1,12000
2207,1077,1,109,8,-1,99999,-1,-1,-3,-1,1,12000
2208,1077,1,79,6,-1,99999,-1,-1,-3,-1,1,12000
2209,1077,1,30,10,-1,99999,-1,-1,-3,-1,1,12000
2210,1078,1,313,4,-1,99999,-1,-1,-3,-1,1,12000
2211,1079,1,168,9,-1,99999,-1,-1,-3,-1,1,12060
2212,1079,1,419,2,-1,99999,-1,-1,-3,-1,1,12060
2213,1079,1,4,4,-1,99999,-1,-1,-3,-1,1,12060
2214,1079,1,38,5,-1,99999,-1,-1,-3,-1,1,12060
2215,1079,1,0,4,-1,99999,-1,-1,-3,-1,1,12060
2216,1080,1,89,10,-1,99999,-1,-1,-3,-1,1,12060
2217,1081,1,135,11,-1,99999,-1,-1,-3,-1,1,12060
2218,1081,1,225,8,-1,99999,-1,-1,-3,-1,1,12060
2219,1081,1,10,7,-1,99999,-1,-1,-3,-1,1,12060
2220,1082,1,38,5,-1,99999,-1,-1,-3,-1,1,12060
2221,1082,1,113,5,-1,99999,-1,-1,-3,-1,1,12060
2222,1083,1,17,10,-1,99999,-1,-1,-3,-1,1,12060
2223,1083,1,30,7,-1,99999,-1,-1,-3,-1,1,12060
2224,1083,1,6,4,-1,99999,-1,-1,-3,-1,1,12060
2225,1083,1,18,11,-1,99999,-1,-1,-3,-1,1,12060
2226,1083,1,321,8,-1,99999,-1,-1,-3,-1,1,12060
2227,1084,1,38,10,-1,99999,-1,-1,-3,-1,1,12120
2228,1084,1,51,12,-1,99999,-1,-1,-3,-1,1,12120
2229,1084,1,177,7,-1,99999,-1,-1,-3,-1,1,12120
2230,1084,1,245,4,-1,99999,-1,-1,-3,-1,1,12120
2231,1085,1,254,6,-1,99999,-1,-1,-3,-1,1,12120
2232,1085,1,17,8,-1,99999,-1,-1,-3,-1,1,12120
2233,1086,1,9,5,-1,99999,-1,-1,-3,-1,1,12120
2234,1087,1,48,6,-1,99999,-1,-1,-3,-1,1,12120
2235,1087,1,38,10,-1,99999,-1,-1,-3,-1,1,12120
2236,1088,1,415,6,-1,99999,-1,-1,-3,-1,1,12120
2237,1089,1,108,5,-1,99999,-1,-1,-3,-1,1,12120
2238,1090,1,358,7,-1,99999,-1,-1,-3,-1,1,12120
2239,1090,1,91,2,-1,99999,-1,-1,-3,-1,1,12120
2240,1090,1,0,10,-1,99999,-1,-1,-3,-1,1,12120
2241,1091,1,1,4,-1,99999,-1,-1,-3,-1,1,12180
2242,1092,1,13,2,-1,99999,-1,-1,-3,-1,1,12180
2243,1092,1,40,7,-1,99999,-1,-1,-3,-1,1,12180
2244,1092,1,66,2,-1,99999,-1,-1,-3,-1,1,12180
2245,1093,1,173,10,-1,99999,-1,-1,-3,-1,1,12180
2246,1093,1,111,5,-1,99999,-1,-1,-3,-1,1,12180
2247,1093,1,116,9,-1,99999,-1,-1,-3,-1,1,12180
2248,1093,1,35,9,-1,99999,-1,-1,-3,-1,1,12180
2249,1093,1,51,1,-1,99999,-1,-1,-3,-1,1,12180
2250,1094,1,70,11,-1,99999,-1,-1,-3,-1,1,12180
2251,1095,1,391,10,-1,99999,-1,-1,-3,-1,1,12180
2252,1095,1,19,8,-1,99999,-1,-1,-3,-1,1,12180
2253,1096,1,48,12,-1,99999,-1,-1,-3,-1,1,12180
2254,1096,1,390,9,-1,99999,-1,-1,-3,-1,1,12180
2255,1097,1,2,6,-1,99999,-1,-1,-3,-1,1,12180
2256,1098,1,18,6,-1,99999,-1,-1,-3,-1,1,12240
2257,1098,1,33,7,-1,99999,-1,-1,-3,-1,1,12240
2258,1099,1,154,2,-1,99999,-1,-1,-3,-1,1,12240
2259,1100,1,8,10,-1,99999,-1,-1,-3,-1,1,12240
2260,1101,1,48,4,-1,99999,-1,-1,-3,-1,1,12300
2261,1101,1,292,7,-1,99999,-1,-1,-3,-1,1,12300
2262,1102,1,42,10,-1,99999,-1,-1,-3,-1,1,12300
2263,1102,1,19,5,-1,99999,-1,-1,-3,-1,1,12300
2264,1102,1,0,10,-1,99999,-1,-1,-3,-1,1,12300
2265,1103,1,5,9,-1,99999,-1,-1,-3,-1,1,12360
2266,1103,1,470,8,-1,99999,-1,-1,-3,-1,1,12360
2267,1104,1,43,2,-1,99999,-1,-1,-3,-1,1,12360
2268,1105,1,122,12,-1,99999,-1,-1,-3,-1,1,12360
2269,1106,1,137,7,-1,99999,-1,-1,-3,-1,1,12360
2270,1106,1,66,7,-1,99999,-1,-1,-3,-1,1,12360
2271,1107,1,175,10,-1,99999,-1,-1,-3,-1,1,12420
2272,1108,1,59,7,-1,99999,-1,-1,-3,-1,1,12420
2273,1109,1,43,4,-1,99999,-1,-1,-3,-1,1,12420
2274,1110,1,215,8,-1,99999,-1,-1,-3,-1,1,12420
2275,1110,1,107,1,-1,99999,-1,-1,-3,-1,1,12420
2276,1111,1,449,5,-1,99999,-1,-1,-3,-1,1,12420
2277,1112,1,35,4,-1,99999,-1,-1,-3,-1,1,12480
2278,1112,1,2,8,-1,99999,-1,-1,-3,-1,1,12480
2279,1112,1,450,4,-1,99999,-1,-1,-3,-1,1,12480
2280,1113,1,3,3,-1,99999,-1,-1,-3,-1,1,12480
2281,1113,1,38,5,-1,99999,-1,-1,-3,-1,1,12480
2282,1113,1,15,10,-1,99999,-1,-1,-3,-1,1,12480
2283,1114,1,324,10,-1,99999,-1,-1,-3,-1,1,12480
2284,1115,1,162,8,-1,99999,-1,-1,-3,-1,1,12480
2285,1115,1,107,6,-1,99999,-1,-1,-3,-1,1,12480
2286,1116,1,262,10,-1,99999,-1,-1,-3,-1,1,12540
2287,1116,1,0,10,-1,99999,-1,-1,-3,-1,1,12540
2288,1117,1,18,1,-1,99999,-1,-1,-3,-1,1,12540
2289,1118,1,206,6,-1,99999,-1,-1,-3,-1,1,12540
2290,1118,1,7,7,-1,99999,-1,-1,-3,-1,1,12540
2291,1119,1,8,9,-1,99999,-1,-1,-3,-1,1,12600
2292,1119,1,27,3,-1,99999,-1,-1,-3,-1,1,12600
2293,1119,1,13,10,-1,99999,-1,-1,-3,-1,1,12600
2294,1119,1,253,7,-1,99999,-1,-1,-3,-1,1,12600
2295,1120,1,47,6,-1,99999,-1,-1,-3,-1,1,12600
2296,1120,1,49,5,-1,99999,-1,-1,-3,-1,1,12600
2297,1121,1,8,2,-1,99999,-1,-1,-3,-1,1,12600
2298,1122,1,30,12,-1,99999,-1,-1,-3,-1,1,12600
2299,1123,1,98,6,-1,99999,-1,-1,-3,-1,1,12600
2300,1123,1,5,12,-1,99999,-1,-1,-3,-1,1,12600
2301,1124,1,37,4,-1,99999,-1,-1,-3,-1,1,12660
2302,1125,1,300,5,-1,99999,-1,-1,-3,-1,1,12660
2303,1126,1,90,4,-1,99999,-1,-1,-3,-1,1,12720
2304,1126,1,6,2,-1,99999,-1,-1,-3,-1,1,12720
2305,1126,1,96,7,-1,99999,-1,-1,-3,-1,1,12720
2306,1127,1,17,10,-1,99999,-1,-1,-3,-1,1,12720
2307,1128,1,3,10,-1,99999,-1,-1,-3,-1,1,12720
2308,1129,1,108,7,-1,99999,-1,-1,-3,-1,1,12720
2309,1130,1,61,7,-1,99999,-1,-1,-3,-1,1,12720
2310,1131,1,58,5,-1,99999,-1,-1,-3,-1,1,12780
2311,1131,1,83,2,-1,99999,-1,-1,-3,-1,1,12780
2312,1131,1,79,10,-1,99999,-1,-1,-3,-1,1,12780
2313,1131,1,20,8,-1,99999,-1,-1,-3,-1,1,12780
2314,1131,1,3,6,-1,99999,-1,-1,-3,-1,1,12780
2315,1131,1,439,2,-1,99999,-1,-1,-3,-1,1,12780
2316,1131,1,205,10,-1,99999,-1,-1,-3,-1,1,12780
2317,1132,1,96,4,-1,99999,-1,-1,-3,-1,1,12780
2318,1132,1,4,12,-1,99999,-1,-1,-3,-1,1,12780
2319,1133,1,63,2,-1,99999,-1,-1,-3,-1,1,12780
2320,1133,1,340,8,-1,99999,-1,-1,-3,-1,1,12780
2321,1133,1,110,6,-1,99999,-1,-1,-3,-1,1,12780
2322,1134,1,16,8,-1,99999,-1,-1,-3,-1,1,12780
2323,1135,1,13,12,-1,99999,-1,-1,-3,-1,1,12780
2324,1136,1,378,6,-1,99999,-1,-1,-3,-1,1,12780
2325,1136,1,272,7,-1,99999,-1,-1,-3,-1,1,12780
2326,1137,1,24,11,-1,99999,-1,-1,-3,-1,1,12780
2327,1138,1,2,9,-1,99999,-1,-1,-3,-1,1,12840
2328,1139,1,225,6,-1,99999,-1,-1,-3,-1,1,12840
2329,1139,1,413,8,-1,99999,-1,-1,-3,-1,1,12840
2330,1139,1,165,11,-1,99999,-1,-1,-3,-1,1,12840
2331,1140,1,19,5,-1,99999,-1,-1,-3,-1,1,12840
2332,1141,1,76,9,-1,99999,-1,-1,-3,-1,1,12840
2333,1142,1,69,8,-1,99999,-1,-1,-3,-1,1,12840
2334,1142,1,112,8,-1,99999,-1,-1,-3,-1,1,12840
2335,1142,1,197,8,-1,99999,-1,-1,-3,-1,1,12840
2336,1143,1,1,4,-1,99999,-1,-1,-3,-1,1,12900
2337,1143,1,140,6,-1,99999,-1,-1,-3,-1,1,12900
2338,1143,1,377,10,-1,99999,-1,-1,-3,-1,1,12900
2339,1144,1,172,8,-1,99999,-1,-1,-3,-1,1,12900
2340,1145,1,8,8,-1,99999,-1,-1,-3,-1,1,12960
2341,1146,1,323,5,-1,99999,-1,-1,-3,-1,1,12960
2342,1146,1,193,6,-1,99999,-1,-1,-3,-1,1,12960
2343,1147,1,23,10,-1,99999,-1,-1,-3,-1,1,12960
2344,1148,1,0,10,-1,99999,-1,-1,-3,-1,1,13020
2345,1149,1,1,2,-1,99999,-1,-1,-3,-1,1,13020
2346,1149,1,290,6,-1,99999,-1,-1,-3,-1,1,13020
2347,1149,1,27,9,-1,99999,-1,-1,-3,-1,1,13020
2348,1149,1,19,6,-1,99999,-1,-1,-3,-1,1,13020
2349,1150,1,190,12,-1,99999,-1,-1,-3,-1,1,13020
2350,1151,1,125,12,-1,99999,-1,-1,-3,-1,1,13080
2351,1152,1,11,5,-1,99999,-1,-1,-3,-1,1,13080
2352,1153,1,55,6,-1,99999,-1,-1,-3,-1,1,13080
2353,1153,1,139,5,-1,99999,-1,-1,-3,-1,1,13080
2354,1153,1,248,2,-1,99999,-1,-1,-3,-1,1,13080
2355,1154,1,62,7,-1,99999,-1,-1,-3,-1,1,13080
2356,1154,1,2,8,-1,99999,-1,-1,-3,-1,1,13080
2357,1154,1,5,5,-1,99999,-1,-1,-3,-1,1,13080
2358,1155,1,43,9,-1,99999,-1,-1,-3,-1,1,13080
2359,1156,1,87,1,-1,99999,-1,-1,-3,-1,1,13080
2360,1156,1,45,2,-1,99999,-1,-1,-3,-1,1,13080
2361,1156,1,117,10,-1,99999,-1,-1,-3,-1,1,13080
2362,1156,1,44,10,-1,99999,-1,-1,-3,-1,1,13080
2363,1156,1,0,4,-1,99999,-1,-1,-3,-1,1,13080
2364,1156,1,1,4,-1,99999,-1,-1,-3,-1,1,13080
2365,1156,1,4,8,-1,99999,-1,-1,-3,-1,1,13080
2366,1157,1,454,7,-1,99999,-1,-1,-3,-1,1,13140
2367,1158,1,94,3,-1,99999,-1,-1,-3,-1,1,13140
2368,1159,1,28,7,-1,99999,-1,-1,-3,-1,1,13140
2369,1159,1,30,7,-1,99999,-1,-1,-3,-1,1,13140
2370,1160,1,483,11,-1,99999,-1,-1,-3,-1,1,13140
2371,1161,1,134,5,-1,99999,-1,-1,-3,-1,1,13140
2372,1161,1,30,3,-1,99999,-1,-1,-3,-1,1,13140
2373,1162,1,48,6,-1,99999,-1,-1,-3,-1,1,13140
2374,1162,1,354,6,-1,99999,-1,-1,-3,-1,1,13140
2375,1163,1,155,5,-1,99999,-1,-1,-3,-1,1,13140
2376,1163,1,1,4,-1,99999,-1,-1,-3,-1,1,13140
2377,1164,1,18,8,-1,99999,-1,-1,-3,-1,1,13140
2378,1165,1,8,5,-1,99999,-1,-1,-3,-1,1,13140
2379,1165,1,197,7,-1,99999,-1,-1,-3,-1,1,13140
2380,1166,1,176,4,-1,99999,-1,-1,-3,-1,1,13200
2381,1166,1,448,9,-1,99999,-1,-1,-3,-1,1,13200
2382,1166,1,19,10,-1,99999,-1,-1,-3,-1,1,13200
2383,1166,1,24,4,-1,99999,-1,-1,-3,-1,1,13200
2384,1167,1,48,9,-1,99999,-1,-1,-3,-1,1,13200
2385,1167,1,127,5,-1,99999,-1,-1,-3,-1,1,13200
2386,1168,1,36,2,-1,99999,-1,-1,-3,-1,1,13200
2387,1168,1,13,6,-1,99999,-1,-1,-3,-1,1,13200
2388,1169,1,240,4,-1,99999,-1,-1,-3,-1,1,13200
2389,1169,1,180,4,-1,99999,-1,-1,-3,-1,1,13200
2390,1169,1,480,8,-1,99999,-1,-1,-3,-1,1,13200
2391,1169,1,137,9,-1,99999,-1,-1,-3,-1,1,13200
2392,1169,1,21,6,-1,99999,-1,-1,-3,-1,1,13200
2393,1170,1,209,7,-1,99999,-1,-1,-3,-1,1,13200
2394,1171,1,0,2,-1,99999,-1,-1,-3,-1,1,13260
2395,1172,1,130,9,-1,99999,-1,-1,-3,-1,1,13260
2396,1173,1,159,1,-1,99999,-1,-1,-3,-1,1,13320
2397,1174,1,18,8,-1,99999,-1,-1,-3,-1,1,13320
2398,1174,1,44,4,-1,99999,-1,-1,-3,-1,1,13320
2399,1174,1,24,4,-1,99999,-1,-1,-3,-1,1,13320
2400,1174,1,297,10,-1,99999,-1,-1,-3,-1,1,13320
2401,1174,1,215,10,-1,99999,-1,-1,-3,-1,1,13320
2402,1175,1,163,2,-1,99999,-1,-1,-3,-1,1,13320
2403,1176,1,8,7,-1,99999,-1,-1,-3,-1,1,13320
2404,1177,1,418,6,-1,99999,-1,-1,-3,-1,1,13320
2405,1177,1,41,6,-1,99999,-1,-1,-3,-1,1,13320
2406,1178,1,46,4,-1,99999,-1,-1,-3,-1,1,13320
2407,1178,1,22,10,-1,99999,-1,-1,-3,-1,1,13320
2408,1179,1,60,9,-1,99999,-1,-1,-3,-1,1,13320
2409,1179,1,20,6,-1,99999,-1,-1,-3,-1,1,13320
2410,1180,1,1,8,-1,99999,-1,-1,-3,-1,1,13320
2411,1181,1,71,3,-1,99999,-1,-1,-3,-1,1,13320
2412,1182,1,13,12,-1,99999,-1,-1,-3,-1,1,13320
2413,1183,1,77,4,-1,99999,-1,-1,-3,-1,1,13320
2414,1184,1,3,6,-1,99999,-1,-1,-3,-1,1,13380
2415,1184,1,65,8,-1,99999,-1,-1,-3,-1,1,13380
2416,1185,1,9,12,-1,99999,-1,-1,-3,-1,1,13380
2417,1186,1,17,5,-1,99999,-1,-1,-3,-1,1,13380
2418,1187,1,123,10,-1,99999,-1,-1,-3,-1,1,13380
2419,1187,1,239,10,-1,99999,-1,-1,-3,-1,1,13380
2420,1187,1,17,4,-1,99999,-1,-1,-3,-1,1,13380
2421,1188,1,166,6,-1,99999,-1,-1,-3,-1,1,13380
2422,1188,1,495,6,-1,99999,-1,-1,-3,-1,1,13380
2423,1189,1,323,2,-1,99999,-1,-1,-3,-1,1,13380
2424,1189,1,30,9,-1,99999,-1,-1,-3,-1,1,13380
2425,1189,1,37,11,-1,99999,-1,-1,-3,-1,1,13380
2426,1190,1,30,1,-1,99999,-1,-1,-3,-1,1,13380
2427,1191,1,49,2,-1,99999,-1,-1,-3,-1,1,13440
2428,1191,1,121,6,-1,99999,-1,-1,-3,-1,1,13440
2429,1191,1,311,9,-1,99999,-1,-1,-3,-1,1,13440
2430,1191,1,296,2,-1,99999,-1,-1,-3,-1,1,13440
2431,1192,1,38,2,-1,99999,-1,-1,-3,-1,1,13440
2432,1192,1,76,3,-1,99999,-1,-1,-3,-1,1,13440
2433,1193,1,218,6,-1,99999,-1,-1,-3,-1,1,13440
2434,1193,1,168,6,-1,99999,-1,-1,-3,-1,1,13440
2435,1194,1,382,9,-1,99999,-1,-1,-3,-1,1,13440
2436,1195,1,283,2,-1,99999,-1,-1,-3,-1,1,13440
2437,1195,1,15,6,-1,99999,-1,-1,-3,-1,1,13440
2438,1196,1,28,6,-1,99999,-1,-1,-3,-1,1,13440
2439,1196,1,6,5,-1,99999,-1,-1,-3,-1,1,13440
2440,1196,1,39,9,-1,99999,-1,-1,-3,-1,1,13440
2441,1197,1,5,2,-1,99999,-1,-1,-3,-1,1,13440
2442,1198,1,118,4,-1,99999,-1,-1,-3,-1,1,13440
2443,1199,1,119,7,-1,99999,-1,-1,-3,-1,1,13440
2444,1200,1,281,8,-1,99999,-1,-1,-3,-1,1,13440
2445,1201,1,268,8,-1,99999,-1,-1,-3,-1,1,13500
2446,1201,1,52,2,-1,99999,-1,-1,-3,-1,1,13500
2447,1202,1,459,5,-1,99999,-1,-1,-3,-1,1,13500
2448,1202,1,0,6,-1,99999,-1,-1,-3,-1,1,13500
2449,1203,1,343,4,-1,99999,-1,-1,-3,-1,1,13500
2450,1204,1,27,4,-1,99999,-1,-1,-3,-1,1,13500
2451,1205,1,52,6,-1,99999,-1,-1,-3,-1,1,13560
2452,1206,1,78,12,-1,99999,-1,-1,-3,-1,1,13560
2453,1207,1,110,8,-1,99999,-1,-1,-3,-1,1,13560
2454,1207,1,34,5,-1,99999,-1,-1,-3,-1,1,13560
2455,1207,1,293,10,-1,99999,-1,-1,-3,-1,1,13560
2456,1207,1,113,3,-1,99999,-1,-1,-3,-1,1,13560
2457,1208,1,2,6,-1,99999,-1,-1,-3,-1,1,13560
2458,1208,1,10,6,-1,99999,-1,-1,-3,-1,1,13560
2459,1208,1,451,6,-1,99999,-1,-1,-3,-1,1,13560
2460,1209,1,53,10,-1,99999,-1,-1,-3,-1,1,13620
2461,1210,1,18,8,-1,99999,-1,-1,-3,-1,1,13620
2462,1211,1,65,5,-1,99999,-1,-1,-3,-1,1,13620
2463,1212,1,98,6,-1,99999,-1,-1,-3,-1,1,13620
2464,1213,1,340,5,-1,99999,-1,-1,-3,-1,1,13620
2465,1213,1,17,10,-1,99999,-1,-1,-3,-1,1,13620
2466,1214,1,1,7,-1,99999,-1,-1,-3,-1,1,13620
2467,1215,1,7,10,-1,99999,-1,-1,-3,-1,1,13620
2468,1215,1,21,10,-1,99999,-1,-1,-3,-1,1,13620
2469,1215,1,24,5,-1,99999,-1,-1,-3,-1,1,13620
2470,1215,1,224,2,-1,99999,-1,-1,-3,-1,1,13620
2471,1216,1,21,11,-1,99999,-1,-1,-3,-1,1,13680
2472,1216,1,0,10,-1,99999,-1,-1,-3,-1,1,13680
2473,1216,1,86,6,-1,99999,-1,-1,-3,-1,1,13680
2474,1216,1,23,8,-1,99999,-1,-1,-3,-1,1,13680
2475,1217,1,194,9,-1,99999,-1,-1,-3,-1,1,13680
2476,1218,1,46,6,-1,99999,-1,-1,-3,-1,1,13680
2477,1219,1,52,8,-1,99999,-1,-1,-3,-1,1,13680
2478,1220,1,430,8,-1,99999,-1,-1,-3,-1,1,13680
2479,1220,1,8,5,-1,99999,-1,-1,-3,-1,1,13680
2480,1221,1,173,6,-1,99999,-1,-1,-3,-1,1,13740
2481,1221,1,77,12,-1,99999,-1,-1,-3,-1,1,13740
2482,1222,1,39,8,-1,99999,-1,-1,-3,-1,1,13740
2483,1222,1,182,6,-1,99999,-1,-1,-3,-1,1,13740
2484,1223,1,72,6,-1,99999,-1,-1,-3,-1,1,13740
2485,1224,1,194,2,-1,99999,-1,-1,-3,-1,1,13740
2486,1224,1,178,8,-1,99999,-1,-1,-3,-1,1,13740
2487,1225,1,9,4,-1,99999,-1,-1,-3,-1,1,13800
2488,1226,1,31,3,-1,99999,-1,-1,-3,-1,1,13800
2489,1226,1,293,10,-1,99999,-1,-1,-3,-1,1,13800
2490,1227,1,152,6,-1,99999,-1,-1,-3,-1,1,13800
2491,1227,1,430,10,-1,99999,-1,-1,-3,-1,1,13800
2492,1228,1,157,5,-1,99999,-1,-1,-3,-1,1,13800
2493,1228,1,4,9,-1,99999,-1,-1,-3,-1,1,13800
2494,1229,1,390,11,-1,99999,-1,-1,-3,-1,1,13800
2495,1230,1,20,4,-1,99999,-1,-1,-3,-1,1,13860
2496,1230,1,81,8,-1,99999,-1,-1,-3,-1,1,13860
2497,1231,1,103,11,-1,99999,-1,-1,-3,-1,1,13860
2498,1232,1,15,6,-1,99999,-1,-1,-3,-1,1,13860
2499,1233,1,17,5,-1,99999,-1,-1,-3,-1,1,13920
2500,1233,1,48,6,-1,99999,-1,-1,-3,-1,1,13920
2501,1233,1,11,8,-1,99999,-1,-1,-3,-1,1,13920
2502,1233,1,63,4,-1,99999,-1,-1,-3,-1,1,13920
2503,1234,1,3,11,-1,99999,-1,-1,-3,-1,1,13920
2504,1235,1,28,4,-1,99999,-1,-1,-3,-1,1,13920
2505,1235,1,292,9,-1,99999,-1,-1,-3,-1,1,13920
2506,1235,1,13,5,-1,99999,-1,-1,-3,-1,1,13920
2507,1236,1,4,8,-1,99999,-1,-1,-3,-1,1,13920
2508,1236,1,41,4,-1,99999,-1,-1,-3,-1,1,13920
2509,1236,1,11,7,-1,99999,-1,-1,-3,-1,1,13920
2510,1236,1,59,7,-1,99999,-1,-1,-3,-1,1,13920
2511,1236,1,43,5,-1,99999,-1,-1,-3,-1,1,13920
2512,1237,1,12,6,-1,99999,-1,-1,-3,-1,1,13920
2513,1238,1,304,6,-1,99999,-1,-1,-3,-1,1,13920
2514,1238,1,19,6,-1,99999,-1,-1,-3,-1,1,13920
2515,1239,1,489,12,-1,99999,-1,-1,-3,-1,1,13920
2516,1240,1,153,8,-1,99999,-1,-1,-3,-1,1,13980
2517,1240,1,93,9,-1,99999,-1,-1,-3,-1,1,13980
2518,1241,1,3,12,-1,99999,-1,-1,-3,-1,1,13980
2519,1242,1,14,3,-1,99999,-1,-1,-3,-1,1,13980
2520,1242,1,385,6,-1,99999,-1,-1,-3,-1,1,13980
2521,1242,1,151,12,-1,99999,-1,-1,-3,-1,1,13980
2522,1243,1,5,10,-1,99999,-1,-1,-3,-1,1,13980
2523,1243,1,17,4,-1,99999,-1,-1,-3,-1,1,13980
2524,1244,1,1,5,-1,99999,-1,-1,-3,-1,1,13980
2525,1244,1,116,10,-1,99999,-1,-1,-3,-1,1,13980
2526,1245,1,106,4,-1,99999,-1,-1,-3,-1,1,14040
2527,1246,1,9,8,-1,99999,-1,-1,-3,-1,1,14040
2528,1247,1,11,8,-1,99999,-1,-1,-3,-1,1,14040
2529,1248,1,119,10,-1,99999,-1,-1,-3,-1,1,14100
2530,1249,1,182,9,-1,99999,-1,-1,-3,-1,1,14100
2531,1250,1,7,9,-1,99999,-1,-1,-3,-1,1,14100
2532,1251,1,468,8,-1,99999,-1,-1,-3,-1,1,14100
2533,1251,1,48,6,-1,99999,-1,-1,-3,-1,1,14100
2534,1251,1,104,9,-1,99999,-1,-1,-3,-1,1,14100
2535,1251,1,360,7,-1,99999,-1,-1,-3,-1,1,14100
2536,1252,1,74,6,-1,99999,-1,-1,-3,-1,1,14100
2537,1252,1,429,8,-1,99999,-1,-1,-3,-1,1,14100
2538,1253,1,133,6,-1,99999,-1,-1,-3,-1,1,14100
2539,1254,1,81,7,-1,99999,-1,-1,-3,-1,1,14100
2540,1255,1,36,9,-1,99999,-1,-1,-3,-1,1,14100
2541,1255,1,46,6,-1,99999,-1,-1,-3,-1,1,14100
2542,1256,1,21,2,-1,99999,-1,-1,-3,-1,1,14100
2543,1257,1,197,4,-1,99999,-1,-1,-3,-1,1,14100
2544,1257,1,1,8,-1,99999,-1,-1,-3,-1,1,14100
2545,1257,1,4,6,-1,99999,-1,-1,-3,-1,1,14100
2546,1258,1,1,5,-1,99999,-1,-1,-3,-1,1,14160
2547,1258,1,70,2,-1,99999,-1,-1,-3,-1,1,14160
2548,1259,1,184,8,-1,99999,-1,-1,-3,-1,1,14160
2549,1259,1,1,9,-1,99999,-1,-1,-3,-1,1,14160
2550,1260,1,105,5,-1,99999,-1,-1,-3,-1,1,14160
2551,1260,1,84,12,-1,99999,-1,-1,-3,-1,1,14160
2552,1260,1,34,7,-1,99999,-1,-1,-3,-1,1,14160
2553,1261,1,6,8,-1,99999,-1,-1,-3,-1,1,14160
2554,1261,1,20,11,-1,99999,-1,-1,-3,-1,1,14160
2555,1261,1,13,4,-1,99999,-1,-1,-3,-1,1,14160
2556,1262,1,29,11,-1,99999,-1,-1,-3,-1,1,14160
2557,1262,1,120,10,-1,99999,-1,-1,-3,-1,1,14160
2558,1262,1,151,6,-1,99999,-1,-1,-3,-1,1,14160
2559,1263,1,295,6,-1,99999,-1,-1,-3,-1,1,14160
2560,1263,1,16,4,-1,99999,-1,-1,-3,-1,1,14160
2561,1263,1,120,7,-1,99999,-1,-1,-3,-1,1,14160
2562,1263,1,59,7,-1,99999,-1,-1,-3,-1,1,14160
2563,1263,1,234,2,-1,99999,-1,-1,-3,-1,1,14160
2564,1264,1,16,6,-1,99999,-1,-1,-3,-1,1,14160
2565,1264,1,474,7,-1,99999,-1,-1,-3,-1,1,14160
2566,1265,1,80,3,-1,99999,-1,-1,-3,-1,1,14160
2567,1266,1,4,8,-1,99999,-1,-1,-3,-1,1,14160
2568,1266,1,456,1,-1,99999,-1,-1,-3,-1,1,14160
2569,1266,1,73,4,-1,99999,-1,-1,-3,-1,1,14160
2570,1266,1,13,6,-1,99999,-1,-1,-3,-1,1,14160
2571,1266,1,295,10,-1,99999,-1,-1,-3,-1,1,14160
2572,1266,1,15,6,-1,99999,-1,-1,-3,-1,1,14160
2573,1266,1,33,5,-1,99999,-1,-1,-3,-1,1,14160
2574,1266,1,116,11,-1,99999,-1,-1,-3,-1,1,14160
2575,1267,1,111,8,-1,99999,-1,-1,-3,-1,1,14160
2576,1268,1,11,8,-1,99999,-1,-1,-3,-1,1,14220
2577,1268,1,328,9,-1,99999,-1,-1,-3,-1,1,14220
2578,1269,1,150,7,-1,99999,-1,-1,-3,-1,1,14220
2579,1269,1,86,6,-1,99999,-1,-1,-3,-1,1,14220
2580,1270,1,433,9,-1,99999,-1,-1,-3,-1,1,14220
2581,1271,1,84,2,-1,99999,-1,-1,-3,-1,1,14280
2582,1272,1,67,10,-1,99999,-1,-1,-3,-1,1,14280
2583,1273,1,6,10,-1,99999,-1,-1,-3,-1,1,14280
2584,1274,1,79,6,-1,99999,-1,-1,-3,-1,1,14280
2585,1275,1,210,5,-1,99999,-1,-1,-3,-1,1,14280
2586,1275,1,2,9,-1,99999,-1,-1,-3,-1,1,14280
2587,1275,1,330,10,-1,99999,-1,-1,-3,-1,1,14280
2588,1275,1,197,5,-1,99999,-1,-1,-3,-1,1,14280
2589,1275,1,144,4,-1,99999,-1,-1,-3,-1,1,14280
2590,1276,1,97,4,-1,99999,-1,-1,-3,-1,1,14280
2591,1277,1,5,2,-1,99999,-1,-1,-3,-1,1,14340
2592,1278,1,49,4,-1,99999,-1,-1,-3,-1,1,14340
2593,1279,1,6,7,-1,99999,-1,-1,-3,-1,1,14340
2594,1280,1,49,5,-1,99999,-1,-1,-3,-1,1,14340
2595,1280,1,463,7,-1,99999,-1,-1,-3,-1,1,14340
2596,1281,1,99,12,-1,99999,-1,-1,-3,-1,1,14340
2597,1282,1,74,3,-1,99999,-1,-1,-3,-1,1,14340
2598,1283,1,42,8,-1,99999,-1,-1,-3,-1,1,14340
2599,1283,1,369,5,-1,99999,-1,-1,-3,-1,1,14340
2600,1283,1,291,6,-1,99999,-1,-1,-3,-1,1,14340
2601,1283,1,48,3,-1,99999,-1,-1,-3,-1,1,14340
2602,1283,1,305,3,-1,99999,-1,-1,-3,-1,1,14340
2603,1284,1,303,2,-1,99999,-1,-1,-3,-1,1,14340
2604,1284,1,1,8,-1,99999,-1,-1,-3,-1,1,14340
2605,1285,1,36,8,-1,99999,-1,-1,-3,-1,1,14400
2606,1286,1,174,6,-1,99999,-1,-1,-3,-1,1,14400
2607,1287,1,24,6,-1,99999,-1,-1,-3,-1,1,14460
2608,1288,1,17,4,-1,99999,-1,-1,-3,-1,1,14460
2609,1289,1,126,8,-1,99999,-1,-1,-3,-1,1,14460
2610,1290,1,1,6,-1,99999,-1,-1,-3,-1,1,14520
2611,1290,1,15,6,-1,99999,-1,-1,-3,-1,1,14520
2612,1291,1,80,10,-1,99999,-1,-1,-3,-1,1,14520
2613,1292,1,413,6,-1,99999,-1,-1,-3,-1,1,14520
2614,1292,1,15,11,-1,99999,-1,-1,-3,-1,1,14520
2615,1292,1,286,8,-1,99999,-1,-1,-3,-1,1,14520
2616,1292,1,84,1,-1,99999,-1,-1,-3,-1,1,14520
2617,1292,1,2,6,-1,99999,-1,-1,-3,-1,1,14520
2618,1292,1,171,10,-1,99999,-1,-1,-3,-1,1,14520
2619,1292,1,361,9,-1,99999,-1,-1,-3,-1,1,14520
2620,1292,1,317,7,-1,99999,-1,-1,-3,-1,1,14520
2621,1292,1,10,6,-1,99999,-1,-1,-3,-1,1,14520
2622,1293,1,6,5,-1,99999,-1,-1,-3,-1,1,14580
2623,1293,1,22,4,-1,99999,-1,-1,-3,-1,1,14580
2624,1294,1,283,2,-1,99999,-1,-1,-3,-1,1,14580
2625,1295,1,30,5,-1,99999,-1,-1,-3,-1,1,14580
2626,1295,1,31,6,-1,99999,-1,-1,-3,-1,1,14580
2627,1296,1,0,8,-1,99999,-1,-1,-3,-1,1,14580
2628,1296,1,245,3,-1,99999,-1,-1,-3,-1,1,14580
2629,1296,1,368,2,-1,99999,-1,-1,-3,-1,1,14580
2630,1296,1,13,5,-1,99999,-1,-1,-3,-1,1,14580
2631,1296,1,45,4,-1,99999,-1,-1,-3,-1,1,14580
2632,1297,1,19,12,-1,99999,-1,-1,-3,-1,1,14580
2633,1298,1,26,6,-1,99999,-1,-1,-3,-1,1,14640
2634,1298,1,270,10,-1,99999,-1,-1,-3,-1,1,14640
2635,1299,1,380,4,-1,99999,-1,-1,-3,-1,1,14640
2636,1299,1,1,6,-1,99999,-1,-1,-3,-1,1,14640
2637,1299,1,25,2,-1,99999,-1,-1,-3,-1,1,14640
2638,1299,1,0,10,-1,99999,-1,-1,-3,-1,1,14640
2639,1299,1,173,10,-1,99999,-1,-1,-3,-1,1,14640
2640,1299,1,31,2,-1,99999,-1,-1,-3,-1,1,14640
2641,1300,1,13,9,-1,99999,-1,-1,-3,-1,1,14640
2642,1301,1,4,9,-1,99999,-1,-1,-3,-1,1,14640
2643,1302,1,3,8,-1,99999,-1,-1,-3,-1,1,14700
2644,1302,1,21,5,-1,99999,-1,-1,-3,-1,1,14700
2645,1303,1,408,6,-1,99999,-1,-1,-3,-1,1,14700
2646,1304,1,195,6,-1,99999,-1,-1,-3,-1,1,14700
2647,1305,1,182,8,-1,99999,-1,-1,-3,-1,1,14700
2648,1305,1,3,4,-1,99999,-1,-1,-3,-1,1,14700
2649,1306,1,260,8,-1,99999,-1,-1,-3,-1,1,14700
2650,1306,1,1,12,-1,99999,-1,-1,-3,-1,1,14700
2651,1306,1,24,4,-1,99999,-1,-1,-3,-1,1,14700
2652,1307,1,37,8,-1,99999,-1,-1,-3,-1,1,14760
2653,1307,1,1,10,-1,99999,-1,-1,-3,-1,1,14760
2654,1307,1,43,7,-1,99999,-1,-1,-3,-1,1,14760
2655,1308,1,1,2,-1,99999,-1,-1,-3,-1,1,14820
2656,1308,1,171,6,-1,99999,-1,-1,-3,-1,1,14820
2657,1309,1,24,10,-1,99999,-1,-1,-3,-1,1,14820
2658,1309,1,257,4,-1,99999,-1,-1,-3,-1,1,14820
2659,1310,1,16,6,-1,99999,-1,-1,-3,-1,1,14820
2660,1310,1,294,4,-1,99999,-1,-1,-3,-1,1,14820
2661,1311,1,20,9,-1,99999,-1,-1,-3,-1,1,14880
2662,1312,1,146,4,-1,99999,-1,-1,-3,-1,1,14880
2663,1312,1,74,6,-1,99999,-1,-1,-3,-1,1,14880
2664,1312,1,167,11,-1,99999,-1,-1,-3,-1,1,14880
2665,1312,1,474,11,-1,99999,-1,-1,-3,-1,1,14880
2666,1313,1,83,7,-1,99999,-1,-1,-3,-1,1,14880
2667,1313,1,155,6,-1,99999,-1,-1,-3,-1,1,14880
2668,1314,1,31,10,-1,99999,-1,-1,-3,-1,1,14880
2669,1315,1,21,6,-1,99999,-1,-1,-3,-1,1,14880
2670,1316,1,2,2,-1,99999,-1,-1,-3,-1,1,14940
2671,1317,1,10,4,-1,99999,-1,-1,-3,-1,1,15000
2672,1317,1,168,3,-1,99999,-1,-1,-3,-1,1,15000
2673,1318,1,268,2,-1,99999,-1,-1,-3,-1,1,15000
2674,1319,1,193,6,-1,99999,-1,-1,-3,-1,1,15000
2675,1319,1,26,4,-1,99999,-1,-1,-3,-1,1,15000
2676,1320,1,30,6,-1,99999,-1,-1,-3,-1,1,15000
2677,1320,1,337,11,-1,99999,-1,-1,-3,-1,1,15000
2678,1321,1,392,6,-1,99999,-1,-1,-3,-1,1,15060
2679,1321,1,37,6,-1,99999,-1,-1,-3,-1,1,15060
2680,1321,1,73,1,-1,99999,-1,-1,-3,-1,1,15060
2681,1321,1,123,6,-1,99999,-1,-1,-3,-1,1,15060
2682,1321,1,457,7,-1,99999,-1,-1,-3,-1,1,15060
2683,1321,1,24,2,-1,99999,-1,-1,-3,-1,1,15060
2684,1321,1,17,8,-1,99999,-1,-1,-3,-1,1,15060
2685,1321,1,112,6,-1,99999,-1,-1,-3,-1,1,15060
2686,1322,1,0,4,-1,99999,-1,-1,-3,-1,1,15060
2687,1323,1,142,8,-1,99999,-1,-1,-3,-1,1,15060
2688,1324,1,1,8,-1,99999,-1,-1,-3,-1,1,15060
2689,1325,1,42,7,-1,99999,-1,-1,-3,-1,1,15120
2690,1325,1,23,5,-1,99999,-1,-1,-3,-1,1,15120
2691,1325,1,186,6,-1,99999,-1,-1,-3,-1,1,15120
2692,1326,1,340,6,-1,99999,-1,-1,-3,-1,1,15120
2693,1327,1,318,11,-1,99999,-1,-1,-3,-1,1,15120
2694,1327,1,421,4,-1,99999,-1,-1,-3,-1,1,15120
2695,1327,1,37,10,-1,99999,-1,-1,-3,-1,1,15120
2696,1327,1,252,12,-1,99999,-1,-1,-3,-1,1,15120
2697,1328,1,149,4,-1,99999,-1,-1,-3,-1,1,15120
2698,1328,1,97,6,-1,99999,-1,-1,-3,-1,1,15120
2699,1328,1,36,10,-1,99999,-1,-1,-3,-1,1,15120
2700,1329,1,83,6,-1,99999,-1,-1,-3,-1,1,15120
2701,1329,1,426,6,-1,99999,-1,-1,-3,-1,1,15120
2702,1329,1,0,6,-1,99999,-1,-1,-3,-1,1,15120
2703,1330,1,180,8,-1,99999,-1,-1,-3,-1,1,15120
2704,1330,1,25,12,-1,99999,-1,-1,-3,-1,1,15120
2705,1331,1,201,9,-1,99999,-1,-1,-3,-1,1,15180
2706,1331,1,80,12,-1,99999,-1,-1,-3,-1,1,15180
2707,1331,1,88,6,-1,99999,-1,-1,-3,-1,1,15180
2708,1332,1,5,8,-1,99999,-1,-1,-3,-1,1,15180
2709,1332,1,22,8,-1,99999,-1,-1,-3,-1,1,15180
2710,1332,1,29,1,-1,99999,-1,-1,-3,-1,1,15180
2711,1332,1,135,4,-1,99999,-1,-1,-3,-1,1,15180
2712,1332,1,158,1,-1,99999,-1,-1,-3,-1,1,15180
2713,1333,1,3,4,-1,99999,-1,-1,-3,-1,1,15180
2714,1333,1,215,9,-1,99999,-1,-1,-3,-1,1,15180
2715,1334,1,102,10,-1,99999,-1,-1,-3,-1,1,15180
2716,1335,1,8,10,-1,99999,-1,-1,-3,-1,1,15180
2717,1335,1,415,4,-1,99999,-1,-1,-3,-1,1,15180
2718,1336,1,30,5,-1,99999,-1,-1,-3,-1,1,15180
2719,1337,1,47,8,-1,99999,-1,-1,-3,-1,1,15180
2720,1338,1,1,8,-1,99999,-1,-1,-3,-1,1,15240
2721,1339,1,462,4,-1,99999,-1,-1,-3,-1,1,15240
2722,1339,1,24,2,-1,99999,-1,-1,-3,-1,1,15240
2723,1340,1,112,4,-1,99999,-1,-1,-3,-1,1,15240
2724,1340,1,81,6,-1,99999,-1,-1,-3,-1,1,15240
2725,1340,1,185,8,-1,99999,-1,-1,-3,-1,1,15240
2726,1340,1,33,8,-1,99999,-1,-1,-3,-1,1,15240
2727,1341,1,157,4,-1,99999,-1,-1,-3,-1,1,15240
2728,1342,1,1,10,-1,99999,-1,-1,-3,-1,1,15300
2729,1343,1,13,5,-1,99999,-1,-1,-3,-1,1,15300
2730,1343,1,40,12,-1,99999,-1,-1,-3,-1,1,15300
2731,1344,1,9,6,-1,99999,-1,-1,-3,-1,1,15360
2732,1345,1,42,11,-1,99999,-1,-1,-3,-1,1,15360
2733,1345,1,12,9,-1,99999,-1,-1,-3,-1,1,15360
2734,1346,1,165,9,-1,99999,-1,-1,-3,-1,1,15360
2735,1346,1,7,4,-1,99999,-1,-1,-3,-1,1,15360
2736,1346,1,456,10,-1,99999,-1,-1,-3,-1,1,15360
2737,1347,1,25,7,-1,99999,-1,-1,-3,-1,1,15360
2738,1347,1,12,4,-1,99999,-1,-1,-3,-1,1,15360
2739,1347,1,0,4,-1,99999,-1,-1,-3,-1,1,15360
2740,1347,1,174,6,-1,99999,-1,-1,-3,-1,1,15360
2741,1348,1,45,6,-1,99999,-1,-1,-3,-1,1,15360
2742,1348,1,20,6,-1,99999,-1,-1,-3,-1,1,15360
2743,1348,1,29,6,-1,99999,-1,-1,-3,-1,1,15360
2744,1348,1,11,12,-1,99999,-1,-1,-3,-1,1,15360
2745,1348,1,47,8,-1,99999,-1,-1,-3,-1,1,15360
2746,1348,1,423,6,-1,99999,-1,-1,-3,-1,1,15360
2747,1348,1,55,12,-1,99999,-1,-1,-3,-1,1,15360
2748,1348,1,86,10,-1,99999,-1,-1,-3,-1,1,15360
2749,1348,1,21,8,-1,99999,-1,-1,-3,-1,1,15360
2750,1348,1,24,4,-1,99999,-1,-1,-3,-1,1,15360
2751,1348,1,332,10,-1,99999,-1,-1,-3,-1,1,15360
2752,1348,1,8,5,-1,99999,-1,-1,-3,-1,1,15360
2753,1348,1,123,9,-1,99999,-1,-1,-3,-1,1,15360
2754,1349,1,13,6,-1,99999,-1,-1,-3,-1,1,15420
2755,1350,1,35,4,-1,99999,-1,-1,-3,-1,1,15420
2756,1351,1,5,12,-1,99999,-1,-1,-3,-1,1,15420
2757,1352,1,71,9,-1,99999,-1,-1,-3,-1,1,15480
2758,1353,1,239,2,-1,99999,-1,-1,-3,-1,1,15480
2759,1353,1,203,7,-1,99999,-1,-1,-3,-1,1,15480
2760,1354,1,11,5,-1,99999,-1,-1,-3,-1,1,15480
2761,1355,1,18,2,-1,99999,-1,-1,-3,-1,1,15540
2762,1356,1,15,7,-1,99999,-1,-1,-3,-1,1,15540
2763,1357,1,144,5,-1,99999,-1,-1,-3,-1,1,15600
2764,1358,1,169,8,-1,99999,-1,-1,-3,-1,1,15660
2765,1358,1,348,7,-1,99999,-1,-1,-3,-1,1,15660
2766,1359,1,131,8,-1,99999,-1,-1,-3,-1,1,15660
2767,1359,1,39,8,-1,99999,-1,-1,-3,-1,1,15660
2768,1359,1,161,11,-1,99999,-1,-1,-3,-1,1,15660
2769,1360,1,154,10,-1,99999,-1,-1,-3,-1,1,15660
2770,1360,1,20,10,-1,99999,-1,-1,-3,-1,1,15660
2771,1360,1,0,9,-1,99999,-1,-1,-3,-1,1,15660
2772,1360,1,414,6,-1,99999,-1,-1,-3,-1,1,15660
2773,1361,1,108,6,-1,99999,-1,-1,-3,-1,1,15720
2774,1362,1,451,5,-1,99999,-1,-1,-3,-1,1,15780
2775,1362,1,15,3,-1,99999,-1,-1,-3,-1,1,15780
2776,1362,1,457,6,-1,99999,-1,-1,-3,-1,1,15780
2777,1363,1,19,8,-1,99999,-1,-1,-3,-1,1,15780
2778,1363,1,20,5,-1,99999,-1,-1,-3,-1,1,15780
2779,1363,1,29,7,-1,99999,-1,-1,-3,-1,1,15780
2780,1363,1,350,6,-1,99999,-1,-1,-3,-1,1,15780
2781,1363,1,379,9,-1,99999,-1,-1,-3,-1,1,15780
2782,1363,1,74,8,-1,99999,-1,-1,-3,-1,1,15780
2783,1364,1,85,5,-1,99999,-1,-1,-3,-1,1,15780
2784,1365,1,386,8,-1,99999,-1,-1,-3,-1,1,15780
2785,1366,1,121,4,-1,99999,-1,-1,-3,-1,1,15780
2786,1367,1,156,11,-1,99999,-1,-1,-3,-1,1,15900
2787,1367,1,292,8,-1,99999,-1,-1,-3,-1,1,15900
2788,1368,1,70,10,-1,99999,-1,-1,-3,-1,1,15900
2789,1369,1,34,12,-1,99999,-1,-1,-3,-1,1,15900
2790,1370,1,449,7,-1,99999,-1,-1,-3,-1,1,15900
2791,1371,1,255,10,-1,99999,-1,-1,-3,-1,1,15900
2792,1372,1,434,3,-1,99999,-1,-1,-3,-1,1,15960
2793,1373,1,44,4,-1,99999,-1,-1,-3,-1,1,15960
2794,1374,1,2,8,-1,99999,-1,-1,-3,-1,1,15960
2795,1374,1,38,6,-1,99999,-1,-1,-3,-1,1,15960
2796,1375,1,130,10,-1,99999,-1,-1,-3,-1,1,15960
2797,1376,1,131,7,-1,99999,-1,-1,-3,-1,1,15960
2798,1376,1,28,8,-1,99999,-1,-1,-3,-1,1,15960
2799,1376,1,84,2,-1,99999,-1,-1,-3,-1,1,15960
2800,1376,1,13,9,-1,99999,-1,-1,-3,-1,1,15960
2801,1377,1,41,7,-1,99999,-1,-1,-3,-1,1,15960
2802,1378,1,54,4,-1,99999,-1,-1,-3,-1,1,15960
2803,1378,1,71,4,-1,99999,-1,-1,-3,-1,1,15960
2804,1378,1,231,4,-1,99999,-1,-1,-3,-1,1,15960
2805,1378,1,170,6,-1,99999,-1,-1,-3,-1,1,15960
2806,1379,1,377,7,-1,99999,-1,-1,-3,-1,1,15960
2807,1380,1,21,2,-1,99999,-1,-1,-3,-1,1,16020
2808,1381,1,28,5,-1,99999,-1,-1,-3,-1,1,16020
2809,1381,1,32,7,-1,99999,-1,-1,-3,-1,1,16020
2810,1381,1,37,8,-1,99999,-1,-1,-3,-1,1,16020
2811,1381,1,172,5,-1,99999,-1,-1,-3,-1,1,16020
2812,1381,1,6,6,-1,99999,-1,-1,-3,-1,1,16020
2813,1381,1,0,8,-1,99999,-1,-1,-3,-1,1,16020
2814,1382,1,259,11,-1,99999,-1,-1,-3,-1,1,16020
2815,1382,1,315,7,-1,99999,-1,-1,-3,-1,1,16020
2816,1383,1,272,8,-1,99999,-1,-1,-3,-1,1,16020
2817,1384,1,1,10,-1,99999,-1,-1,-3,-1,1,16020
2818,1385,1,278,2,-1,99999,-1,-1,-3,-1,1,16020
2819,1386,1,15,8,-1,99999,-1,-1,-3,-1,1,16020
2820,1387,1,282,8,-1,99999,-1,-1,-3,-1,1,16080
2821,1388,1,363,5,-1,99999,-1,-1,-3,-1,1,16080
2822,1389,1,15,7,-1,99999,-1,-1,-3,-1,1,16080
2823,1389,1,32,2,-1,99999,-1,-1,-3,-1,1,16080
2824,1390,1,368,4,-1,99999,-1,-1,-3,-1,1,16080
2825,1391,1,145,6,-1,99999,-1,-1,-3,-1,1,16140
2826,1391,1,280,2,-1,99999,-1,-1,-3,-1,1,16140
2827,1391,1,220,10,-1,99999,-1,-1,-3,-1,1,16140
2828,1391,1,468,10,-1,99999,-1,-1,-3,-1,1,16140
2829,1391,1,2,4,-1,99999,-1,-1,-3,-1,1,16140
2830,1392,1,263,3,-1,99999,-1,-1,-3,-1,1,16140
2831,1393,1,8,5,-1,99999,-1,-1,-3,-1,1,16140
2832,1394,1,4,7,-1,99999,-1,-1,-3,-1,1,16140
2833,1395,1,263,4,-1,99999,-1,-1,-3,-1,1,16140
2834,1396,1,9,4,-1,99999,-1,-1,-3,-1,1,16140
2835,1397,1,39,8,-1,99999,-1,-1,-3,-1,1,16140
2836,1397,1,146,11,-1,99999,-1,-1,-3,-1,1,16140
2837,1397,1,6,4,-1,99999,-1,-1,-3,-1,1,16140
2838,1397,1,2,6,-1,99999,-1,-1,-3,-1,1,16140
2839,1397,1,17,8,-1,99999,-1,-1,-3,-1,1,16140
2840,1398,1,1,6,-1,99999,-1,-1,-3,-1,1,16140
2841,1399,1,259,6,-1,99999,-1,-1,-3,-1,1,16200
2842,1400,1,41,2,-1,99999,-1,-1,-3,-1,1,16200
2843,1401,1,423,4,-1,99999,-1,-1,-3,-1,1,16200
2844,1402,1,76,9,-1,99999,-1,-1,-3,-1,1,16200
2845,1402,1,382,10,-1,99999,-1,-1,-3,-1,1,16200
2846,1402,1,436,8,-1,99999,-1,-1,-3,-1,1,16200
2847,1402,1,179,12,-1,99999,-1,-1,-3,-1,1,16200
2848,1402,1,38,2,-1,99999,-1,-1,-3,-1,1,16200
2849,1402,1,0,7,-1,99999,-1,-1,-3,-1,1,16200
2850,1403,1,114,7,-1,99999,-1,-1,-3,-1,1,16260
2851,1403,1,133,9,-1,99999,-1,-1,-3,-1,1,16260
2852,1404,1,384,8,-1,99999,-1,-1,-3,-1,1,16260
2853,1404,1,294,6,-1,99999,-1,-1,-3,-1,1,16260
2854,1404,1,57,4,-1,99999,-1,-1,-3,-1,1,16260
2855,1405,1,10,8,-1,99999,-1,-1,-3,-1,1,16260
2856,1406,1,484,8,-1,99999,-1,-1,-3,-1,1,16260
2857,1407,1,32,7,-1,99999,-1,-1,-3,-1,1,16260
2858,1408,1,18,7,-1,99999,-1,-1,-3,-1,1,16260
2859,1408,1,171,8,-1,99999,-1,-1,-3,-1,1,16260
2860,1408,1,74,4,-1,99999,-1,-1,-3,-1,1,16260
2861,1408,1,51,9,-1,99999,-1,-1,-3,-1,1,16260
2862,1408,1,44,4,-1,99999,-1,-1,-3,-1,1,16260
2863,1409,1,34,10,-1,99999,-1,-1,-3,-1,1,16320
2864,1409,1,91,12,-1,99999,-1,-1,-3,-1,1,16320
2865,1410,1,11,4,-1,99999,-1,-1,-3,-1,1,16320
2866,1410,1,36,9,-1,99999,-1,-1,-3,-1,1,16320
2867,1410,1,21,7,-1,99999,-1,-1,-3,-1,1,16320
2868,1410,1,35,6,-1,99999,-1,-1,-3,-1,1,16320
2869,1411,1,7,7,-1,99999,-1,-1,-3,-1,1,16320
2870,1411,1,84,4,-1,99999,-1,-1,-3,-1,1,16320
2871,1412,1,45,5,-1,99999,-1,-1,-3,-1,1,16320
2872,1412,1,118,8,-1,99999,-1,-1,-3,-1,1,16320
2873,1412,1,367,4,-1,99999,-1,-1,-3,-1,1,16320
2874,1412,1,3,4,-1,99999,-1,-1,-3,-1,1,16320
2875,1413,1,47,8,-1,99999,-1,-1,-3,-1,1,16320
2876,1413,1,25,6,-1,99999,-1,-1,-3,-1,1,16320
2877,1413,1,116,8,-1,99999,-1,-1,-3,-1,1,16320
2878,1414,1,101,6,-1,99999,-1,-1,-3,-1,1,16380
2879,1414,1,77,8,-1,99999,-1,-1,-3,-1,1,16380
2880,1415,1,35,2,-1,99999,-1,-1,-3,-1,1,16380
2881,1416,1,10,2,-1,99999,-1,-1,-3,-1,1,16380
2882,1417,1,8,5,-1,99999,-1,-1,-3,-1,1,16380
2883,1418,1,0,5,-1,99999,-1,-1,-3,-1,1,16380
2884,1418,1,253,10,-1,99999,-1,-1,-3,-1,1,16380
2885,1418,1,42,2,-1,99999,-1,-1,-3,-1,1,16380
2886,1419,1,58,7,-1,99999,-1,-1,-3,-1,1,16380
2887,1420,1,9,8,-1,99999,-1,-1,-3,-1,1,16380
2888,1420,1,174,4,-1,99999,-1,-1,-3,-1,1,16380
2889,1420,1,3,8,-1,99999,-1,-1,-3,-1,1,16380
2890,1420,1,61,4,-1,99999,-1,-1,-3,-1,1,16380
2891,1420,1,27,8,-1,99999,-1,-1,-3,-1,1,16380
2892,1420,1,85,4,-1,99999,-1,-1,-3,-1,1,16380
2893,1420,1,2,4,-1,99999,-1,-1,-3,-1,1,16380
2894,1420,1,152,9,-1,99999,-1,-1,-3,-1,1,16380
2895,1420,1,73,12,-1,99999,-1,-1,-3,-1,1,16380
2896,1420,1,45,4,-1,99999,-1,-1,-3,-1,1,16380
2897,1421,1,14,3,-1,99999,-1,-1,-3,-1,1,16380
2898,1421,1,6,10,-1,99999,-1,-1,-3,-1,1,16380
2899,1421,1,191,4,-1,99999,-1,-1,-3,-1,1,16380
2900,1421,1,128,10,-1,99999,-1,-1,-3,-1,1,16380
2901,1421,1,1,2,-1,99999,-1,-1,-3,-1,1,16380
2902,1422,1,333,9,-1,99999,-1,-1,-3,-1,1,16380
2903,1423,1,33,6,-1,99999,-1,-1,-3,-1,1,16440
2904,1423,1,41,3,-1,99999,-1,-1,-3,-1,1,16440
2905,1424,1,57,3,-1,99999,-1,-1,-3,-1,1,16440
2906,1425,1,2,6,-1,99999,-1,-1,-3,-1,1,16440
2907,1426,1,275,2,-1,99999,-1,-1,-3,-1,1,16440
2908,1427,1,14,3,-1,99999,-1,-1,-3,-1,1,16440
2909,1428,1,39,2,-1,99999,-1,-1,-3,-1,1,16500
2910,1428,1,154,6,-1,99999,-1,-1,-3,-1,1,16500
2911,1429,1,19,4,-1,99999,-1,-1,-3,-1,1,16500
2912,1430,1,0,3,-1,99999,-1,-1,-3,-1,1,16500
2913,1431,1,308,8,-1,99999,-1,-1,-3,-1,1,16500
2914,1431,1,19,7,-1,99999,-1,-1,-3,-1,1,16500
2915,1432,1,182,9,-1,99999,-1,-1,-3,-1,1,16560
2916,1432,1,271,6,-1,99999,-1,-1,-3,-1,1,16560
2917,1433,1,118,4,-1,99999,-1,-1,-3,-1,1,16560
2918,1434,1,105,2,-1,99999,-1,-1,-3,-1,1,16560
2919,1435,1,101,6,-1,99999,-1,-1,-3,-1,1,16560
2920,1435,1,175,2,-1,99999,-1,-1,-3,-1,1,16560
2921,1436,1,318,7,-1,99999,-1,-1,-3,-1,1,16560
2922,1436,1,62,6,-1,99999,-1,-1,-3,-1,1,16560
2923,1436,1,71,2,-1,99999,-1,-1,-3,-1,1,16560
2924,1436,1,24,10,-1,99999,-1,-1,-3,-1,1,16560
2925,1436,1,32,8,-1,99999,-1,-1,-3,-1,1,16560
2926,1437,1,4,6,-1,99999,-1,-1,-3,-1,1,16560
2927,1438,1,25,6,-1,99999,-1,-1,-3,-1,1,16560
2928,1438,1,160,4,-1,99999,-1,-1,-3,-1,1,16560
2929,1439,1,16,2,-1,99999,-1,-1,-3,-1,1,16620
2930,1439,1,43,8,-1,99999,-1,-1,-3,-1,1,16620
2931,1439,1,53,8,-1,99999,-1,-1,-3,-1,1,16620
2932,1440,1,106,1,-1,99999,-1,-1,-3,-1,1,16620
2933,1441,1,405,8,-1,99999,-1,-1,-3,-1,1,16680
2934,1442,1,12,5,-1,99999,-1,-1,-3,-1,1,16680
2935,1443,1,10,7,-1,99999,-1,-1,-3,-1,1,16680
2936,1443,1,1,9,-1,99999,-1,-1,-3,-1,1,16680
2937,1444,1,54,2,-1,99999,-1,-1,-3,-1,1,16680
2938,1444,1,2,12,-1,99999,-1,-1,-3,-1,1,16680
2939,1445,1,138,5,-1,99999,-1,-1,-3,-1,1,16680
2940,1445,1,24,7,-1,99999,-1,-1,-3,-1,1,16680
2941,1446,1,25,6,-1,99999,-1,-1,-3,-1,1,16680
2942,1446,1,137,6,-1,99999,-1,-1,-3,-1,1,16680
2943,1447,1,90,10,-1,99999,-1,-1,-3,-1,1,16680
2944,1448,1,24,8,-1,99999,-1,-1,-3,-1,1,16680
2945,1448,1,153,3,-1,99999,-1,-1,-3,-1,1,16680
2946,1449,1,83,4,-1,99999,-1,-1,-3,-1,1,16740
2947,1449,1,319,6,-1,99999,-1,-1,-3,-1,1,16740
2948,1450,1,46,7,-1,99999,-1,-1,-3,-1,1,16740
2949,1451,1,18,8,-1,99999,-1,-1,-3,-1,1,16740
2950,1451,1,61,8,-1,99999,-1,-1,-3,-1,1,16740
2951,1452,1,25,10,-1,99999,-1,-1,-3,-1,1,16740
2952,1453,1,246,3,-1,99999,-1,-1,-3,-1,1,16740
2953,1454,1,124,2,-1,99999,-1,-1,-3,-1,1,16740
2954,1454,1,2,5,-1,99999,-1,-1,-3,-1,1,16740
2955,1454,1,103,7,-1,99999,-1,-1,-3,-1,1,16740
2956,1454,1,70,4,-1,99999,-1,-1,-3,-1,1,16740
2957,1454,1,44,10,-1,99999,-1,-1,-3,-1,1,16740
2958,1454,1,425,3,-1,99999,-1,-1,-3,-1,1,16740
2959,1455,1,3,4,-1,99999,-1,-1,-3,-1,1,16740
2960,1455,1,362,10,-1,99999,-1,-1,-3,-1,1,16740
2961,1455,1,91,9,-1,99999,-1,-1,-3,-1,1,16740
2962,1455,1,38,10,-1,99999,-1,-1,-3,-1,1,16740
2963,1455,1,135,9,-1,99999,-1,-1,-3,-1,1,16740
2964,1455,1,16,6,-1,99999,-1,-1,-3,-1,1,16740
2965,1455,1,15,8,-1,99999,-1,-1,-3,-1,1,16740
2966,1456,1,0,4,-1,99999,-1,-1,-3,-1,1,16740
2967,1457,1,282,2,-1,99999,-1,-1,-3,-1,1,16800
2968,1458,1,4,2,-1,99999,-1,-1,-3,-1,1,16800
2969,1458,1,161,10,-1,99999,-1,-1,-3,-1,1,16800
2970,1458,1,54,4,-1,99999,-1,-1,-3,-1,1,16800
2971,1458,1,11,8,-1,99999,-1,-1,-3,-1,1,16800
2972,1459,1,12,6,-1,99999,-1,-1,-3,-1,1,16800
2973,1459,1,21,11,-1,99999,-1,-1,-3,-1,1,16800
2974,1459,1,340,3,-1,99999,-1,-1,-3,-1,1,16800
2975,1460,1,91,10,-1,99999,-1,-1,-3,-1,1,16860
2976,1460,1,476,8,-1,99999,-1,-1,-3,-1,1,16860
2977,1461,1,184,10,-1,99999,-1,-1,-3,-1,1,16860
2978,1462,1,45,4,-1,99999,-1,-1,-3,-1,1,16920
2979,1462,1,61,10,-1,99999,-1,-1,-3,-1,1,16920
2980,1462,1,277,6,-1,99999,-1,-1,-3,-1,1,16920
2981,1463,1,20,12,-1,99999,-1,-1,-3,-1,1,16920
2982,1464,1,211,11,-1,99999,-1,-1,-3,-1,1,16920
2983,1465,1,461,11,-1,99999,-1,-1,-3,-1,1,16920
2984,1465,1,180,2,-1,99999,-1,-1,-3,-1,1,16920
2985,1465,1,48,6,-1,99999,-1,-1,-3,-1,1,16920
2986,1465,1,97,4,-1,99999,-1,-1,-3,-1,1,16920
2987,1465,1,45,9,-1,99999,-1,-1,-3,-1,1,16920
2988,1466,1,19,6,-1,99999,-1,-1,-3,-1,1,16920
2989,1467,1,1,8,-1,99999,-1,-1,-3,-1,1,16920
2990,1468,1,235,8,-1,99999,-1,-1,-3,-1,1,16920
2991,1469,1,73,8,-1,99999,-1,-1,-3,-1,1,16920
2992,1470,1,466,5,-1,99999,-1,-1,-3,-1,1,16980
2993,1470,1,1,10,-1,99999,-1,-1,-3,-1,1,16980
2994,1470,1,33,6,-1,99999,-1,-1,-3,-1,1,16980
2995,1470,1,364,8,-1,99999,-1,-1,-3,-1,1,16980
2996,1470,1,54,10,-1,99999,-1,-1,-3,-1,1,16980
2997,1471,1,462,3,-1,99999,-1,-1,-3,-1,1,16980
2998,1472,1,470,6,-1,99999,-1,-1,-3,-1,1,16980
2999,1472,1,284,8,-1,99999,-1,-1,-3,-1,1,16980
3000,1472,1,385,6,-1,99999,-1,-1,-3,-1,1,16980
3001,1473,1,117,5,-1,99999,-1,-1,-3,-1,1,16980
3002,1474,1,321,11,-1,99999,-1,-1,-3,-1,1,16980
3003,1474,1,96,5,-1,99999,-1,-1,-3,-1,1,16980
3004,1475,1,114,10,-1,99999,-1,-1,-3,-1,1,16980
3005,1475,1,307,4,-1,99999,-1,-1,-3,-1,1,16980
3006,1476,1,346,5,-1,99999,-1,-1,-3,-1,1,16980
3007,1476,1,60,9,-1,99999,-1,-1,-3,-1,1,16980
3008,1476,1,46,10,-1,99999,-1,-1,-3,-1,1,16980
3009,1476,1,365,6,-1,99999,-1,-1,-3,-1,1,16980
3010,1476,1,177,12,-1,99999,-1,-1,-3,-1,1,16980
3011,1477,1,27,8,-1,99999,-1,-1,-3,-1,1,17040
3012,1477,1,226,6,-1,99999,-1,-1,-3,-1,1,17040
3013,1477,1,14,8,-1,99999,-1,-1,-3,-1,1,17040
3014,1477,1,206,8,-1,99999,-1,-1,-3,-1,1,17040
3015,1477,1,66,4,-1,99999,-1,-1,-3,-1,1,17040
3016,1477,1,0,12,-1,99999,-1,-1,-3,-1,1,17040
3017,1478,1,30,6,-1,99999,-1,-1,-3,-1,1,17040
3018,1479,1,79,8,-1,99999,-1,-1,-3,-1,1,17040
3019,1479,1,472,8,-1,99999,-1,-1,-3,-1,1,17040
3020,1480,1,57,10,-1,99999,-1,-1,-3,-1,1,17040
3021,1481,1,34,12,-1,99999,-1,-1,-3,-1,1,17040
3022,1481,1,11,8,-1,99999,-1,-1,-3,-1,1,17040
3023,1481,1,0,6,-1,99999,-1,-1,-3,-1,1,17040
3024,1481,1,15,3,-1,99999,-1,-1,-3,-1,1,17040
3025,1481,1,96,5,-1,99999,-1,-1,-3,-1,1,17040
3026,1482,1,32,5,-1,99999,-1,-1,-3,-1,1,17040
3027,1482,1,3,4,-1,99999,-1,-1,-3,-1,1,17040
3028,1482,1,221,3,-1,99999,-1,-1,-3,-1,1,17040
3029,1482,1,14,4,-1,99999,-1,-1,-3,-1,1,17040
3030,1482,1,30,10,-1,99999,-1,-1,-3,-1,1,17040
3031,1483,1,106,5,-1,99999,-1,-1,-3,-1,1,17040
3032,1483,1,94,4,-1,99999,-1,-1,-3,-1,1,17040
3033,1484,1,1,6,-1,99999,-1,-1,-3,-1,1,17040
3034,1484,1,42,6,-1,99999,-1,-1,-3,-1,1,17040
3035,1484,1,356,6,-1,99999,-1,-1,-3,-1,1,17040
3036,1485,1,82,9,-1,99999,-1,-1,-3,-1,1,17040
3037,1485,1,1,6,-1,99999,-1,-1,-3,-1,1,17040
3038,1485,1,26,8,-1,99999,-1,-1,-3,-1,1,17040
3039,1485,1,0,8,-1,99999,-1,-1,-3,-1,1,17040
3040,1486,1,0,8,-1,99999,-1,-1,-3,-1,1,17040
3041,1487,1,1,5,-1,99999,-1,-1,-3,-1,1,17040
3042,1488,1,4,8,-1,99999,-1,-1,-3,-1,1,17100
3043,1488,1,59,8,-1,99999,-1,-1,-3,-1,1,17100
3044,1488,1,30,4,-1,99999,-1,-1,-3,-1,1,17100
3045,1488,1,8,11,-1,99999,-1,-1,-3,-1,1,17100
3046,1488,1,44,10,-1,99999,-1,-1,-3,-1,1,17100
3047,1489,1,21,1,-1,99999,-1,-1,-3,-1,1,17100
3048,1489,1,401,10,-1,99999,-1,-1,-3,-1,1,17100
3049,1489,1,20,4,-1,99999,-1,-1,-3,-1,1,17100
3050,1489,1,71,8,-1,99999,-1,-1,-3,-1,1,17100
3051,1489,1,84,10,-1,99999,-1,-1,-3,-1,1,17100
3052,1489,1,132,6,-1,99999,-1,-1,-3,-1,1,17100
3053,1490,1,71,12,-1,99999,-1,-1,-3,-1,1,17100
3054,1491,1,1,6,-1,99999,-1,-1,-3,-1,1,17100
3055,1492,1,31,4,-1,99999,-1,-1,-3,-1,1,17100
3056,1493,1,47,8,-1,99999,-1,-1,-3,-1,1,17100
3057,1494,1,265,7,-1,99999,-1,-1,-3,-1,1,17100
3058,1495,1,49,7,-1,99999,-1,-1,-3,-1,1,17160
3059,1496,1,46,2,-1,99999,-1,-1,-3,-1,1,17160
3060,1496,1,184,6,-1,99999,-1,-1,-3,-1,1,17160
3061,1497,1,345,5,-1,99999,-1,-1,-3,-1,1,17160
3062,1497,1,357,8,-1,99999,-1,-1,-3,-1,1,17160
3063,1498,1,19,11,-1,99999,-1,-1,-3,-1,1,17160
3064,1498,1,14,2,-1,99999,-1,-1,-3,-1,1,17160
3065,1498,1,9,7,-1,99999,-1,-1,-3,-1,1,17160
3066,1498,1,215,8,-1,99999,-1,-1,-3,-1,1,17160
3067,1499,1,53,4,-1,99999,-1,-1,-3,-1,1,17220
3068,1499,1,51,5,-1,99999,-1,-1,-3,-1,1,17220
3069,1499,1,58,4,-1,99999,-1,-1,-3,-1,1,17220
3070,1499,1,2,11,-1,99999,-1,-1,-3,-1,1,17220
3071,1499,1,4,6,-1,99999,-1,-1,-3,-1,1,17220
3072,1499,1,359,8,-1,99999,-1,-1,-3,-1,1,17220
3073,1500,1,42,11,-1,99999,-1,-1,-3,-1,1,17220
3074,1501,1,0,8,-1,99999,-1,-1,-3,-1,1,17220
3075,1502,1,20,10,-1,99999,-1,-1,-3,-1,1,17220
3076,1503,1,102,6,-1,99999,-1,-1,-3,-1,1,17220
3077,1504,1,207,9,-1,99999,-1,-1,-3,-1,1,17220
3078,1505,1,336,7,-1,99999,-1,-1,-3,-1,1,17220
3079,1505,1,19,10,-1,99999,-1,-1,-3,-1,1,17220
3080,1505,1,0,2,-1,99999,-1,-1,-3,-1,1,17220
3081,1506,1,385,5,-1,99999,-1,-1,-3,-1,1,17220
3082,1507,1,15,4,-1,99999,-1,-1,-3,-1,1,17220
3083,1507,1,29,9,-1,99999,-1,-1,-3,-1,1,17220
3084,1508,1,26,2,-1,99999,-1,-1,-3,-1,1,17280
3085,1509,1,82,4,-1,99999,-1,-1,-3,-1,1,17340
3086,1509,1,219,6,-1,99999,-1,-1,-3,-1,1,17340
3087,1509,1,134,5,-1,99999,-1,-1,-3,-1,1,17340
3088,1509,1,17,8,-1,99999,-1,-1,-3,-1,1,17340
3089,1510,1,1,10,-1,99999,-1,-1,-3,-1,1,17340
3090,1510,1,3,12,-1,99999,-1,-1,-3,-1,1,17340
3091,1511,1,34,12,-1,99999,-1,-1,-3,-1,1,17340
3092,1511,1,49,8,-1,99999,-1,-1,-3,-1,1,17340
3093,1511,1,12,4,-1,99999,-1,-1,-3,-1,1,17340
3094,1511,1,154,8,-1,99999,-1,-1,-3,-1,1,17340
3095,1512,1,36,5,-1,99999,-1,-1,-3,-1,1,17340
3096,1513,1,340,8,-1,99999,-1,-1,-3,-1,1,17340
3097,1513,1,2,2,-1,99999,-1,-1,-3,-1,1,17340
3098,1513,1,0,10,-1,99999,-1,-1,-3,-1,1,17340
3099,1514,1,28,4,-1,99999,-1,-1,-3,-1,1,17340
3100,1514,1,36,6,-1,99999,-1,-1,-3,-1,1,17340
3101,1515,1,340,8,-1,99999,-1,-1,-3,-1,1,17340
3102,1515,1,38,2,-1,99999,-1,-1,-3,-1,1,17340
3103,1516,1,0,7,-1,99999,-1,-1,-3,-1,1,17340
3104,1517,1,374,12,-1,99999,-1,-1,-3,-1,1,17400
3105,1517,1,45,4,-1,99999,-1,-1,-3,-1,1,17400
3106,1517,1,70,12,-1,99999,-1,-1,-3,-1,1,17400
3107,1517,1,430,8,-1,99999,-1,-1,-3,-1,1,17400
3108,1518,1,10,6,-1,99999,-1,-1,-3,-1,1,17400
3109,1519,1,83,4,-1,99999,-1,-1,-3,-1,1,17400
3110,1519,1,10,10,-1,99999,-1,-1,-3,-1,1,17400
3111,1520,1,435,8,-1,99999,-1,-1,-3,-1,1,17400
3112,1521,1,27,6,-1,99999,-1,-1,-3,-1,1,17460
3113,1521,1,212,6,-1,99999,-1,-1,-3,-1,1,17460
3114,1521,1,46,10,-1,99999,-1,-1,-3,-1,1,17460
3115,1521,1,140,7,-1,99999,-1,-1,-3,-1,1,17460
3116,1522,1,103,6,-1,99999,-1,-1,-3,-1,1,17460
3117,1522,1,60,12,-1,99999,-1,-1,-3,-1,1,17460
3118,1522,1,139,8,-1,99999,-1,-1,-3,-1,1,17460
3119,1523,1,9,4,-1,99999,-1,-1,-3,-1,1,17460
3120,1524,1,102,6,-1,99999,-1,-1,-3,-1,1,17460
3121,1524,1,1,6,-1,99999,-1,-1,-3,-1,1,17460
3122,1524,1,185,5,-1,99999,-1,-1,-3,-1,1,17460
3123,1524,1,108,3,-1,99999,-1,-1,-3,-1,1,17460
3124,1525,1,144,8,-1,99999,-1,-1,-3,-1,1,17460
3125,1525,1,92,7,-1,99999,-1,-1,-3,-1,1,17460
3126,1526,1,149,9,-1,99999,-1,-1,-3,-1,1,17460
3127,1526,1,110,4,-1,99999,-1,-1,-3,-1,1,17460
3128,1527,1,0,7,-1,99999,-1,-1,-3,-1,1,17460
3129,1527,1,458,4,-1,99999,-1,-1,-3,-1,1,17460
3130,1527,1,50,9,-1,99999,-1,-1,-3,-1,1,17460
3131,1527,1,102,2,-1,99999,-1,-1,-3,-1,1,17460
3132,1527,1,140,12,-1,99999,-1,-1,-3,-1,1,17460
3133,1527,1,280,5,-1,99999,-1,-1,-3,-1,1,17460
3134,1528,1,67,10,-1,99999,-1,-1,-3,-1,1,17520
3135,1528,1,0,7,-1,99999,-1,-1,-3,-1,1,17520
3136,1529,1,3,4,-1,99999,-1,-1,-3,-1,1,17520
3137,1529,1,10,9,-1,99999,-1,-1,-3,-1,1,17520
3138,1529,1,242,4,-1,99999,-1,-1,-3,-1,1,17520
3139,1530,1,27,9,-1,99999,-1,-1,-3,-1,1,17520
3140,1530,1,1,5,-1,99999,-1,-1,-3,-1,1,17520
3141,1530,1,69,5,-1,99999,-1,-1,-3,-1,1,17520
3142,1531,1,210,10,-1,99999,-1,-1,-3,-1,1,17520
3143,1531,1,237,7,-1,99999,-1,-1,-3,-1,1,17520
3144,1531,1,3,6,-1,99999,-1,-1,-3,-1,1,17520
3145,1531,1,6,10,-1,99999,-1,-1,-3,-1,1,17520
3146,1531,1,248,6,-1,99999,-1,-1,-3,-1,1,17520
3147,1532,1,54,12,-1,99999,-1,-1,-3,-1,1,17520
3148,1532,1,0,4,-1,99999,-1,-1,-3,-1,1,17520
3149,1533,1,128,10,-1,99999,-1,-1,-3,-1,1,17520
3150,1534,1,10,8,-1,99999,-1,-1,-3,-1,1,17520
3151,1535,1,44,5,-1,99999,-1,-1,-3,-1,1,17520
3152,1536,1,2,6,-1,99999,-1,-1,-3,-1,1,17520
3153,1536,1,102,6,-1,99999,-1,-1,-3,-1,1,17520
3154,1537,1,2,7,-1,99999,-1,-1,-3,-1,1,17580
3155,1538,1,139,6,-1,99999,-1,-1,-3,-1,1,17580
3156,1539,1,39,7,-1,99999,-1,-1,-3,-1,1,17580
3157,1539,1,1,4,-1,99999,-1,-1,-3,-1,1,17580
3158,1540,1,44,5,-1,99999,-1,-1,-3,-1,1,17580
3159,1540,1,420,7,-1,99999,-1,-1,-3,-1,1,17580
3160,1541,1,386,8,-1,99999,-1,-1,-3,-1,1,17580
3161,1542,1,147,7,-1,99999,-1,-1,-3,-1,1,17640
3162,1543,1,127,9,-1,99999,-1,-1,-3,-1,1,17640
3163,1544,1,320,4,-1,99999,-1,-1,-3,-1,1,17640
3164,1545,1,43,12,-1,99999,-1,-1,-3,-1,1,17640
3165,1545,1,450,10,-1,99999,-1,-1,-3,-1,1,17640
3166,1546,1,478,9,-1,99999,-1,-1,-3,-1,1,17640
3167,1546,1,0,6,-1,99999,-1,-1,-3,-1,1,17640
3168,1547,1,37,8,-1,99999,-1,-1,-3,-1,1,17700
3169,1548,1,0,3,-1,99999,-1,-1,-3,-1,1,17700
3170,1549,1,3,3,-1,99999,-1,-1,-3,-1,1,17700
3171,1550,1,18,9,-1,99999,-1,-1,-3,-1,1,17700
3172,1551,1,7,9,-1,99999,-1,-1,-3,-1,1,17700
3173,1551,1,314,10,-1,99999,-1,-1,-3,-1,1,17700
3174,1551,1,41,8,-1,99999,-1,-1,-3,-1,1,17700
3175,1551,1,20,9,-1,99999,-1,-1,-3,-1,1,17700
3176,1552,1,23,8,-1,99999,-1,-1,-3,-1,1,17700
3177,1552,1,109,11,-1,99999,-1,-1,-3,-1,1,17700
3178,1553,1,43,1,-1,99999,-1,-1,-3,-1,1,17760
3179,1554,1,17,3,-1,99999,-1,-1,-3,-1,1,17760
3180,1554,1,159,6,-1,99999,-1,-1,-3,-1,1,17760
3181,1555,1,146,6,-1,99999,-1,-1,-3,-1,1,17760
3182,1556,1,31,6,-1,99999,-1,-1,-3,-1,1,17760
3183,1557,1,191,8,-1,99999,-1,-1,-3,-1,1,17760
3184,1557,1,21,4,-1,99999,-1,-1,-3,-1,1,17760
3185,1557,1,161,10,-1,99999,-1,-1,-3,-1,1,17760
3186,1557,1,48,7,-1,99999,-1,-1,-3,-1,1,17760
3187,1557,1,15,5,-1,99999,-1,-1,-3,-1,1,17760
3188,1558,1,34,8,-1,99999,-1,-1,-3,-1,1,17820
3189,1558,1,23,4,-1,99999,-1,-1,-3,-1,1,17820
3190,1559,1,274,6,-1,99999,-1,-1,-3,-1,1,17820
3191,1560,1,68,10,-1,99999,-1,-1,-3,-1,1,17820
3192,1561,1,25,11,-1,99999,-1,-1,-3,-1,1,17820
3193,1561,1,80,7,-1,99999,-1,-1,-3,-1,1,17820
3194,1562,1,40,11,-1,99999,-1,-1,-3,-1,1,17820
3195,1563,1,1,8,-1,99999,-1,-1,-3,-1,1,17820
3196,1563,1,25,10,-1,99999,-1,-1,-3,-1,1,17820
3197,1564,1,37,2,-1,99999,-1,-1,-3,-1,1,17820
3198,1565,1,322,3,-1,99999,-1,-1,-3,-1,1,17820
3199,1566,1,19,10,-1,99999,-1,-1,-3,-1,1,17880
3200,1566,1,11,6,-1,99999,-1,-1,-3,-1,1,17880
3201,1566,1,7,1,-1,99999,-1,-1,-3,-1,1,17880
3202,1567,1,222,2,-1,99999,-1,-1,-3,-1,1,17880
3203,1568,1,234,6,-1,99999,-1,-1,-3,-1,1,17880
3204,1569,1,249,6,-1,99999,-1,-1,-3,-1,1,17880
3205,1570,1,3,4,-1,99999,-1,-1,-3,-1,1,17880
3206,1571,1,297,2,-1,99999,-1,-1,-3,-1,1,17940
3207,1571,1,37,7,-1,99999,-1,-1,-3,-1,1,17940
3208,1571,1,261,8,-1,99999,-1,-1,-3,-1,1,17940
3209,1571,1,59,4,-1,99999,-1,-1,-3,-1,1,17940
3210,1572,1,433,2,-1,99999,-1,-1,-3,-1,1,17940
3211,1573,1,195,7,-1,99999,-1,-1,-3,-1,1,17940
3212,1573,1,11,6,-1,99999,-1,-1,-3,-1,1,17940
3213,1574,1,14,8,-1,99999,-1,-1,-3,-1,1,17940
3214,1575,1,181,8,-1,99999,-1,-1,-3,-1,1,18000
3215,1575,1,1,12,-1,99999,-1,-1,-3,-1,1,18000
3216,1575,1,44,6,-1,99999,-1,-1,-3,-1,1,18000
3217,1575,1,21,6,-1,99999,-1,-1,-3,-1,1,18000
3218,1575,1,42,3,-1,99999,-1,-1,-3,-1,1,18000
3219,1576,1,33,8,-1,99999,-1,-1,-3,-1,1,18000
3220,1577,1,16,7,-1,99999,-1,-1,-3,-1,1,18000
3221,1577,1,463,10,-1,99999,-1,-1,-3,-1,1,18000
3222,1577,1,21,10,-1,99999,-1,-1,-3,-1,1,18000
3223,1578,1,72,2,-1,99999,-1,-1,-3,-1,1,18000
3224,1578,1,42,10,-1,99999,-1,-1,-3,-1,1,18000
3225,1579,1,13,6,-1,99999,-1,-1,-3,-1,1,18060
3226,1580,1,116,7,-1,99999,-1,-1,-3,-1,1,18060
3227,1580,1,10,7,-1,99999,-1,-1,-3,-1,1,18060
3228,1580,1,30,10,-1,99999,-1,-1,-3,-1,1,18060
3229,1580,1,134,8,-1,99999,-1,-1,-3,-1,1,18060
3230,1581,1,5,11,-1,99999,-1,-1,-3,-1,1,18060
3231,1581,1,14,10,-1,99999,-1,-1,-3,-1,1,18060
3232,1581,1,136,8,-1,99999,-1,-1,-3,-1,1,18060
3233,1582,1,90,11,-1,99999,-1,-1,-3,-1,1,18060
3234,1583,1,19,8,-1,99999,-1,-1,-3,-1,1,18060
3235,1584,1,280,4,-1,99999,-1,-1,-3,-1,1,18060
3236,1585,1,0,4,-1,99999,-1,-1,-3,-1,1,18060
3237,1586,1,81,3,-1,99999,-1,-1,-3,-1,1,18060
3238,1586,1,28,7,-1,99999,-1,-1,-3,-1,1,18060
3239,1587,1,40,11,-1,99999,-1,-1,-3,-1,1,18120
3240,1588,1,147,8,-1,99999,-1,-1,-3,-1,1,18120
3241,1589,1,0,3,-1,99999,-1,-1,-3,-1,1,18120
3242,1590,1,35,10,-1,99999,-1,-1,-3,-1,1,18120
3243,1591,1,124,10,-1,99999,-1,-1,-3,-1,1,18120
3244,1591,1,91,10,-1,99999,-1,-1,-3,-1,1,18120
3245,1592,1,40,4,-1,99999,-1,-1,-3,-1,1,18120
3246,1593,1,56,8,-1,99999,-1,-1,-3,-1,1,18120
3247,1594,1,142,9,-1,99999,-1,-1,-3,-1,1,18120
3248,1595,1,1,7,-1,99999,-1,-1,-3,-1,1,18180
3249,1595,1,159,8,-1,99999,-1,-1,-3,-1,1,18180
3250,1596,1,22,4,-1,99999,-1,-1,-3,-1,1,18180
3251,1597,1,7,2,-1,99999,-1,-1,-3,-1,1,18180
3252,1598,1,59,5,-1,99999,-1,-1,-3,-1,1,18180
3253,1599,1,45,1,-1,99999,-1,-1,-3,-1,1,18180
3254,1600,1,0,10,-1,99999,-1,-1,-3,-1,1,18180
3255,1601,1,150,8,-1,99999,-1,-1,-3,-1,1,18180
3256,1602,1,64,4,-1,99999,-1,-1,-3,-1,1,18180
3257,1603,1,160,2,-1,99999,-1,-1,-3,-1,1,18180
3258,1603,1,75,10,-1,99999,-1,-1,-3,-1,1,18180
3259,1604,1,258,10,-1,99999,-1,-1,-3,-1,1,18180
3260,1605,1,29,10,-1,99999,-1,-1,-3,-1,1,18180
3261,1606,1,410,7,-1,99999,-1,-1,-3,-1,1,18240
3262,1607,1,54,4,-1,99999,-1,-1,-3,-1,1,18240
3263,1608,1,18,11,-1,99999,-1,-1,-3,-1,1,18240
3264,1609,1,106,11,-1,99999,-1,-1,-3,-1,1,18240
3265,1609,1,16,10,-1,99999,-1,-1,-3,-1,1,18240
3266,1610,1,386,7,-1,99999,-1,-1,-3,-1,1,18240
3267,1611,1,150,4,-1,99999,-1,-1,-3,-1,1,18240
3268,1612,1,14,4,-1,99999,-1,-1,-3,-1,1,18300
3269,1613,1,28,10,-1,99999,-1,-1,-3,-1,1,18300
3270,1613,1,159,6,-1,99999,-1,-1,-3,-1,1,18300
3271,1613,1,6,8,-1,99999,-1,-1,-3,-1,1,18300
3272,1613,1,325,2,-1,99999,-1,-1,-3,-1,1,18300
3273,1613,1,14,4,-1,99999,-1,-1,-3,-1,1,18300
3274,1613,1,160,8,-1,99999,-1,-1,-3,-1,1,18300
3275,1614,1,2,7,-1,99999,-1,-1,-3,-1,1,18300
3276,1614,1,162,3,-1,99999,-1,-1,-3,-1,1,18300
3277,1614,1,96,7,-1,99999,-1,-1,-3,-1,1,18300
3278,1614,1,374,2,-1,99999,-1,-1,-3,-1,1,18300
3279,1614,1,43,6,-1,99999,-1,-1,-3,-1,1,18300
3280,1615,1,14,6,-1,99999,-1,-1,-3,-1,1,18300
3281,1615,1,6,6,-1,99999,-1,-1,-3,-1,1,18300
3282,1616,1,0,4,-1,99999,-1,-1,-3,-1,1,18300
3283,1617,1,450,3,-1,99999,-1,-1,-3,-1,1,18300
3284,1618,1,4,9,-1,99999,-1,-1,-3,-1,1,18360
3285,1618,1,13,8,-1,99999,-1,-1,-3,-1,1,18360
3286,1618,1,130,5,-1,99999,-1,-1,-3,-1,1,18360
3287,1619,1,14,12,-1,99999,-1,-1,-3,-1,1,18360
3288,1620,1,20,3,-1,99999,-1,-1,-3,-1,1,18360
3289,1620,1,57,10,-1,99999,-1,-1,-3,-1,1,18360
3290,1620,1,32,8,-1,99999,-1,-1,-3,-1,1,18360
3291,1621,1,84,6,-1,99999,-1,-1,-3,-1,1,18360
3292,1622,1,18,7,-1,99999,-1,-1,-3,-1,1,18420
3293,1622,1,174,5,-1,99999,-1,-1,-3,-1,1,18420
3294,1622,1,26,2,-1,99999,-1,-1,-3,-1,1,18420
3295,1622,1,12,4,-1,99999,-1,-1,-3,-1,1,18420
3296,1622,1,321,4,-1,99999,-1,-1,-3,-1,1,18420
3297,1623,1,359,6,-1,99999,-1,-1,-3,-1,1,18420
3298,1624,1,18,3,-1,99999,-1,-1,-3,-1,1,18420
3299,1624,1,418,2,-1,99999,-1,-1,-3,-1,1,18420
3300,1624,1,345,4,-1,99999,-1,-1,-3,-1,1,18420
3301,1624,1,241,12,-1,99999,-1,-1,-3,-1,1,18420
3302,1624,1,30,7,-1,99999,-1,-1,-3,-1,1,18420
3303,1625,1,0,4,-1,99999,-1,-1,-3,-1,1,18420
3304,1626,1,277,5,-1,99999,-1,-1,-3,-1,1,18420
3305,1626,1,5,7,-1,99999,-1,-1,-3,-1,1,18420
3306,1626,1,38,6,-1,99999,-1,-1,-3,-1,1,18420
3307,1626,1,40,6,-1,99999,-1,-1,-3,-1,1,18420
3308,1627,1,34,6,-1,99999,-1,-1,-3,-1,1,18420
3309,1628,1,41,4,-1,99999,-1,-1,-3,-1,1,18420
3310,1628,1,260,4,-1,99999,-1,-1,-3,-1,1,18420
3311,1629,1,426,8,-1,99999,-1,-1,-3,-1,1,18540
3312,1630,1,43,3,-1,99999,-1,-1,-3,-1,1,18540
3313,1631,1,143,9,-1,99999,-1,-1,-3,-1,1,18540
3314,1631,1,0,8,-1,99999,-1,-1,-3,-1,1,18540
3315,1631,1,137,6,-1,99999,-1,-1,-3,-1,1,18540
3316,1631,1,3,7,-1,99999,-1,-1,-3,-1,1,18540
3317,1632,1,333,12,-1,99999,-1,-1,-3,-1,1,18600
3318,1633,1,41,4,-1,99999,-1,-1,-3,-1,1,18600
3319,1634,1,6,4,-1,99999,-1,-1,-3,-1,1,18600
3320,1634,1,86,4,-1,99999,-1,-1,-3,-1,1,18600
3321,1634,1,185,7,-1,99999,-1,-1,-3,-1,1,18600
3322,1634,1,17,5,-1,99999,-1,-1,-3,-1,1,18600
3323,1634,1,412,3,-1,99999,-1,-1,-3,-1,1,18600
3324,1634,1,91,10,-1,99999,-1,-1,-3,-1,1,18600
3325,1635,1,22,7,-1,99999,-1,-1,-3,-1,1,18600
3326,1636,1,230,4,-1,99999,-1,-1,-3,-1,1,18600
3327,1636,1,39,10,-1,99999,-1,-1,-3,-1,1,18600
3328,1637,1,14,6,-1,99999,-1,-1,-3,-1,1,18600
3329,1638,1,16,8,-1,99999,-1,-1,-3,-1,1,18600
3330,1639,1,458,6,-1,99999,-1,-1,-3,-1,1,18660
3331,1640,1,139,4,-1,99999,-1,-1,-3,-1,1,18660
3332,1640,1,301,7,-1,99999,-1,-1,-3,-1,1,18660
3333,1641,1,45,9,-1,99999,-1,-1,-3,-1,1,18720
3334,1641,1,21,8,-1,99999,-1,-1,-3,-1,1,18720
3335,1641,1,34,2,-1,99999,-1,-1,-3,-1,1,18720
3336,1642,1,482,4,-1,99999,-1,-1,-3,-1,1,18720
3337,1643,1,117,10,-1,99999,-1,-1,-3,-1,1,18720
3338,1644,1,24,6,-1,99999,-1,-1,-3,-1,1,18720
3339,1644,1,13,10,-1,99999,-1,-1,-3,-1,1,18720
3340,1645,1,76,9,-1,99999,-1,-1,-3,-1,1,18720
3341,1645,1,306,8,-1,99999,-1,-1,-3,-1,1,18720
3342,1645,1,16,9,-1,99999,-1,-1,-3,-1,1,18720
3343,1646,1,105,1,-1,99999,-1,-1,-3,-1,1,18780
3344,1646,1,52,7,-1,99999,-1,-1,-3,-1,1,18780
3345,1646,1,13,6,-1,99999,-1,-1,-3,-1,1,18780
3346,1647,1,425,6,-1,99999,-1,-1,-3,-1,1,18780
3347,1648,1,360,10,-1,99999,-1,-1,-3,-1,1,18780
3348,1649,1,83,8,-1,99999,-1,-1,-3,-1,1,18780
3349,1649,1,3,8,-1,99999,-1,-1,-3,-1,1,18780
3350,1650,1,12,9,-1,99999,-1,-1,-3,-1,1,18780
3351,1650,1,317,10,-1,99999,-1,-1,-3,-1,1,18780
3352,1651,1,18,4,-1,99999,-1,-1,-3,-1,1,18840
3353,1651,1,319,7,-1,99999,-1,-1,-3,-1,1,18840
3354,1651,1,9,9,-1,99999,-1,-1,-3,-1,1,18840
3355,1651,1,139,4,-1,99999,-1,-1,-3,-1,1,18840
3356,1651,1,7,4,-1,99999,-1,-1,-3,-1,1,18840
3357,1652,1,63,6,-1,99999,-1,-1,-3,-1,1,18900
3358,1653,1,88,5,-1,99999,-1,-1,-3,-1,1,18900
3359,1653,1,246,6,-1,99999,-1,-1,-3,-1,1,18900
3360,1654,1,14,5,-1,99999,-1,-1,-3,-1,1,18900
3361,1654,1,103,6,-1,99999,-1,-1,-3,-1,1,18900
3362,1654,1,11,10,-1,99999,-1,-1,-3,-1,1,18900
3363,1655,1,150,7,-1,99999,-1,-1,-3,-1,1,18960
3364,1656,1,7,11,-1,99999,-1,-1,-3,-1,1,18960
3365,1657,1,192,5,-1,99999,-1,-1,-3,-1,1,18960
3366,1657,1,1,8,-1,99999,-1,-1,-3,-1,1,18960
3367,1658,1,82,10,-1,99999,-1,-1,-3,-1,1,18960
3368,1658,1,43,6,-1,99999,-1,-1,-3,-1,1,18960
3369,1658,1,19,8,-1,99999,-1,-1,-3,-1,1,18960
3370,1659,1,414,10,-1,99999,-1,-1,-3,-1,1,18960
3371,1660,1,11,5,-1,99999,-1,-1,-3,-1,1,18960
3372,1661,1,11,9,-1,99999,-1,-1,-3,-1,1,19020
3373,1662,1,0,6,-1,99999,-1,-1,-3,-1,1,19020
3374,1662,1,7,4,-1,99999,-1,-1,-3,-1,1,19020
3375,1662,1,106,2,-1,99999,-1,-1,-3,-1,1,19020
3376,1662,1,41,10,-1,99999,-1,-1,-3,-1,1,19020
3377,1662,1,302,8,-1,99999,-1,-1,-3,-1,1,19020
3378,1663,1,0,6,-1,99999,-1,-1,-3,-1,1,19020
3379,1663,1,26,2,-1,99999,-1,-1,-3,-1,1,19020
3380,1664,1,137,6,-1,99999,-1,-1,-3,-1,1,19020
3381,1665,1,421,8,-1,99999,-1,-1,-3,-1,1,19020
3382,1666,1,63,10,-1,99999,-1,-1,-3,-1,1,19020
3383,1667,1,152,6,-1,99999,-1,-1,-3,-1,1,19080
3384,1668,1,89,12,-1,99999,-1,-1,-3,-1,1,19080
3385,1668,1,27,11,-1,99999,-1,-1,-3,-1,1,19080
3386,1668,1,18,10,-1,99999,-1,-1,-3,-1,1,19080
3387,1668,1,3,7,-1,99999,-1,-1,-3,-1,1,19080
3388,1668,1,121,1,-1,99999,-1,-1,-3,-1,1,19080
3389,1669,1,197,9,-1,99999,-1,-1,-3,-1,1,19140
3390,1670,1,18,8,-1,99999,-1,-1,-3,-1,1,19140
3391,1670,1,4,3,-1,99999,-1,-1,-3,-1,1,19140
3392,1670,1,68,9,-1,99999,-1,-1,-3,-1,1,19140
3393,1670,1,203,5,-1,99999,-1,-1,-3,-1,1,19140
3394,1670,1,12,5,-1,99999,-1,-1,-3,-1,1,19140
3395,1671,1,380,3,-1,99999,-1,-1,-3,-1,1,19140
3396,1672,1,446,8,-1,99999,-1,-1,-3,-1,1,19140
3397,1672,1,93,8,-1,99999,-1,-1,-3,-1,1,19140
3398,1673,1,250,11,-1,99999,-1,-1,-3,-1,1,19140
3399,1673,1,2,8,-1,99999,-1,-1,-3,-1,1,19140
3400,1674,1,245,10,-1,99999,-1,-1,-3,-1,1,19140
3401,1675,1,253,8,-1,99999,-1,-1,-3,-1,1,19200
3402,1676,1,5,6,-1,99999,-1,-1,-3,-1,1,19200
3403,1677,1,29,5,-1,99999,-1,-1,-3,-1,1,19200
3404,1678,1,125,8,-1,99999,-1,-1,-3,-1,1,19200
3405,1678,1,33,4,-1,99999,-1,-1,-3,-1,1,19200
3406,1679,1,36,8,-1,99999,-1,-1,-3,-1,1,19200
3407,1680,1,246,6,-1,99999,-1,-1,-3,-1,1,19200
3408,1681,1,30,3,-1,99999,-1,-1,-3,-1,1,19260
3409,1681,1,333,10,-1,99999,-1,-1,-3,-1,1,19260
3410,1681,1,355,6,-1,99999,-1,-1,-3,-1,1,19260
3411,1681,1,40,3,-1,99999,-1,-1,-3,-1,1,19260
3412,1682,1,282,6,-1,99999,-1,-1,-3,-1,1,19260
3413,1683,1,38,6,-1,99999,-1,-1,-3,-1,1,19260
3414,1684,1,24,12,-1,99999,-1,-1,-3,-1,1,19260
3415,1685,1,136,10,-1,99999,-1,-1,-3,-1,1,19320
3416,1685,1,363,11,-1,99999,-1,-1,-3,-1,1,19320
3417,1686,1,1,2,-1,99999,-1,-1,-3,-1,1,19320
3418,1686,1,8,6,-1,99999,-1,-1,-3,-1,1,19320
3419,1687,1,175,4,-1,99999,-1,-1,-3,-1,1,19320
3420,1687,1,5,1,-1,99999,-1,-1,-3,-1,1,19320
3421,1688,1,1,1,-1,99999,-1,-1,-3,-1,1,19320
3422,1688,1,174,4,-1,99999,-1,-1,-3,-1,1,19320
3423,1689,1,196,1,-1,99999,-1,-1,-3,-1,1,19320
3424,1690,1,2,2,-1,99999,-1,-1,-3,-1,1,19320
3425,1691,1,1,3,-1,99999,-1,-1,-3,-1,1,19320
3426,1692,1,1,6,-1,99999,-1,-1,-3,-1,1,19380
3427,1692,1,104,6,-1,99999,-1,-1,-3,-1,1,19380
3428,1693,1,26,4,-1,99999,-1,-1,-3,-1,1,19380
3429,1693,1,12,5,-1,99999,-1,-1,-3,-1,1,19380
3430,1694,1,30,11,-1,99999,-1,-1,-3,-1,1,19380
3431,1695,1,3,2,-1,99999,-1,-1,-3,-1,1,19380
3432,1696,1,3,4,-1,99999,-1,-1,-3,-1,1,19380
3433,1696,1,284,12,-1,99999,-1,-1,-3,-1,1,19380
3434,1697,1,64,6,-1,99999,-1,-1,-3,-1,1,19380
3435,1697,1,102,6,-1,99999,-1,-1,-3,-1,1,19380
3436,1697,1,25,3,-1,99999,-1,-1,-3,-1,1,19380
3437,1697,1,118,10,-1,99999,-1,-1,-3,-1,1,19380
3438,1698,1,43,8,-1,99999,-1,-1,-3,-1,1,19440
3439,1698,1,50,7,-1,99999,-1,-1,-3,-1,1,19440
3440,1699,1,141,10,-1,99999,-1,-1,-3,-1,1,19440
3441,1699,1,14,6,-1,99999,-1,-1,-3,-1,1,19440
3442,1699,1,349,8,-1,99999,-1,-1,-3,-1,1,19440
3443,1700,1,0,5,-1,99999,-1,-1,-3,-1,1,19440
3444,1701,1,60,9,-1,99999,-1,-1,-3,-1,1,19440
3445,1701,1,178,2,-1,99999,-1,-1,-3,-1,1,19440
3446,1701,1,49,5,-1,99999,-1,-1,-3,-1,1,19440
3447,1701,1,72,3,-1,99999,-1,-1,-3,-1,1,19440
3448,1702,1,19,5,-1,99999,-1,-1,-3,-1,1,19440
3449,1702,1,25,8,-1,99999,-1,-1,-3,-1,1,19440
3450,1702,1,317,8,-1,99999,-1,-1,-3,-1,1,19440
3451,1703,1,207,4,-1,99999,-1,-1,-3,-1,1,19440
3452,1703,1,46,10,-1,99999,-1,-1,-3,-1,1,19440
3453,1703,1,74,7,-1,99999,-1,-1,-3,-1,1,19440
3454,1704,1,437,7,-1,99999,-1,-1,-3,-1,1,19500
3455,1705,1,33,6,-1,99999,-1,-1,-3,-1,1,19500
3456,1706,1,13,3,-1,99999,-1,-1,-3,-1,1,19500
3457,1706,1,4,4,-1,99999,-1,-1,-3,-1,1,19500
3458,1707,1,2,8,-1,99999,-1,-1,-3,-1,1,19500
3459,1707,1,10,3,-1,99999,-1,-1,-3,-1,1,19500
3460,1708,1,30,2,-1,99999,-1,-1,-3,-1,1,19560
3461,1709,1,10,8,-1,99999,-1,-1,-3,-1,1,19560
3462,1710,1,16,7,-1,99999,-1,-1,-3,-1,1,19560
3463,1711,1,107,6,-1,99999,-1,-1,-3,-1,1,19620
3464,1711,1,72,4,-1,99999,-1,-1,-3,-1,1,19620
3465,1712,1,0,2,-1,99999,-1,-1,-3,-1,1,19620
3466,1713,1,44,10,-1,99999,-1,-1,-3,-1,1,19620
3467,1713,1,151,8,-1,99999,-1,-1,-3,-1,1,19620
3468,1713,1,18,10,-1,99999,-1,-1,-3,-1,1,19620
3469,1713,1,102,10,-1,99999,-1,-1,-3,-1,1,19620
3470,1713,1,170,1,-1,99999,-1,-1,-3,-1,1,19620
3471,1714,1,24,2,-1,99999,-1,-1,-3,-1,1,19620
3472,1715,1,51,12,-1,99999,-1,-1,-3,-1,1,19620
3473,1716,1,48,10,-1,99999,-1,-1,-3,-1,1,19620
3474,1717,1,234,5,-1,99999,-1,-1,-3,-1,1,19680
3475,1718,1,204,10,-1,99999,-1,-1,-3,-1,1,19680
3476,1719,1,0,8,-1,99999,-1,-1,-3,-1,1,19680
3477,1720,1,193,6,-1,99999,-1,-1,-3,-1,1,19680
3478,1721,1,3,11,-1,99999,-1,-1,-3,-1,1,19680
3479,1721,1,410,8,-1,99999,-1,-1,-3,-1,1,19680
3480,1722,1,15,4,-1,99999,-1,-1,-3,-1,1,19680
3481,1723,1,455,10,-1,99999,-1,-1,-3,-1,1,19740
3482,1724,1,21,6,-1,99999,-1,-1,-3,-1,1,19740
3483,1725,1,219,8,-1,99999,-1,-1,-3,-1,1,19740
3484,1726,1,79,5,-1,99999,-1,-1,-3,-1,1,19740
3485,1726,1,10,5,-1,99999,-1,-1,-3,-1,1,19740
3486,1727,1,167,10,-1,99999,-1,-1,-3,-1,1,19740
3487,1727,1,20,8,-1,99999,-1,-1,-3,-1,1,19740
3488,1727,1,13,10,-1,99999,-1,-1,-3,-1,1,19740
3489,1728,1,51,2,-1,99999,-1,-1,-3,-1,1,19740
3490,1728,1,184,9,-1,99999,-1,-1,-3,-1,1,19740
3491,1729,1,162,7,-1,99999,-1,-1,-3,-1,1,19740
3492,1730,1,28,8,-1,99999,-1,-1,-3,-1,1,19740
3493,1730,1,113,9,-1,99999,-1,-1,-3,-1,1,19740
3494,1731,1,4,2,-1,99999,-1,-1,-3,-1,1,19800
3495,1732,1,269,5,-1,99999,-1,-1,-3,-1,1,19800
3496,1733,1,38,6,-1,99999,-1,-1,-3,-1,1,19800
3497,1733,1,39,5,-1,99999,-1,-1,-3,-1,1,19800
3498,1733,1,55,6,-1,99999,-1,-1,-3,-1,1,19800
3499,1733,1,0,11,-1,99999,-1,-1,-3,-1,1,19800
3500,1734,1,42,9,-1,99999,-1,-1,-3,-1,1,19800
3501,1734,1,47,4,-1,99999,-1,-1,-3,-1,1,19800
3502,1735,1,0,6,-1,99999,-1,-1,-3,-1,1,19800
3503,1736,1,45,12,-1,99999,-1,-1,-3,-1,1,19860
3504,1736,1,43,8,-1,99999,-1,-1,-3,-1,1,19860
3505,1737,1,12,4,-1,99999,-1,-1,-3,-1,1,19860
3506,1738,1,194,6,-1,99999,-1,-1,-3,-1,1,19860
3507,1738,1,20,12,-1,99999,-1,-1,-3,-1,1,19860
3508,1738,1,64,8,-1,99999,-1,-1,-3,-1,1,19860
3509,1739,1,444,5,-1,99999,-1,-1,-3,-1,1,19860
3510,1739,1,86,8,-1,99999,-1,-1,-3,-1,1,19860
3511,1739,1,14,1,-1,99999,-1,-1,-3,-1,1,19860
3512,1740,1,12,6,-1,99999,-1,-1,-3,-1,1,19920
3513,1740,1,166,4,-1,99999,-1,-1,-3,-1,1,19920
3514,1740,1,14,5,-1,99999,-1,-1,-3,-1,1,19920
3515,1740,1,15,2,-1,99999,-1,-1,-3,-1,1,19920
3516,1741,1,15,11,-1,99999,-1,-1,-3,-1,1,19920
3517,1742,1,44,4,-1,99999,-1,-1,-3,-1,1,19920
3518,1743,1,40,4,-1,99999,-1,-1,-3,-1,1,19920
3519,1744,1,0,10,-1,99999,-1,-1,-3,-1,1,19920
3520,1745,1,34,9,-1,99999,-1,-1,-3,-1,1,19980
3521,1746,1,14,9,-1,99999,-1,-1,-3,-1,1,19980
3522,1747,1,113,6,-1,99999,-1,-1,-3,-1,1,19980
3523,1747,1,83,6,-1,99999,-1,-1,-3,-1,1,19980
3524,1748,1,461,2,-1,99999,-1,-1,-3,-1,1,19980
3525,1748,1,60,9,-1,99999,-1,-1,-3,-1,1,19980
3526,1749,1,390,8,-1,99999,-1,-1,-3,-1,1,19980
3527,1750,1,4,8,-1,99999,-1,-1,-3,-1,1,19980
3528,1751,1,56,4,-1,99999,-1,-1,-3,-1,1,19980
3529,1752,1,102,7,-1,99999,-1,-1,-3,-1,1,19980
3530,1752,1,133,2,-1,99999,-1,-1,-3,-1,1,19980
3531,1753,1,6,9,-1,99999,-1,-1,-3,-1,1,20040
3532,1753,1,47,7,-1,99999,-1,-1,-3,-1,1,20040
3533,1753,1,99,10,-1,99999,-1,-1,-3,-1,1,20040
3534,1754,1,42,4,-1,99999,-1,-1,-3,-1,1,20040
3535,1754,1,7,10,-1,99999,-1,-1,-3,-1,1,20040
3536,1754,1,4,8,-1,99999,-1,-1,-3,-1,1,20040
3537,1755,1,36,6,-1,99999,-1,-1,-3,-1,1,20040
3538,1755,1,236,4,-1,99999,-1,-1,-3,-1,1,20040
3539,1756,1,44,8,-1,99999,-1,-1,-3,-1,1,20040
3540,1757,1,244,8,-1,99999,-1,-1,-3,-1,1,20040
3541,1757,1,314,5,-1,99999,-1,-1,-3,-1,1,20040
3542,1758,1,312,10,-1,99999,-1,-1,-3,-1,1,20040
3543,1759,1,484,7,-1,99999,-1,-1,-3,-1,1,20040
3544,1759,1,199,10,-1,99999,-1,-1,-3,-1,1,20040
3545,1760,1,145,2,-1,99999,-1,-1,-3,-1,1,20100
3546,1760,1,47,8,-1,99999,-1,-1,-3,-1,1,20100
3547,1760,1,4,6,-1,99999,-1,-1,-3,-1,1,20100
3548,1760,1,6,4,-1,99999,-1,-1,-3,-1,1,20100
3549,1761,1,443,7,-1,99999,-1,-1,-3,-1,1,20100
3550,1761,1,30,8,-1,99999,-1,-1,-3,-1,1,20100
3551,1762,1,3,8,-1,99999,-1,-1,-3,-1,1,20100
3552,1763,1,187,8,-1,99999,-1,-1,-3,-1,1,20100
3553,1764,1,191,11,-1,99999,-1,-1,-3,-1,1,20160
3554,1765,1,65,8,-1,99999,-1,-1,-3,-1,1,20160
3555,1765,1,456,5,-1,99999,-1,-1,-3,-1,1,20160
3556,1766,1,2,9,-1,99999,-1,-1,-3,-1,1,20160
3557,1767,1,305,6,-1,99999,-1,-1,-3,-1,1,20160
3558,1768,1,79,2,-1,99999,-1,-1,-3,-1,1,20160
3559,1769,1,6,6,-1,99999,-1,-1,-3,-1,1,20280
3560,1769,1,466,4,-1,99999,-1,-1,-3,-1,1,20280
3561,1769,1,89,7,-1,99999,-1,-1,-3,-1,1,20280
3562,1770,1,22,7,-1,99999,-1,-1,-3,-1,1,20280
3563,1770,1,21,8,-1,99999,-1,-1,-3,-1,1,20280
3564,1771,1,79,6,-1,99999,-1,-1,-3,-1,1,20280
3565,1772,1,109,4,-1,99999,-1,-1,-3,-1,1,20340
3566,1773,1,246,10,-1,99999,-1,-1,-3,-1,1,20340
3567,1774,1,101,1,-1,99999,-1,-1,-3,-1,1,20340
3568,1774,1,4,2,-1,99999,-1,-1,-3,-1,1,20340
3569,1775,1,341,8,-1,99999,-1,-1,-3,-1,1,20340
3570,1776,1,301,8,-1,99999,-1,-1,-3,-1,1,20400
3571,1776,1,21,7,-1,99999,-1,-1,-3,-1,1,20400
3572,1777,1,146,6,-1,99999,-1,-1,-3,-1,1,20400
3573,1778,1,30,10,-1,99999,-1,-1,-3,-1,1,20400
3574,1779,1,215,9,-1,99999,-1,-1,-3,-1,1,20400
3575,1780,1,477,7,-1,99999,-1,-1,-3,-1,1,20460
3576,1780,1,4,10,-1,99999,-1,-1,-3,-1,1,20460
3577,1781,1,2,8,-1,99999,-1,-1,-3,-1,1,20460
3578,1782,1,5,4,-1,99999,-1,-1,-3,-1,1,20460
3579,1783,1,67,5,-1,99999,-1,-1,-3,-1,1,20460
3580,1783,1,12,7,-1,99999,-1,-1,-3,-1,1,20460
3581,1783,1,16,8,-1,99999,-1,-1,-3,-1,1,20460
3582,1784,1,166,8,-1,99999,-1,-1,-3,-1,1,20460
3583,1784,1,79,4,-1,99999,-1,-1,-3,-1,1,20460
3584,1784,1,164,12,-1,99999,-1,-1,-3,-1,1,20460
3585,1784,1,71,11,-1,99999,-1,-1,-3,-1,1,20460
3586,1785,1,2,4,-1,99999,-1,-1,-3,-1,1,20520
3587,1785,1,85,2,-1,99999,-1,-1,-3,-1,1,20520
3588,1786,1,399,6,-1,99999,-1,-1,-3,-1,1,20520
3589,1787,1,38,5,-1,99999,-1,-1,-3,-1,1,20520
3590,1788,1,31,7,-1,99999,-1,-1,-3,-1,1,20520
3591,1789,1,7,11,-1,99999,-1,-1,-3,-1,1,20520
3592,1789,1,0,5,-1,99999,-1,-1,-3,-1,1,20520
3593,1790,1,14,7,-1,99999,-1,-1,-3,-1,1,20520
3594,1791,1,77,6,-1,99999,-1,-1,-3,-1,1,20520
3595,1791,1,175,4,-1,99999,-1,-1,-3,-1,1,20520
3596,1792,1,216,4,-1,99999,-1,-1,-3,-1,1,20520
3597,1793,1,27,8,-1,99999,-1,-1,-3,-1,1,20520
3598,1794,1,4,8,-1,99999,-1,-1,-3,-1,1,20580
3599,1795,1,420,8,-1,99999,-1,-1,-3,-1,1,20580
3600,1796,1,116,7,-1,99999,-1,-1,-3,-1,1,20580
3601,1796,1,5,8,-1,99999,-1,-1,-3,-1,1,20580
3602,1796,1,1,10,-1,99999,-1,-1,-3,-1,1,20580
3603,1796,1,168,3,-1,99999,-1,-1,-3,-1,1,20580
3604,1796,1,152,1,-1,99999,-1,-1,-3,-1,1,20580
3605,1796,1,86,9,-1,99999,-1,-1,-3,-1,1,20580
3606,1797,1,98,9,-1,99999,-1,-1,-3,-1,1,20580
3607,1798,1,212,5,-1,99999,-1,-1,-3,-1,1,20580
3608,1799,1,265,3,-1,99999,-1,-1,-3,-1,1,20580
3609,1800,1,8,1,-1,99999,-1,-1,-3,-1,1,20640
3610,1800,1,33,3,-1,99999,-1,-1,-3,-1,1,20640
3611,1800,1,415,8,-1,99999,-1,-1,-3,-1,1,20640
3612,1801,1,37,4,-1,99999,-1,-1,-3,-1,1,20640
3613,1802,1,38,6,-1,99999,-1,-1,-3,-1,1,20640
3614,1803,1,125,8,-1,99999,-1,-1,-3,-1,1,20640
3615,1803,1,46,1,-1,99999,-1,-1,-3,-1,1,20640
3616,1803,1,0,9,-1,99999,-1,-1,-3,-1,1,20640
3617,1803,1,138,4,-1,99999,-1,-1,-3,-1,1,20640
3618,1803,1,279,5,-1,99999,-1,-1,-3,-1,1,20640
3619,1803,1,144,6,-1,99999,-1,-1,-3,-1,1,20640
3620,1804,1,16,1,-1,99999,-1,-1,-3,-1,1,20640
3621,1805,1,25,8,-1,99999,-1,-1,-3,-1,1,20640
3622,1805,1,49,7,-1,99999,-1,-1,-3,-1,1,20640
3623,1805,1,2,5,-1,99999,-1,-1,-3,-1,1,20640
3624,1806,1,29,6,-1,99999,-1,-1,-3,-1,1,20700
3625,1807,1,100,4,-1,99999,-1,-1,-3,-1,1,20700
3626,1808,1,34,8,-1,99999,-1,-1,-3,-1,1,20700
3627,1809,1,0,3,-1,99999,-1,-1,-3,-1,1,20700
3628,1809,1,4,7,-1,99999,-1,-1,-3,-1,1,20700
3629,1809,1,17,6,-1,99999,-1,-1,-3,-1,1,20700
3630,1809,1,89,5,-1,99999,-1,-1,-3,-1,1,20700
3631,1809,1,149,9,-1,99999,-1,-1,-3,-1,1,20700
3632,1810,1,271,8,-1,99999,-1,-1,-3,-1,1,20700
3633,1811,1,94,12,-1,99999,-1,-1,-3,-1,1,20700
3634,1811,1,366,4,-1,99999,-1,-1,-3,-1,1,20700
3635,1811,1,102,11,-1,99999,-1,-1,-3,-1,1,20700
3636,1812,1,108,10,-1,99999,-1,-1,-3,-1,1,20700
3637,1812,1,42,7,-1,99999,-1,-1,-3,-1,1,20700
3638,1812,1,8,5,-1,99999,-1,-1,-3,-1,1,20700
3639,1812,1,19,5,-1,99999,-1,-1,-3,-1,1,20700
3640,1813,1,352,3,-1,99999,-1,-1,-3,-1,1,20700
3641,1814,1,43,6,-1,99999,-1,-1,-3,-1,1,20700
3642,1815,1,58,9,-1,99999,-1,-1,-3,-1,1,20700
3643,1815,1,12,8,-1,99999,-1,-1,-3,-1,1,20700
3644,1815,1,2,8,-1,99999,-1,-1,-3,-1,1,20700
3645,1815,1,63,1,-1,99999,-1,-1,-3,-1,1,20700
3646,1816,1,15,6,-1,99999,-1,-1,-3,-1,1,20700
3647,1816,1,385,2,-1,99999,-1,-1,-3,-1,1,20700
3648,1816,1,5,6,-1,99999,-1,-1,-3,-1,1,20700
3649,1817,1,26,6,-1,99999,-1,-1,-3,-1,1,20760
3650,1817,1,41,6,-1,99999,-1,-1,-3,-1,1,20760
3651,1817,1,2,4,-1,99999,-1,-1,-3,-1,1,20760
3652,1818,1,219,8,-1,99999,-1,-1,-3,-1,1,20760
3653,1819,1,164,8,-1,99999,-1,-1,-3,-1,1,20820
3654,1819,1,423,4,-1,99999,-1,-1,-3,-1,1,20820
3655,1820,1,133,4,-1,99999,-1,-1,-3,-1,1,20820
3656,1820,1,242,4,-1,99999,-1,-1,-3,-1,1,20820
3657,1821,1,37,8,-1,99999,-1,-1,-3,-1,1,20820
3658,1821,1,327,4,-1,99999,-1,-1,-3,-1,1,20820
3659,1821,1,67,6,-1,99999,-1,-1,-3,-1,1,20820
3660,1822,1,199,6,-1,99999,-1,-1,-3,-1,1,20820
3661,1823,1,1,8,-1,99999,-1,-1,-3,-1,1,20820
3662,1823,1,253,5,-1,99999,-1,-1,-3,-1,1,20820
3663,1824,1,19,6,-1,99999,-1,-1,-3,-1,1,20880
3664,1824,1,12,3,-1,99999,-1,-1,-3,-1,1,20880
3665,1825,1,127,10,-1,99999,-1,-1,-3,-1,1,20880
3666,1825,1,94,6,-1,99999,-1,-1,-3,-1,1,20880
3667,1826,1,199,9,-1,99999,-1,-1,-3,-1,1,20940
3668,1826,1,19,4,-1,99999,-1,-1,-3,-1,1,20940
3669,1827,1,430,8,-1,99999,-1,-1,-3,-1,1,20940
3670,1827,1,2,5,-1,99999,-1,-1,-3,-1,1,20940
3671,1827,1,10,4,-1,99999,-1,-1,-3,-1,1,20940
3672,1827,1,24,4,-1,99999,-1,-1,-3,-1,1,20940
3673,1828,1,16,6,-1,99999,-1,-1,-3,-1,1,20940
3674,1829,1,2,10,-1,99999,-1,-1,-3,-1,1,20940
3675,1829,1,279,10,-1,99999,-1,-1,-3,-1,1,20940
3676,1829,1,47,8,-1,99999,-1,-1,-3,-1,1,20940
3677,1829,1,22,10,-1,99999,-1,-1,-3,-1,1,20940
3678,1829,1,31,4,-1,99999,-1,-1,-3,-1,1,20940
3679,1830,1,1,4,-1,99999,-1,-1,-3,-1,1,20940
3680,1830,1,79,4,-1,99999,-1,-1,-3,-1,1,20940
3681,1831,1,324,4,-1,99999,-1,-1,-3,-1,1,20940
3682,1832,1,162,5,-1,99999,-1,-1,-3,-1,1,20940
3683,1833,1,198,8,-1,99999,-1,-1,-3,-1,1,21000
3684,1833,1,235,2,-1,99999,-1,-1,-3,-1,1,21000
3685,1834,1,204,2,-1,99999,-1,-1,-3,-1,1,21000
3686,1835,1,26,5,-1,99999,-1,-1,-3,-1,1,21000
3687,1836,1,140,6,-1,99999,-1,-1,-3,-1,1,21000
3688,1836,1,2,4,-1,99999,-1,-1,-3,-1,1,21000
3689,1836,1,84,12,-1,99999,-1,-1,-3,-1,1,21000
3690,1837,1,4,3,-1,99999,-1,-1,-3,-1,1,21000
3691,1838,1,7,9,-1,99999,-1,-1,-3,-1,1,21000
3692,1839,1,188,4,-1,99999,-1,-1,-3,-1,1,21000
3693,1840,1,88,7,-1,99999,-1,-1,-3,-1,1,21060
3694,1841,1,13,7,-1,99999,-1,-1,-3,-1,1,21060
3695,1842,1,180,8,-1,99999,-1,-1,-3,-1,1,21060
3696,1843,1,148,2,-1,99999,-1,-1,-3,-1,1,21060
3697,1843,1,244,8,-1,99999,-1,-1,-3,-1,1,21060
3698,1844,1,94,7,-1,99999,-1,-1,-3,-1,1,21060
3699,1844,1,78,6,-1,99999,-1,-1,-3,-1,1,21060
3700,1845,1,332,6,-1,99999,-1,-1,-3,-1,1,21060
3701,1846,1,12,8,-1,99999,-1,-1,-3,-1,1,21120
3702,1847,1,66,8,-1,99999,-1,-1,-3,-1,1,21120
3703,1847,1,261,4,-1,99999,-1,-1,-3,-1,1,21120
3704,1848,1,2,3,-1,99999,-1,-1,-3,-1,1,21120
3705,1848,1,219,12,-1,99999,-1,-1,-3,-1,1,21120
3706,1848,1,220,6,-1,99999,-1,-1,-3,-1,1,21120
3707,1848,1,21,1,-1,99999,-1,-1,-3,-1,1,21120
3708,1849,1,4,6,-1,99999,-1,-1,-3,-1,1,21120
3709,1850,1,419,2,-1,99999,-1,-1,-3,-1,1,21120
3710,1850,1,17,8,-1,99999,-1,-1,-3,-1,1,21120
3711,1851,1,3,6,-1,99999,-1,-1,-3,-1,1,21120
3712,1851,1,42,4,-1,99999,-1,-1,-3,-1,1,21120
3713,1852,1,2,11,-1,99999,-1,-1,-3,-1,1,21120
3714,1853,1,30,2,-1,99999,-1,-1,-3,-1,1,21120
3715,1854,1,11,12,-1,99999,-1,-1,-3,-1,1,21180
3716,1855,1,2,6,-1,99999,-1,-1,-3,-1,1,21180
3717,1855,1,103,5,-1,99999,-1,-1,-3,-1,1,21180
3718,1856,1,210,10,-1,99999,-1,-1,-3,-1,1,21180
3719,1857,1,11,4,-1,99999,-1,-1,-3,-1,1,21180
3720,1857,1,18,9,-1,99999,-1,-1,-3,-1,1,21180
3721,1857,1,8,6,-1,99999,-1,-1,-3,-1,1,21180
3722,1857,1,210,7,-1,99999,-1,-1,-3,-1,1,21180
3723,1857,1,54,12,-1,99999,-1,-1,-3,-1,1,21180
3724,1858,1,74,6,-1,99999,-1,-1,-3,-1,1,21180
3725,1859,1,241,6,-1,99999,-1,-1,-3,-1,1,21180
3726,1860,1,1,4,-1,99999,-1,-1,-3,-1,1,21240
3727,1860,1,280,8,-1,99999,-1,-1,-3,-1,1,21240
3728,1860,1,81,7,-1,99999,-1,-1,-3,-1,1,21240
3729,1861,1,94,8,-1,99999,-1,-1,-3,-1,1,21240
3730,1861,1,246,8,-1,99999,-1,-1,-3,-1,1,21240
3731,1862,1,158,8,-1,99999,-1,-1,-3,-1,1,21240
3732,1863,1,270,10,-1,99999,-1,-1,-3,-1,1,21240
3733,1863,1,294,6,-1,99999,-1,-1,-3,-1,1,21240
3734,1864,1,53,6,-1,99999,-1,-1,-3,-1,1,21240
3735,1865,1,359,4,-1,99999,-1,-1,-3,-1,1,21240
3736,1866,1,133,2,-1,99999,-1,-1,-3,-1,1,21240
3737,1866,1,27,8,-1,99999,-1,-1,-3,-1,1,21240
3738,1867,1,2,6,-1,99999,-1,-1,-3,-1,1,21240
3739,1867,1,41,6,-1,99999,-1,-1,-3,-1,1,21240
3740,1867,1,34,8,-1,99999,-1,-1,-3,-1,1,21240
3741,1868,1,80,7,-1,99999,-1,-1,-3,-1,1,21240
3742,1868,1,272,6,-1,99999,-1,-1,-3,-1,1,21240
3743,1868,1,382,12,-1,99999,-1,-1,-3,-1,1,21240
3744,1869,1,8,2,-1,99999,-1,-1,-3,-1,1,21240
3745,1870,1,101,8,-1,99999,-1,-1,-3,-1,1,21300
3746,1870,1,154,4,-1,99999,-1,-1,-3,-1,1,21300
3747,1871,1,25,7,-1,99999,-1,-1,-3,-1,1,21300
3748,1871,1,271,2,-1,99999,-1,-1,-3,-1,1,21300
3749,1871,1,313,10,-1,99999,-1,-1,-3,-1,1,21300
3750,1872,1,29,3,-1,99999,-1,-1,-3,-1,1,21300
3751,1873,1,102,4,-1,99999,-1,-1,-3,-1,1,21300
3752,1874,1,136,5,-1,99999,-1,-1,-3,-1,1,21300
3753,1875,1,217,10,-1,99999,-1,-1,-3,-1,1,21300
3754,1875,1,9,10,-1,99999,-1,-1,-3,-1,1,21300
3755,1876,1,17,6,-1,99999,-1,-1,-3,-1,1,21360
3756,1876,1,13,12,-1,99999,-1,-1,-3,-1,1,21360
3757,1877,1,276,9,-1,99999,-1,-1,-3,-1,1,21360
3758,1877,1,438,6,-1,99999,-1,-1,-3,-1,1,21360
3759,1878,1,42,6,-1,99999,-1,-1,-3,-1,1,21360
3760,1879,1,32,6,-1,99999,-1,-1,-3,-1,1,21360
3761,1879,1,40,3,-1,99999,-1,-1,-3,-1,1,21360
3762,1879,1,105,6,-1,99999,-1,-1,-3,-1,1,21360
3763,1879,1,269,6,-1,99999,-1,-1,-3,-1,1,21360
3764,1879,1,165,12,-1,99999,-1,-1,-3,-1,1,21360
3765,1880,1,10,12,-1,99999,-1,-1,-3,-1,1,21420
3766,1881,1,33,11,-1,99999,-1,-1,-3,-1,1,21420
3767,1882,1,33,4,-1,99999,-1,-1,-3,-1,1,21420
3768,1883,1,11,4,-1,99999,-1,-1,-3,-1,1,21420
3769,1883,1,243,10,-1,99999,-1,-1,-3,-1,1,21420
3770,1883,1,27,4,-1,99999,-1,-1,-3,-1,1,21420
3771,1884,1,49,6,-1,99999,-1,-1,-3,-1,1,21420
3772,1884,1,482,2,-1,99999,-1,-1,-3,-1,1,21420
3773,1885,1,21,12,-1,99999,-1,-1,-3,-1,1,21420
3774,1886,1,1,9,-1,99999,-1,-1,-3,-1,1,21420
3775,1887,1,20,4,-1,99999,-1,-1,-3,-1,1,21420
3776,1887,1,2,12,-1,99999,-1,-1,-3,-1,1,21420
3777,1887,1,44,2,-1,99999,-1,-1,-3,-1,1,21420
3778,1887,1,67,5,-1,99999,-1,-1,-3,-1,1,21420
3779,1888,1,32,10,-1,99999,-1,-1,-3,-1,1,21420
3780,1888,1,7,10,-1,99999,-1,-1,-3,-1,1,21420
3781,1889,1,35,4,-1,99999,-1,-1,-3,-1,1,21480
3782,1890,1,104,12,-1,99999,-1,-1,-3,-1,1,21480
3783,1891,1,91,6,-1,99999,-1,-1,-3,-1,1,21480
3784,1892,1,116,6,-1,99999,-1,-1,-3,-1,1,21480
3785,1893,1,8,12,-1,99999,-1,-1,-3,-1,1,21480
3786,1893,1,34,7,-1,99999,-1,-1,-3,-1,1,21480
3787,1894,1,441,6,-1,99999,-1,-1,-3,-1,1,21480
3788,1895,1,12,10,-1,99999,-1,-1,-3,-1,1,21480
3789,1895,1,467,8,-1,99999,-1,-1,-3,-1,1,21480
3790,1896,1,26,9,-1,99999,-1,-1,-3,-1,1,21480
3791,1897,1,90,6,-1,99999,-1,-1,-3,-1,1,21480
3792,1898,1,142,11,-1,99999,-1,-1,-3,-1,1,21480
3793,1898,1,425,5,-1,99999,-1,-1,-3,-1,1,21480
3794,1899,1,5,4,-1,99999,-1,-1,-3,-1,1,21540
3795,1900,1,6,5,-1,99999,-1,-1,-3,-1,1,21540
3796,1901,1,70,4,-1,99999,-1,-1,-3,-1,1,21540
3797,1902,1,22,2,-1,99999,-1,-1,-3,-1,1,21540
3798,1902,1,21,8,-1,99999,-1,-1,-3,-1,1,21540
3799,1902,1,88,2,-1,99999,-1,-1,-3,-1,1,21540
3800,1903,1,488,11,-1,99999,-1,-1,-3,-1,1,21540
3801,1903,1,40,8,-1,99999,-1,-1,-3,-1,1,21540
3802,1903,1,95,4,-1,99999,-1,-1,-3,-1,1,21540
3803,1904,1,243,8,-1,99999,-1,-1,-3,-1,1,21540
3804,1905,1,462,2,-1,99999,-1,-1,-3,-1,1,21600
3805,1906,1,14,4,-1,99999,-1,-1,-3,-1,1,21600
3806,1907,1,9,8,-1,99999,-1,-1,-3,-1,1,21600
3807,1908,1,0,1,-1,99999,-1,-1,-3,-1,1,21600
3808,1908,1,320,5,-1,99999,-1,-1,-3,-1,1,21600
3809,1909,1,12,1,-1,99999,-1,-1,-3,-1,1,21600
3810,1909,1,4,4,-1,99999,-1,-1,-3,-1,1,21600
3811,1910,1,63,10,-1,99999,-1,-1,-3,-1,1,21660
3812,1911,1,6,5,-1,99999,-1,-1,-3,-1,1,21660
3813,1912,1,23,7,-1,99999,-1,-1,-3,-1,1,21660
3814,1913,1,449,5,-1,99999,-1,-1,-3,-1,1,21720
3815,1914,1,112,6,-1,99999,-1,-1,-3,-1,1,21720
3816,1914,1,342,7,-1,99999,-1,-1,-3,-1,1,21720
3817,1915,1,32,8,-1,99999,-1,-1,-3,-1,1,21720
3818,1916,1,32,9,-1,99999,-1,-1,-3,-1,1,21780
3819,1917,1,186,4,-1,99999,-1,-1,-3,-1,1,21780
3820,1918,1,14,6,-1,99999,-1,-1,-3,-1,1,21780
3821,1919,1,258,4,-1,99999,-1,-1,-3,-1,1,21780
3822,1920,1,166,5,-1,99999,-1,-1,-3,-1,1,21780
3823,1921,1,11,7,-1,99999,-1,-1,-3,-1,1,21780
3824,1922,1,20,1,-1,99999,-1,-1,-3,-1,1,21840
3825,1923,1,0,9,-1,99999,-1,-1,-3,-1,1,21840
3826,1923,1,8,8,-1,99999,-1,-1,-3,-1,1,21840
3827,1923,1,52,8,-1,99999,-1,-1,-3,-1,1,21840
3828,1924,1,4,10,-1,99999,-1,-1,-3,-1,1,21840
3829,1924,1,6,11,-1,99999,-1,-1,-3,-1,1,21840
3830,1925,1,262,6,-1,99999,-1,-1,-3,-1,1,21840
3831,1925,1,68,7,-1,99999,-1,-1,-3,-1,1,21840
3832,1926,1,106,10,-1,99999,-1,-1,-3,-1,1,21840
3833,1926,1,10,11,-1,99999,-1,-1,-3,-1,1,21840
3834,1927,1,95,4,-1,99999,-1,-1,-3,-1,1,21900
3835,1927,1,0,7,-1,99999,-1,-1,-3,-1,1,21900
3836,1927,1,12,12,-1,99999,-1,-1,-3,-1,1,21900
3837,1928,1,97,2,-1,99999,-1,-1,-3,-1,1,21900
3838,1929,1,110,5,-1,99999,-1,-1,-3,-1,1,21900
3839,1929,1,5,2,-1,99999,-1,-1,-3,-1,1,21900
3840,1930,1,196,2,-1,99999,-1,-1,-3,-1,1,21900
3841,1931,1,7,8,-1,99999,-1,-1,-3,-1,1,21900
3842,1931,1,10,10,-1,99999,-1,-1,-3,-1,1,21900
3843,1932,1,57,9,-1,99999,-1,-1,-3,-1,1,21960
3844,1933,1,4,4,-1,99999,-1,-1,-3,-1,1,21960
3845,1933,1,407,4,-1,99999,-1,-1,-3,-1,1,21960
3846,1934,1,32,8,-1,99999,-1,-1,-3,-1,1,21960
3847,1935,1,64,2,-1,99999,-1,-1,-3,-1,1,22020
3848,1936,1,408,6,-1,99999,-1,-1,-3,-1,1,22020
3849,1937,1,75,4,-1,99999,-1,-1,-3,-1,1,22020
3850,1937,1,13,8,-1,99999,-1,-1,-3,-1,1,22020
3851,1937,1,44,10,-1,99999,-1,-1,-3,-1,1,22020
3852,1938,1,3,2,-1,99999,-1,-1,-3,-1,1,22020
3853,1938,1,58,6,-1,99999,-1,-1,-3,-1,1,22020
3854,1938,1,47,10,-1,99999,-1,-1,-3,-1,1,22020
3855,1939,1,19,2,-1,99999,-1,-1,-3,-1,1,22080
3856,1939,1,456,7,-1,99999,-1,-1,-3,-1,1,22080
3857,1939,1,1,6,-1,99999,-1,-1,-3,-1,1,22080
3858,1940,1,15,5,-1,99999,-1,-1,-3,-1,1,22080
3859,1940,1,6,6,-1,99999,-1,-1,-3,-1,1,22080
3860,1940,1,38,10,-1,99999,-1,-1,-3,-1,1,22080
3861,1941,1,126,11,-1,99999,-1,-1,-3,-1,1,22080
3862,1942,1,115,4,-1,99999,-1,-1,-3,-1,1,22080
3863,1943,1,280,7,-1,99999,-1,-1,-3,-1,1,22080
3864,1943,1,137,6,-1,99999,-1,-1,-3,-1,1,22080
3865,1943,1,9,6,-1,99999,-1,-1,-3,-1,1,22080
3866,1943,1,127,7,-1,99999,-1,-1,-3,-1,1,22080
3867,1944,1,1,4,-1,99999,-1,-1,-3,-1,1,22080
3868,1945,1,104,5,-1,99999,-1,-1,-3,-1,1,22140
3869,1945,1,332,10,-1,99999,-1,-1,-3,-1,1,22140
3870,1945,1,46,7,-1,99999,-1,-1,-3,-1,1,22140
3871,1945,1,10,6,-1,99999,-1,-1,-3,-1,1,22140
3872,1945,1,76,8,-1,99999,-1,-1,-3,-1,1,22140
3873,1945,1,135,12,-1,99999,-1,-1,-3,-1,1,22140
3874,1945,1,11,4,-1,99999,-1,-1,-3,-1,1,22140
3875,1945,1,253,4,-1,99999,-1,-1,-3,-1,1,22140
3876,1945,1,276,3,-1,99999,-1,-1,-3,-1,1,22140
3877,1946,1,481,8,-1,99999,-1,-1,-3,-1,1,22140
3878,1947,1,22,4,-1,99999,-1,-1,-3,-1,1,22140
3879,1948,1,197,8,-1,99999,-1,-1,-3,-1,1,22140
3880,1948,1,175,9,-1,99999,-1,-1,-3,-1,1,22140
3881,1949,1,0,12,-1,99999,-1,-1,-3,-1,1,22140
3882,1949,1,19,9,-1,99999,-1,-1,-3,-1,1,22140
3883,1949,1,46,7,-1,99999,-1,-1,-3,-1,1,22140
3884,1949,1,149,6,-1,99999,-1,-1,-3,-1,1,22140
3885,1950,1,136,4,-1,99999,-1,-1,-3,-1,1,22140
3886,1950,1,4,3,-1,99999,-1,-1,-3,-1,1,22140
3887,1950,1,272,6,-1,99999,-1,-1,-3,-1,1,22140
3888,1951,1,177,8,-1,99999,-1,-1,-3,-1,1,22200
3889,1952,1,2,6,-1,99999,-1,-1,-3,-1,1,22260
3890,1953,1,26,7,-1,99999,-1,-1,-3,-1,1,22260
3891,1953,1,56,12,-1,99999,-1,-1,-3,-1,1,22260
3892,1954,1,69,5,-1,99999,-1,-1,-3,-1,1,22260
3893,1955,1,9,8,-1,99999,-1,-1,-3,-1,1,22260
3894,1955,1,28,6,-1,99999,-1,-1,-3,-1,1,22260
3895,1956,1,154,5,-1,99999,-1,-1,-3,-1,1,22320
3896,1956,1,1,8,-1,99999,-1,-1,-3,-1,1,22320
3897,1956,1,86,6,-1,99999,-1,-1,-3,-1,1,22320
3898,1957,1,246,4,-1,99999,-1,-1,-3,-1,1,22320
3899,1957,1,39,4,-1,99999,-1,-1,-3,-1,1,22320
3900,1958,1,396,8,-1,99999,-1,-1,-3,-1,1,22320
3901,1959,1,23,5,-1,99999,-1,-1,-3,-1,1,22320
3902,1959,1,7,8,-1,99999,-1,-1,-3,-1,1,22320
3903,1959,1,34,10,-1,99999,-1,-1,-3,-1,1,22320
3904,1959,1,177,10,-1,99999,-1,-1,-3,-1,1,22320
3905,1960,1,191,2,-1,99999,-1,-1,-3,-1,1,22380
3906,1960,1,3,6,-1,99999,-1,-1,-3,-1,1,22380
3907,1960,1,73,10,-1,99999,-1,-1,-3,-1,1,22380
3908,1960,1,243,8,-1,99999,-1,-1,-3,-1,1,22380
3909,1961,1,19,6,-1,99999,-1,-1,-3,-1,1,22380
3910,1961,1,20,10,-1,99999,-1,-1,-3,-1,1,22380
3911,1961,1,246,4,-1,99999,-1,-1,-3,-1,1,22380
3912,1962,1,81,8,-1,99999,-1,-1,-3,-1,1,22380
3913,1962,1,9,3,-1,99999,-1,-1,-3,-1,1,22380
3914,1962,1,12,12,-1,99999,-1,-1,-3,-1,1,22380
3915,1963,1,441,8,-1,99999,-1,-1,-3,-1,1,22380
3916,1964,1,127,11,-1,99999,-1,-1,-3,-1,1,22380
3917,1965,1,23,10,-1,99999,-1,-1,-3,-1,1,22380
3918,1966,1,6,10,-1,99999,-1,-1,-3,-1,1,22380
3919,1966,1,14,4,-1,99999,-1,-1,-3,-1,1,22380
3920,1966,1,1,4,-1,99999,-1,-1,-3,-1,1,22380
3921,1966,1,36,5,-1,99999,-1,-1,-3,-1,1,22380
3922,1967,1,2,4,-1,99999,-1,-1,-3,-1,1,22380
3923,1967,1,109,5,-1,99999,-1,-1,-3,-1,1,22380
3924,1968,1,137,10,-1,99999,-1,-1,-3,-1,1,22440
3925,1968,1,34,12,-1,99999,-1,-1,-3,-1,1,22440
3926,1969,1,118,11,-1,99999,-1,-1,-3,-1,1,22440
3927,1970,1,33,1,-1,99999,-1,-1,-3,-1,1,22440
3928,1971,1,302,8,-1,99999,-1,-1,-3,-1,1,22440
3929,1972,1,129,5,-1,99999,-1,-1,-3,-1,1,22500
3930,1973,1,5,6,-1,99999,-1,-1,-3,-1,1,22500
3931,1974,1,2,10,-1,99999,-1,-1,-3,-1,1,22500
3932,1975,1,82,8,-1,99999,-1,-1,-3,-1,1,22500
3933,1975,1,186,9,-1,99999,-1,-1,-3,-1,1,22500
3934,1976,1,11,8,-1,99999,-1,-1,-3,-1,1,22500
3935,1977,1,43,4,-1,99999,-1,-1,-3,-1,1,22500
3936,1977,1,101,12,-1,99999,-1,-1,-3,-1,1,22500
3937,1978,1,95,6,-1,99999,-1,-1,-3,-1,1,22560
3938,1978,1,7,2,-1,99999,-1,-1,-3,-1,1,22560
3939,1978,1,148,10,-1,99999,-1,-1,-3,-1,1,22560
3940,1979,1,64,6,-1,99999,-1,-1,-3,-1,1,22560
3941,1980,1,14,10,-1,99999,-1,-1,-3,-1,1,22560
3942,1981,1,29,2,-1,99999,-1,-1,-3,-1,1,22560
3943,1982,1,346,6,-1,99999,-1,-1,-3,-1,1,22560
3944,1983,1,277,8,-1,99999,-1,-1,-3,-1,1,22560
3945,1983,1,49,7,-1,99999,-1,-1,-3,-1,1,22560
3946,1984,1,45,8,-1,99999,-1,-1,-3,-1,1,22620
3947,1984,1,11,7,-1,99999,-1,-1,-3,-1,1,22620
3948,1985,1,4,6,-1,99999,-1,-1,-3,-1,1,22620
3949,1985,1,8,10,-1,99999,-1,-1,-3,-1,1,22620
3950,1985,1,38,5,-1,99999,-1,-1,-3,-1,1,22620
3951,1986,1,21,4,-1,99999,-1,-1,-3,-1,1,22620
3952,1986,1,36,12,-1,99999,-1,-1,-3,-1,1,22620
3953,1986,1,117,9,-1,99999,-1,-1,-3,-1,1,22620
3954,1987,1,14,6,-1,99999,-1,-1,-3,-1,1,22620
3955,1988,1,394,8,-1,99999,-1,-1,-3,-1,1,22680
3956,1988,1,363,5,-1,99999,-1,-1,-3,-1,1,22680
3957,1989,1,13,2,-1,99999,-1,-1,-3,-1,1,22680
3958,1989,1,211,10,-1,99999,-1,-1,-3,-1,1,22680
3959,1989,1,120,12,-1,99999,-1,-1,-3,-1,1,22680
3960,1989,1,2,5,-1,99999,-1,-1,-3,-1,1,22680
3961,1990,1,166,10,-1,99999,-1,-1,-3,-1,1,22680
3962,1991,1,177,5,-1,99999,-1,-1,-3,-1,1,22680
3963,1992,1,459,8,-1,99999,-1,-1,-3,-1,1,22740
3964,1993,1,0,8,-1,99999,-1,-1,-3,-1,1,22740
3965,1993,1,7,8,-1,99999,-1,-1,-3,-1,1,22740
3966,1993,1,94,5,-1,99999,-1,-1,-3,-1,1,22740
3967,1994,1,45,5,-1,99999,-1,-1,-3,-1,1,22740
3968,1995,1,142,4,-1,99999,-1,-1,-3,-1,1,22800
3969,1995,1,124,11,-1,99999,-1,-1,-3,-1,1,22800
3970,1996,1,22,11,-1,99999,-1,-1,-3,-1,1,22800
3971,1996,1,15,4,-1,99999,-1,-1,-3,-1,1,22800
3972,1997,1,178,10,-1,99999,-1,-1,-3,-1,1,22800
3973,1998,1,47,5,-1,99999,-1,-1,-3,-1,1,22800
3974,1999,1,420,6,-1,99999,-1,-1,-3,-1,1,22800
3975,2000,1,28,5,-1,99999,-1,-1,-3,-1,1,22800
3976,2000,1,18,1,-1,99999,-1,-1,-3,-1,1,22800
3977,2001,1,122,2,-1,99999,-1,-1,-3,-1,1,22860
3978,2001,1,11,12,-1,99999,-1,-1,-3,-1,1,22860
3979,2002,1,8,8,-1,99999,-1,-1,-3,-1,1,22860
3980,2003,1,1,8,-1,99999,-1,-1,-3,-1,1,22860
3981,2004,1,199,4,-1,99999,-1,-1,-3,-1,1,22860
3982,2004,1,43,6,-1,99999,-1,-1,-3,-1,1,22860
3983,2004,1,289,5,-1,99999,-1,-1,-3,-1,1,22860
3984,2005,1,16,7,-1,99999,-1,-1,-3,-1,1,22860
3985,2005,1,11,6,-1,99999,-1,-1,-3,-1,1,22860
3986,2006,1,54,2,-1,99999,-1,-1,-3,-1,1,22860
3987,2006,1,19,2,-1,99999,-1,-1,-3,-1,1,22860
3988,2006,1,6,6,-1,99999,-1,-1,-3,-1,1,22860
3989,2006,1,89,9,-1,99999,-1,-1,-3,-1,1,22860
3990,2006,1,175,9,-1,99999,-1,-1,-3,-1,1,22860
3991,2007,1,41,11,-1,99999,-1,-1,-3,-1,1,22860
3992,2008,1,82,12,-1,99999,-1,-1,-3,-1,1,22920
3993,2009,1,147,3,-1,99999,-1,-1,-3,-1,1,22920
3994,2009,1,102,1,-1,99999,-1,-1,-3,-1,1,22920
3995,2009,1,71,6,-1,99999,-1,-1,-3,-1,1,22920
3996,2010,1,1,6,-1,99999,-1,-1,-3,-1,1,22920
3997,2010,1,360,6,-1,99999,-1,-1,-3,-1,1,22920
3998,2010,1,126,4,-1,99999,-1,-1,-3,-1,1,22920
3999,2010,1,34,10,-1,99999,-1,-1,-3,-1,1,22920
4000,2011,1,101,3,-1,99999,-1,-1,-3,-1,1,22920
4001,2011,1,5,3,-1,99999,-1,-1,-3,-1,1,22920
4002,2011,1,39,6,-1,99999,-1,-1,-3,-1,1,22920
4003,2011,1,298,6,-1,99999,-1,-1,-3,-1,1,22920
4004,2011,1,10,6,-1,99999,-1,-1,-3,-1,1,22920
4005,2011,1,94,4,-1,99999,-1,-1,-3,-1,1,22920
4006,2011,1,8,6,-1,99999,-1,-1,-3,-1,1,22920
4007,2011,1,43,9,-1,99999,-1,-1,-3,-1,1,22920
4008,2011,1,45,6,-1,99999,-1,-1,-3,-1,1,22920
4009,2011,1,483,6,-1,99999,-1,-1,-3,-1,1,22920
4010,2012,1,384,1,-1,99999,-1,-1,-3,-1,1,22920
4011,2012,1,28,6,-1,99999,-1,-1,-3,-1,1,22920
4012,2013,1,17,6,-1,99999,-1,-1,-3,-1,1,22920
4013,2014,1,45,12,-1,99999,-1,-1,-3,-1,1,22980
4014,2015,1,376,6,-1,99999,-1,-1,-3,-1,1,23040
4015,2015,1,30,2,-1,99999,-1,-1,-3,-1,1,23040
4016,2016,1,88,6,-1,99999,-1,-1,-3,-1,1,23040
4017,2017,1,154,12,-1,99999,-1,-1,-3,-1,1,23040
4018,2017,1,4,8,-1,99999,-1,-1,-3,-1,1,23040
4019,2018,1,79,6,-1,99999,-1,-1,-3,-1,1,23040
4020,2019,1,12,6,-1,99999,-1,-1,-3,-1,1,23040
4021,2019,1,87,6,-1,99999,-1,-1,-3,-1,1,23040
4022,2019,1,0,8,-1,99999,-1,-1,-3,-1,1,23040
4023,2019,1,50,8,-1,99999,-1,-1,-3,-1,1,23040
4024,2020,1,137,4,-1,99999,-1,-1,-3,-1,1,23040
4025,2020,1,143,10,-1,99999,-1,-1,-3,-1,1,23040
4026,2020,1,44,4,-1,99999,-1,-1,-3,-1,1,23040
4027,2020,1,10,6,-1,99999,-1,-1,-3,-1,1,23040
4028,2021,1,19,9,-1,99999,-1,-1,-3,-1,1,23040
4029,2021,1,3,8,-1,99999,-1,-1,-3,-1,1,23040
4030,2021,1,184,10,-1,99999,-1,-1,-3,-1,1,23040
4031,2021,1,60,8,-1,99999,-1,-1,-3,-1,1,23040
4032,2022,1,5,6,-1,99999,-1,-1,-3,-1,1,23100
4033,2023,1,83,3,-1,99999,-1,-1,-3,-1,1,23100
4034,2023,1,1,3,-1,99999,-1,-1,-3,-1,1,23100
4035,2024,1,19,9,-1,99999,-1,-1,-3,-1,1,23100
4036,2025,1,6,4,-1,99999,-1,-1,-3,-1,1,23100
4037,2026,1,99,3,-1,99999,-1,-1,-3,-1,1,23100
4038,2026,1,117,2,-1,99999,-1,-1,-3,-1,1,23100
4039,2027,1,6,2,-1,99999,-1,-1,-3,-1,1,23160
4040,2028,1,37,12,-1,99999,-1,-1,-3,-1,1,23160
4041,2029,1,7,6,-1,99999,-1,-1,-3,-1,1,23160
4042,2029,1,16,8,-1,99999,-1,-1,-3,-1,1,23160
4043,2030,1,21,4,-1,99999,-1,-1,-3,-1,1,23160
4044,2031,1,2,8,-1,99999,-1,-1,-3,-1,1,23220
4045,2032,1,157,10,-1,99999,-1,-1,-3,-1,1,23220
4046,2032,1,46,7,-1,99999,-1,-1,-3,-1,1,23220
4047,2032,1,7,7,-1,99999,-1,-1,-3,-1,1,23220
4048,2032,1,0,2,-1,99999,-1,-1,-3,-1,1,23220
4049,2033,1,238,4,-1,99999,-1,-1,-3,-1,1,23220
4050,2033,1,22,12,-1,99999,-1,-1,-3,-1,1,23220
4051,2033,1,140,4,-1,99999,-1,-1,-3,-1,1,23220
4052,2034,1,495,6,-1,99999,-1,-1,-3,-1,1,23220
4053,2035,1,155,3,-1,99999,-1,-1,-3,-1,1,23280
4054,2036,1,93,7,-1,99999,-1,-1,-3,-1,1,23280
4055,2036,1,136,8,-1,99999,-1,-1,-3,-1,1,23280
4056,2037,1,340,9,-1,99999,-1,-1,-3,-1,1,23280
4057,2037,1,2,5,-1,99999,-1,-1,-3,-1,1,23280
4058,2038,1,499,5,-1,99999,-1,-1,-3,-1,1,23280
4059,2038,1,146,8,-1,99999,-1,-1,-3,-1,1,23280
4060,2039,1,41,7,-1,99999,-1,-1,-3,-1,1,23280
4061,2040,1,34,4,-1,99999,-1,-1,-3,-1,1,23280
4062,2041,1,36,6,-1,99999,-1,-1,-3,-1,1,23280
4063,2041,1,16,4,-1,99999,-1,-1,-3,-1,1,23280
4064,2042,1,56,8,-1,99999,-1,-1,-3,-1,1,23280
4065,2042,1,92,8,-1,99999,-1,-1,-3,-1,1,23280
4066,2042,1,38,12,-1,99999,-1,-1,-3,-1,1,23280
4067,2042,1,49,5,-1,99999,-1,-1,-3,-1,1,23280
4068,2042,1,6,10,-1,99999,-1,-1,-3,-1,1,23280
4069,2043,1,478,8,-1,99999,-1,-1,-3,-1,1,23340
4070,2044,1,409,12,-1,99999,-1,-1,-3,-1,1,23340
4071,2044,1,38,5,-1,99999,-1,-1,-3,-1,1,23340
4072,2044,1,20,12,-1,99999,-1,-1,-3,-1,1,23340
4073,2044,1,43,8,-1,99999,-1,-1,-3,-1,1,23340
4074,2045,1,26,2,-1,99999,-1,-1,-3,-1,1,23340
4075,2046,1,86,2,-1,99999,-1,-1,-3,-1,1,23340
4076,2047,1,22,2,-1,99999,-1,-1,-3,-1,1,23340
4077,2048,1,455,3,-1,99999,-1,-1,-3,-1,1,23400
4078,2049,1,38,5,-1,99999,-1,-1,-3,-1,1,23400
4079,2049,1,26,6,-1,99999,-1,-1,-3,-1,1,23400
4080,2050,1,58,11,-1,99999,-1,-1,-3,-1,1,23400
4081,2050,1,98,11,-1,99999,-1,-1,-3,-1,1,23400
4082,2050,1,1,8,-1,99999,-1,-1,-3,-1,1,23400
4083,2051,1,217,11,-1,99999,-1,-1,-3,-1,1,23400
4084,2052,1,54,6,-1,99999,-1,-1,-3,-1,1,23400
4085,2052,1,70,11,-1,99999,-1,-1,-3,-1,1,23400
4086,2053,1,36,7,-1,99999,-1,-1,-3,-1,1,23460
4087,2054,1,11,5,-1,99999,-1,-1,-3,-1,1,23460
4088,2055,1,24,10,-1,99999,-1,-1,-3,-1,1,23460
4089,2056,1,190,6,-1,99999,-1,-1,-3,-1,1,23460
4090,2056,1,28,9,-1,99999,-1,-1,-3,-1,1,23460
4091,2057,1,7,12,-1,99999,-1,-1,-3,-1,1,23460
4092,2058,1,5,8,-1,99999,-1,-1,-3,-1,1,23520
4093,2058,1,8,4,-1,99999,-1,-1,-3,-1,1,23520
4094,2058,1,153,4,-1,99999,-1,-1,-3,-1,1,23520
4095,2058,1,1,6,-1,99999,-1,-1,-3,-1,1,23520
4096,2059,1,115,8,-1,99999,-1,-1,-3,-1,1,23520
4097,2060,1,136,2,-1,99999,-1,-1,-3,-1,1,23580
4098,2061,1,37,9,-1,99999,-1,-1,-3,-1,1,23640
4099,2062,1,194,4,-1,99999,-1,-1,-3,-1,1,23640
4100,2062,1,30,10,-1,99999,-1,-1,-3,-1,1,23640
4101,2062,1,42,6,-1,99999,-1,-1,-3,-1,1,23640
4102,2063,1,62,8,-1,99999,-1,-1,-3,-1,1,23640
4103,2063,1,321,5,-1,99999,-1,-1,-3,-1,1,23640
4104,2063,1,11,2,-1,99999,-1,-1,-3,-1,1,23640
4105,2064,1,7,8,-1,99999,-1,-1,-3,-1,1,23640
4106,2064,1,6,9,-1,99999,-1,-1,-3,-1,1,23640
4107,2065,1,297,8,-1,99999,-1,-1,-3,-1,1,23640
4108,2066,1,138,6,-1,99999,-1,-1,-3,-1,1,23700
4109,2067,1,458,8,-1,99999,-1,-1,-3,-1,1,23700
4110,2067,1,335,3,-1,99999,-1,-1,-3,-1,1,23700
4111,2067,1,1,10,-1,99999,-1,-1,-3,-1,1,23700
4112,2068,1,0,12,-1,99999,-1,-1,-3,-1,1,23700
4113,2069,1,91,5,-1,99999,-1,-1,-3,-1,1,23700
4114,2070,1,90,4,-1,99999,-1,-1,-3,-1,1,23700
4115,2071,1,289,6,-1,99999,-1,-1,-3,-1,1,23700
4116,2071,1,165,7,-1,99999,-1,-1,-3,-1,1,23700
4117,2071,1,81,7,-1,99999,-1,-1,-3,-1,1,23700
4118,2071,1,202,6,-1,99999,-1,-1,-3,-1,1,23700
4119,2072,1,10,8,-1,99999,-1,-1,-3,-1,1,23700
4120,2072,1,29,9,-1,99999,-1,-1,-3,-1,1,23700
4121,2073,1,109,2,-1,99999,-1,-1,-3,-1,1,23760
4122,2073,1,124,9,-1,99999,-1,-1,-3,-1,1,23760
4123,2073,1,1,6,-1,99999,-1,-1,-3,-1,1,23760
4124,2074,1,389,12,-1,99999,-1,-1,-3,-1,1,23760
4125,2074,1,48,9,-1,99999,-1,-1,-3,-1,1,23760
4126,2074,1,31,4,-1,99999,-1,-1,-3,-1,1,23760
4127,2075,1,243,6,-1,99999,-1,-1,-3,-1,1,23760
4128,2075,1,50,7,-1,99999,-1,-1,-3,-1,1,23760
4129,2075,1,0,10,-1,99999,-1,-1,-3,-1,1,23760
4130,2076,1,477,8,-1,99999,-1,-1,-3,-1,1,23760
4131,2076,1,110,6,-1,99999,-1,-1,-3,-1,1,23760
4132,2077,1,481,7,-1,99999,-1,-1,-3,-1,1,23760
4133,2077,1,30,8,-1,99999,-1,-1,-3,-1,1,23760
4134,2078,1,145,12,-1,99999,-1,-1,-3,-1,1,23820
4135,2079,1,23,9,-1,99999,-1,-1,-3,-1,1,23820
4136,2080,1,8,10,-1,99999,-1,-1,-3,-1,1,23820
4137,2081,1,172,3,-1,99999,-1,-1,-3,-1,1,23880
4138,2081,1,83,5,-1,99999,-1,-1,-3,-1,1,23880
4139,2081,1,11,12,-1,99999,-1,-1,-3,-1,1,23880
4140,2082,1,142,12,-1,99999,-1,-1,-3,-1,1,23880
4141,2083,1,44,4,-1,99999,-1,-1,-3,-1,1,23880
4142,2084,1,27,9,-1,99999,-1,-1,-3,-1,1,23880
4143,2085,1,83,2,-1,99999,-1,-1,-3,-1,1,23940
4144,2085,1,23,3,-1,99999,-1,-1,-3,-1,1,23940
4145,2085,1,150,10,-1,99999,-1,-1,-3,-1,1,23940
4146,2085,1,4,1,-1,99999,-1,-1,-3,-1,1,23940
4147,2085,1,13,12,-1,99999,-1,-1,-3,-1,1,23940
4148,2086,1,40,5,-1,99999,-1,-1,-3,-1,1,23940
4149,2086,1,0,7,-1,99999,-1,-1,-3,-1,1,23940
4150,2087,1,24,12,-1,99999,-1,-1,-3,-1,1,23940
4151,2087,1,29,8,-1,99999,-1,-1,-3,-1,1,23940
4152,2087,1,0,4,-1,99999,-1,-1,-3,-1,1,23940
4153,2088,1,428,7,-1,99999,-1,-1,-3,-1,1,23940
4154,2089,1,146,10,-1,99999,-1,-1,-3,-1,1,24000
4155,2089,1,92,7,-1,99999,-1,-1,-3,-1,1,24000
4156,2089,1,26,4,-1,99999,-1,-1,-3,-1,1,24000
4157,2089,1,43,8,-1,99999,-1,-1,-3,-1,1,24000
4158,2089,1,34,2,-1,99999,-1,-1,-3,-1,1,24000
4159,2090,1,209,2,-1,99999,-1,-1,-3,-1,1,24000
4160,2090,1,270,4,-1,99999,-1,-1,-3,-1,1,24000
4161,2091,1,61,6,-1,99999,-1,-1,-3,-1,1,24000
4162,2091,1,2,11,-1,99999,-1,-1,-3,-1,1,24000
4163,2092,1,69,6,-1,99999,-1,-1,-3,-1,1,24060
4164,2092,1,4,4,-1,99999,-1,-1,-3,-1,1,24060
4165,2092,1,11,12,-1,99999,-1,-1,-3,-1,1,24060
4166,2093,1,48,10,-1,99999,-1,-1,-3,-1,1,24060
4167,2094,1,24,8,-1,99999,-1,-1,-3,-1,1,24060
4168,2094,1,210,6,-1,99999,-1,-1,-3,-1,1,24060
4169,2095,1,14,6,-1,99999,-1,-1,-3,-1,1,24060
4170,2096,1,35,10,-1,99999,-1,-1,-3,-1,1,24060
4171,2096,1,2,4,-1,99999,-1,-1,-3,-1,1,24060
4172,2096,1,226,2,-1,99999,-1,-1,-3,-1,1,24060
4173,2096,1,24,4,-1,99999,-1,-1,-3,-1,1,24060
4174,2097,1,203,10,-1,99999,-1,-1,-3,-1,1,24180
4175,2097,1,259,9,-1,99999,-1,-1,-3,-1,1,24180
4176,2098,1,177,2,-1,99999,-1,-1,-3,-1,1,24180
4177,2099,1,236,9,-1,99999,-1,-1,-3,-1,1,24180
4178,2100,1,1,5,-1,99999,-1,-1,-3,-1,1,24180
4179,2101,1,5,10,-1,99999,-1,-1,-3,-1,1,24240
4180,2101,1,218,4,-1,99999,-1,-1,-3,-1,1,24240
4181,2102,1,101,11,-1,99999,-1,-1,-3,-1,1,24240
4182,2102,1,16,1,-1,99999,-1,-1,-3,-1,1,24240
4183,2102,1,2,3,-1,99999,-1,-1,-3,-1,1,24240
4184,2103,1,117,6,-1,99999,-1,-1,-3,-1,1,24240
4185,2103,1,270,3,-1,99999,-1,-1,-3,-1,1,24240
4186,2103,1,186,12,-1,99999,-1,-1,-3,-1,1,24240
4187,2103,1,208,8,-1,99999,-1,-1,-3,-1,1,24240
4188,2104,1,39,2,-1,99999,-1,-1,-3,-1,1,24240
4189,2104,1,1,7,-1,99999,-1,-1,-3,-1,1,24240
4190,2105,1,90,3,-1,99999,-1,-1,-3,-1,1,24240
4191,2106,1,138,9,-1,99999,-1,-1,-3,-1,1,24240
4192,2107,1,0,9,-1,99999,-1,-1,-3,-1,1,24240
4193,2107,1,36,6,-1,99999,-1,-1,-3,-1,1,24240
4194,2108,1,0,6,-1,99999,-1,-1,-3,-1,1,24240
4195,2109,1,3,6,-1,99999,-1,-1,-3,-1,1,24300
4196,2109,1,132,10,-1,99999,-1,-1,-3,-1,1,24300
4197,2109,1,137,2,-1,99999,-1,-1,-3,-1,1,24300
4198,2109,1,231,8,-1,99999,-1,-1,-3,-1,1,24300
4199,2110,1,12,4,-1,99999,-1,-1,-3,-1,1,24300
4200,2110,1,119,9,-1,99999,-1,-1,-3,-1,1,24300
4201,2110,1,4,10,-1,99999,-1,-1,-3,-1,1,24300
4202,2110,1,84,6,-1,99999,-1,-1,-3,-1,1,24300
4203,2110,1,65,4,-1,99999,-1,-1,-3,-1,1,24300
4204,2110,1,141,7,-1,99999,-1,-1,-3,-1,1,24300
4205,2110,1,229,10,-1,99999,-1,-1,-3,-1,1,24300
4206,2110,1,66,2,-1,99999,-1,-1,-3,-1,1,24300
4207,2110,1,52,10,-1,99999,-1,-1,-3,-1,1,24300
4208,2111,1,160,4,-1,99999,-1,-1,-3,-1,1,24300
4209,2111,1,17,6,-1,99999,-1,-1,-3,-1,1,24300
4210,2111,1,32,2,-1,99999,-1,-1,-3,-1,1,24300
4211,2111,1,99,10,-1,99999,-1,-1,-3,-1,1,24300
4212,2112,1,468,8,-1,99999,-1,-1,-3,-1,1,24300
4213,2113,1,1,8,-1,99999,-1,-1,-3,-1,1,24300
4214,2113,1,2,2,-1,99999,-1,-1,-3,-1,1,24300
4215,2114,1,85,3,-1,99999,-1,-1,-3,-1,1,24360
4216,2114,1,399,4,-1,99999,-1,-1,-3,-1,1,24360
4217,2115,1,81,2,-1,99999,-1,-1,-3,-1,1,24360
4218,2116,1,21,7,-1,99999,-1,-1,-3,-1,1,24420
4219,2116,1,54,6,-1,99999,-1,-1,-3,-1,1,24420
4220,2117,1,22,6,-1,99999,-1,-1,-3,-1,1,24420
4221,2118,1,7,9,-1,99999,-1,-1,-3,-1,1,24420
4222,2119,1,181,7,-1,99999,-1,-1,-3,-1,1,24420
4223,2120,1,76,12,-1,99999,-1,-1,-3,-1,1,24420
4224,2120,1,26,10,-1,99999,-1,-1,-3,-1,1,24420
4225,2121,1,344,4,-1,99999,-1,-1,-3,-1,1,24420
4226,2122,1,90,4,-1,99999,-1,-1,-3,-1,1,24420
4227,2122,1,5,4,-1,99999,-1,-1,-3,-1,1,24420
4228,2123,1,49,6,-1,99999,-1,-1,-3,-1,1,24420
4229,2123,1,272,3,-1,99999,-1,-1,-3,-1,1,24420
4230,2124,1,3,10,-1,99999,-1,-1,-3,-1,1,24480
4231,2125,1,30,10,-1,99999,-1,-1,-3,-1,1,24480
4232,2125,1,3,4,-1,99999,-1,-1,-3,-1,1,24480
4233,2126,1,0,4,-1,99999,-1,-1,-3,-1,1,24480
4234,2126,1,197,9,-1,99999,-1,-1,-3,-1,1,24480
4235,2127,1,346,12,-1,99999,-1,-1,-3,-1,1,24480
4236,2127,1,154,7,-1,99999,-1,-1,-3,-1,1,24480
4237,2128,1,302,6,-1,99999,-1,-1,-3,-1,1,24540
4238,2129,1,390,6,-1,99999,-1,-1,-3,-1,1,24540
4239,2129,1,34,6,-1,99999,-1,-1,-3,-1,1,24540
4240,2129,1,77,7,-1,99999,-1,-1,-3,-1,1,24540
4241,2130,1,17,5,-1,99999,-1,-1,-3,-1,1,24540
4242,2131,1,149,9,-1,99999,-1,-1,-3,-1,1,24540
4243,2132,1,7,3,-1,99999,-1,-1,-3,-1,1,24540
4244,2133,1,7,8,-1,99999,-1,-1,-3,-1,1,24600
4245,2134,1,76,8,-1,99999,-1,-1,-3,-1,1,24600
4246,2135,1,281,6,-1,99999,-1,-1,-3,-1,1,24600
4247,2136,1,4,6,-1,99999,-1,-1,-3,-1,1,24600
4248,2137,1,5,6,-1,99999,-1,-1,-3,-1,1,24600
4249,2137,1,8,9,-1,99999,-1,-1,-3,-1,1,24600
4250,2138,1,169,8,-1,99999,-1,-1,-3,-1,1,24600
4251,2138,1,129,4,-1,99999,-1,-1,-3,-1,1,24600
4252,2138,1,179,7,-1,99999,-1,-1,-3,-1,1,24600
4253,2139,1,27,6,-1,99999,-1,-1,-3,-1,1,24600
4254,2139,1,189,12,-1,99999,-1,-1,-3,-1,1,24600
4255,2139,1,136,6,-1,99999,-1,-1,-3,-1,1,24600
4256,2139,1,60,7,-1,99999,-1,-1,-3,-1,1,24600
4257,2140,1,141,2,-1,99999,-1,-1,-3,-1,1,24660
4258,2140,1,471,5,-1,99999,-1,-1,-3,-1,1,24660
4259,2140,1,162,6,-1,99999,-1,-1,-3,-1,1,24660
4260,2141,1,30,3,-1,99999,-1,-1,-3,-1,1,24660
4261,2141,1,154,6,-1,99999,-1,-1,-3,-1,1,24660
4262,2141,1,91,9,-1,99999,-1,-1,-3,-1,1,24660
4263,2142,1,52,7,-1,99999,-1,-1,-3,-1,1,24720
4264,2142,1,337,12,-1,99999,-1,-1,-3,-1,1,24720
4265,2143,1,39,5,-1,99999,-1,-1,-3,-1,1,24720
4266,2144,1,26,4,-1,99999,-1,-1,-3,-1,1,24720
4267,2144,1,49,8,-1,99999,-1,-1,-3,-1,1,24720
4268,2144,1,2,3,-1,99999,-1,-1,-3,-1,1,24720
4269,2145,1,2,4,-1,99999,-1,-1,-3,-1,1,24720
4270,2145,1,30,5,-1,99999,-1,-1,-3,-1,1,24720
4271,2145,1,278,8,-1,99999,-1,-1,-3,-1,1,24720
4272,2146,1,371,3,-1,99999,-1,-1,-3,-1,1,24720
4273,2146,1,1,8,-1,99999,-1,-1,-3,-1,1,24720
4274,2147,1,44,6,-1,99999,-1,-1,-3,-1,1,24720
4275,2147,1,3,3,-1,99999,-1,-1,-3,-1,1,24720
4276,2147,1,43,2,-1,99999,-1,-1,-3,-1,1,24720
4277,2147,1,4,6,-1,99999,-1,-1,-3,-1,1,24720
4278,2148,1,107,6,-1,99999,-1,-1,-3,-1,1,24720
4279,2148,1,69,10,-1,99999,-1,-1,-3,-1,1,24720
4280,2149,1,95,5,-1,99999,-1,-1,-3,-1,1,24780
4281,2149,1,303,8,-1,99999,-1,-1,-3,-1,1,24780
4282,2150,1,172,9,-1,99999,-1,-1,-3,-1,1,24780
4283,2151,1,348,11,-1,99999,-1,-1,-3,-1,1,24780
4284,2152,1,6,12,-1,99999,-1,-1,-3,-1,1,24780
4285,2153,1,4,10,-1,99999,-1,-1,-3,-1,1,24780
4286,2154,1,240,1,-1,99999,-1,-1,-3,-1,1,24780
4287,2154,1,13,8,-1,99999,-1,-1,-3,-1,1,24780
4288,2154,1,125,3,-1,99999,-1,-1,-3,-1,1,24780
4289,2154,1,47,10,-1,99999,-1,-1,-3,-1,1,24780
4290,2155,1,8,10,-1,99999,-1,-1,-3,-1,1,24840
4291,2156,1,264,6,-1,99999,-1,-1,-3,-1,1,24840
4292,2157,1,131,10,-1,99999,-1,-1,-3,-1,1,24840
4293,2157,1,64,11,-1,99999,-1,-1,-3,-1,1,24840
4294,2157,1,66,6,-1,99999,-1,-1,-3,-1,1,24840
4295,2157,1,415,2,-1,99999,-1,-1,-3,-1,1,24840
4296,2157,1,419,4,-1,99999,-1,-1,-3,-1,1,24840
4297,2157,1,77,9,-1,99999,-1,-1,-3,-1,1,24840
4298,2158,1,212,10,-1,99999,-1,-1,-3,-1,1,24840
4299,2159,1,32,1,-1,99999,-1,-1,-3,-1,1,24840
4300,2159,1,30,2,-1,99999,-1,-1,-3,-1,1,24840
4301,2160,1,118,9,-1,99999,-1,-1,-3,-1,1,24840
4302,2160,1,111,2,-1,99999,-1,-1,-3,-1,1,24840
4303,2161,1,30,5,-1,99999,-1,-1,-3,-1,1,24840
4304,2161,1,14,10,-1,99999,-1,-1,-3,-1,1,24840
4305,2162,1,14,4,-1,99999,-1,-1,-3,-1,1,24840
4306,2162,1,29,7,-1,99999,-1,-1,-3,-1,1,24840
4307,2162,1,137,4,-1,99999,-1,-1,-3,-1,1,24840
4308,2162,1,16,3,-1,99999,-1,-1,-3,-1,1,24840
4309,2163,1,192,5,-1,99999,-1,-1,-3,-1,1,24840
4310,2163,1,301,7,-1,99999,-1,-1,-3,-1,1,24840
4311,2163,1,415,1,-1,99999,-1,-1,-3,-1,1,24840
4312,2163,1,53,8,-1,99999,-1,-1,-3,-1,1,24840
4313,2164,1,38,6,-1,99999,-1,-1,-3,-1,1,24900
4314,2165,1,31,4,-1,99999,-1,-1,-3,-1,1,24900
4315,2165,1,93,6,-1,99999,-1,-1,-3,-1,1,24900
4316,2165,1,28,8,-1,99999,-1,-1,-3,-1,1,24900
4317,2166,1,72,4,-1,99999,-1,-1,-3,-1,1,24900
4318,2167,1,11,5,-1,99999,-1,-1,-3,-1,1,24900
4319,2167,1,39,8,-1,99999,-1,-1,-3,-1,1,24900
4320,2167,1,74,4,-1,99999,-1,-1,-3,-1,1,24900
4321,2168,1,143,5,-1,99999,-1,-1,-3,-1,1,24900
4322,2169,1,87,1,-1,99999,-1,-1,-3,-1,1,24960
4323,2169,1,74,5,-1,99999,-1,-1,-3,-1,1,24960
4324,2169,1,233,3,-1,99999,-1,-1,-3,-1,1,24960
4325,2169,1,150,11,-1,99999,-1,-1,-3,-1,1,24960
4326,2169,1,58,6,-1,99999,-1,-1,-3,-1,1,24960
4327,2169,1,97,8,-1,99999,-1,-1,-3,-1,1,24960
4328,2170,1,43,10,-1,99999,-1,-1,-3,-1,1,24960
4329,2171,1,25,10,-1,99999,-1,-1,-3,-1,1,25020
4330,2171,1,231,4,-1,99999,-1,-1,-3,-1,1,25020
4331,2171,1,43,10,-1,99999,-1,-1,-3,-1,1,25020
4332,2172,1,16,7,-1,99999,-1,-1,-3,-1,1,25020
4333,2173,1,43,10,-1,99999,-1,-1,-3,-1,1,25020
4334,2173,1,396,10,-1,99999,-1,-1,-3,-1,1,25020
4335,2173,1,46,8,-1,99999,-1,-1,-3,-1,1,25020
4336,2174,1,41,11,-1,99999,-1,-1,-3,-1,1,25020
4337,2174,1,25,5,-1,99999,-1,-1,-3,-1,1,25020
4338,2175,1,1,5,-1,99999,-1,-1,-3,-1,1,25020
4339,2175,1,158,8,-1,99999,-1,-1,-3,-1,1,25020
4340,2175,1,82,5,-1,99999,-1,-1,-3,-1,1,25020
4341,2176,1,169,7,-1,99999,-1,-1,-3,-1,1,25020
4342,2176,1,271,4,-1,99999,-1,-1,-3,-1,1,25020
4343,2177,1,55,12,-1,99999,-1,-1,-3,-1,1,25020
4344,2177,1,115,4,-1,99999,-1,-1,-3,-1,1,25020
4345,2178,1,99,6,-1,99999,-1,-1,-3,-1,1,25080
4346,2179,1,8,5,-1,99999,-1,-1,-3,-1,1,25080
4347,2179,1,460,2,-1,99999,-1,-1,-3,-1,1,25080
4348,2179,1,409,8,-1,99999,-1,-1,-3,-1,1,25080
4349,2179,1,5,10,-1,99999,-1,-1,-3,-1,1,25080
4350,2180,1,8,4,-1,99999,-1,-1,-3,-1,1,25140
4351,2180,1,5,1,-1,99999,-1,-1,-3,-1,1,25140
4352,2180,1,130,3,-1,99999,-1,-1,-3,-1,1,25140
4353,2180,1,66,6,-1,99999,-1,-1,-3,-1,1,25140
4354,2181,1,21,9,-1,99999,-1,-1,-3,-1,1,25140
4355,2182,1,126,8,-1,99999,-1,-1,-3,-1,1,25140
4356,2183,1,1,6,-1,99999,-1,-1,-3,-1,1,25140
4357,2184,1,482,10,-1,99999,-1,-1,-3,-1,1,25140
4358,2184,1,92,4,-1,99999,-1,-1,-3,-1,1,25140
4359,2185,1,195,3,-1,99999,-1,-1,-3,-1,1,25200
4360,2185,1,13,7,-1,99999,-1,-1,-3,-1,1,25200
4361,2186,1,22,2,-1,99999,-1,-1,-3,-1,1,25200
4362,2187,1,12,6,-1,99999,-1,-1,-3,-1,1,25200
4363,2187,1,6,6,-1,99999,-1,-1,-3,-1,1,25200
4364,2188,1,27,7,-1,99999,-1,-1,-3,-1,1,25200
4365,2189,1,28,10,-1,99999,-1,-1,-3,-1,1,25200
4366,2189,1,11,8,-1,99999,-1,-1,-3,-1,1,25200
4367,2190,1,38,9,-1,99999,-1,-1,-3,-1,1,25200
4368,2191,1,3,3,-1,99999,-1,-1,-3,-1,1,25260
4369,2191,1,109,9,-1,99999,-1,-1,-3,-1,1,25260
4370,2192,1,105,8,-1,99999,-1,-1,-3,-1,1,25260
4371,2193,1,300,6,-1,99999,-1,-1,-3,-1,1,25260
4372,2193,1,10,6,-1,99999,-1,-1,-3,-1,1,25260
4373,2194,1,8,8,-1,99999,-1,-1,-3,-1,1,25260
4374,2195,1,38,4,-1,99999,-1,-1,-3,-1,1,25260
4375,2196,1,28,6,-1,99999,-1,-1,-3,-1,1,25320
4376,2197,1,282,6,-1,99999,-1,-1,-3,-1,1,25320
4377,2198,1,58,8,-1,99999,-1,-1,-3,-1,1,25320
4378,2199,1,56,4,-1,99999,-1,-1,-3,-1,1,25320
4379,2200,1,0,8,-1,99999,-1,-1,-3,-1,1,25320
4380,2201,1,474,7,-1,99999,-1,-1,-3,-1,1,25320
4381,2201,1,428,4,-1,99999,-1,-1,-3,-1,1,25320
4382,2202,1,24,5,-1,99999,-1,-1,-3,-1,1,25320
4383,2202,1,124,4,-1,99999,-1,-1,-3,-1,1,25320
4384,2203,1,26,8,-1,99999,-1,-1,-3,-1,1,25380
4385,2203,1,5,2,-1,99999,-1,-1,-3,-1,1,25380
4386,2204,1,9,8,-1,99999,-1,-1,-3,-1,1,25380
4387,2205,1,129,7,-1,99999,-1,-1,-3,-1,1,25380
4388,2205,1,230,3,-1,99999,-1,-1,-3,-1,1,25380
4389,2205,1,46,9,-1,99999,-1,-1,-3,-1,1,25380
4390,2206,1,12,7,-1,99999,-1,-1,-3,-1,1,25440
4391,2207,1,461,6,-1,99999,-1,-1,-3,-1,1,25440
4392,2207,1,184,6,-1,99999,-1,-1,-3,-1,1,25440
4393,2208,1,79,8,-1,99999,-1,-1,-3,-1,1,25440
4394,2209,1,50,9,-1,99999,-1,-1,-3,-1,1,25440
4395,2210,1,0,8,-1,99999,-1,-1,-3,-1,1,25440
4396,2210,1,187,8,-1,99999,-1,-1,-3,-1,1,25440
4397,2210,1,251,4,-1,99999,-1,-1,-3,-1,1,25440
4398,2210,1,33,5,-1,99999,-1,-1,-3,-1,1,25440
4399,2211,1,352,6,-1,99999,-1,-1,-3,-1,1,25500
4400,2211,1,226,5,-1,99999,-1,-1,-3,-1,1,25500
4401,2211,1,2,8,-1,99999,-1,-1,-3,-1,1,25500
4402,2212,1,164,7,-1,99999,-1,-1,-3,-1,1,25500
4403,2213,1,5,2,-1,99999,-1,-1,-3,-1,1,25560
4404,2214,1,26,6,-1,99999,-1,-1,-3,-1,1,25560
4405,2214,1,261,6,-1,99999,-1,-1,-3,-1,1,25560
4406,2215,1,32,12,-1,99999,-1,-1,-3,-1,1,25560
4407,2216,1,12,10,-1,99999,-1,-1,-3,-1,1,25560
4408,2216,1,291,6,-1,99999,-1,-1,-3,-1,1,25560
4409,2217,1,255,10,-1,99999,-1,-1,-3,-1,1,25560
4410,2217,1,187,2,-1,99999,-1,-1,-3,-1,1,25560
4411,2217,1,155,7,-1,99999,-1,-1,-3,-1,1,25560
4412,2218,1,386,4,-1,99999,-1,-1,-3,-1,1,25620
4413,2218,1,99,5,-1,99999,-1,-1,-3,-1,1,25620
4414,2218,1,389,8,-1,99999,-1,-1,-3,-1,1,25620
4415,2219,1,42,4,-1,99999,-1,-1,-3,-1,1,25620
4416,2219,1,56,7,-1,99999,-1,-1,-3,-1,1,25620
4417,2219,1,14,9,-1,99999,-1,-1,-3,-1,1,25620
4418,2219,1,1,7,-1,99999,-1,-1,-3,-1,1,25620
4419,2219,1,29,7,-1,99999,-1,-1,-3,-1,1,25620
4420,2219,1,352,6,-1,99999,-1,-1,-3,-1,1,25620
4421,2219,1,30,4,-1,99999,-1,-1,-3,-1,1,25620
4422,2220,1,195,8,-1,99999,-1,-1,-3,-1,1,25620
4423,2220,1,5,7,-1,99999,-1,-1,-3,-1,1,25620
4424,2220,1,12,7,-1,99999,-1,-1,-3,-1,1,25620
4425,2221,1,117,8,-1,99999,-1,-1,-3,-1,1,25680
4426,2222,1,36,10,-1,99999,-1,-1,-3,-1,1,25680
4427,2222,1,76,5,-1,99999,-1,-1,-3,-1,1,25680
4428,2223,1,117,4,-1,99999,-1,-1,-3,-1,1,25680
4429,2224,1,86,8,-1,99999,-1,-1,-3,-1,1,25680
4430,2225,1,292,9,-1,99999,-1,-1,-3,-1,1,25680
4431,2226,1,30,8,-1,99999,-1,-1,-3,-1,1,25680
4432,2227,1,14,9,-1,99999,-1,-1,-3,-1,1,25680
4433,2228,1,12,8,-1,99999,-1,-1,-3,-1,1,25740
4434,2228,1,20,8,-1,99999,-1,-1,-3,-1,1,25740
4435,2228,1,180,8,-1,99999,-1,-1,-3,-1,1,25740
4436,2229,1,51,6,-1,99999,-1,-1,-3,-1,1,25740
4437,2229,1,85,4,-1,99999,-1,-1,-3,-1,1,25740
4438,2229,1,13,2,-1,99999,-1,-1,-3,-1,1,25740
4439,2230,1,6,2,-1,99999,-1,-1,-3,-1,1,25740
4440,2231,1,39,8,-1,99999,-1,-1,-3,-1,1,25800
4441,2232,1,405,8,-1,99999,-1,-1,-3,-1,1,25800
4442,2232,1,0,7,-1,99999,-1,-1,-3,-1,1,25800
4443,2232,1,176,12,-1,99999,-1,-1,-3,-1,1,25800
4444,2232,1,3,7,-1,99999,-1,-1,-3,-1,1,25800
4445,2232,1,27,1,-1,99999,-1,-1,-3,-1,1,25800
4446,2233,1,81,1,-1,99999,-1,-1,-3,-1,1,25860
4447,2234,1,243,4,-1,99999,-1,-1,-3,-1,1,25860
4448,2235,1,35,4,-1,99999,-1,-1,-3,-1,1,25860
4449,2236,1,7,2,-1,99999,-1,-1,-3,-1,1,25860
4450,2236,1,269,4,-1,99999,-1,-1,-3,-1,1,25860
4451,2237,1,53,12,-1,99999,-1,-1,-3,-1,1,25920
4452,2237,1,209,4,-1,99999,-1,-1,-3,-1,1,25920
4453,2237,1,44,6,-1,99999,-1,-1,-3,-1,1,25920
4454,2237,1,274,11,-1,99999,-1,-1,-3,-1,1,25920
4455,2238,1,6,5,-1,99999,-1,-1,-3,-1,1,25920
4456,2238,1,28,1,-1,99999,-1,-1,-3,-1,1,25920
4457,2239,1,310,11,-1,99999,-1,-1,-3,-1,1,25920
4458,2239,1,39,6,-1,99999,-1,-1,-3,-1,1,25920
4459,2239,1,215,8,-1,99999,-1,-1,-3,-1,1,25920
4460,2239,1,44,9,-1,99999,-1,-1,-3,-1,1,25920
4461,2240,1,33,9,-1,99999,-1,-1,-3,-1,1,25920
4462,2241,1,43,10,-1,99999,-1,-1,-3,-1,1,25980
4463,2241,1,0,12,-1,99999,-1,-1,-3,-1,1,25980
4464,2241,1,458,6,-1,99999,-1,-1,-3,-1,1,25980
4465,2242,1,16,3,-1,99999,-1,-1,-3,-1,1,25980
4466,2243,1,179,7,-1,99999,-1,-1,-3,-1,1,25980
4467,2243,1,42,5,-1,99999,-1,-1,-3,-1,1,25980
4468,2243,1,202,12,-1,99999,-1,-1,-3,-1,1,25980
4469,2244,1,379,8,-1,99999,-1,-1,-3,-1,1,25980
4470,2244,1,58,10,-1,99999,-1,-1,-3,-1,1,25980
4471,2244,1,153,10,-1,99999,-1,-1,-3,-1,1,25980
4472,2244,1,182,7,-1,99999,-1,-1,-3,-1,1,25980
4473,2245,1,93,6,-1,99999,-1,-1,-3,-1,1,26040
4474,2245,1,44,3,-1,99999,-1,-1,-3,-1,1,26040
4475,2246,1,95,8,-1,99999,-1,-1,-3,-1,1,26040
4476,2247,1,17,2,-1,99999,-1,-1,-3,-1,1,26040
4477,2248,1,41,4,-1,99999,-1,-1,-3,-1,1,26100
4478,2249,1,4,12,-1,99999,-1,-1,-3,-1,1,26100
4479,2250,1,3,10,-1,99999,-1,-1,-3,-1,1,26100
4480,2250,1,8,6,-1,99999,-1,-1,-3,-1,1,26100
4481,2250,1,10,6,-1,99999,-1,-1,-3,-1,1,26100
4482,2251,1,42,10,-1,99999,-1,-1,-3,-1,1,26100
4483,2251,1,400,2,-1,99999,-1,-1,-3,-1,1,26100
4484,2252,1,71,4,-1,99999,-1,-1,-3,-1,1,26100
4485,2253,1,329,3,-1,99999,-1,-1,-3,-1,1,26100
4486,2253,1,84,6,-1,99999,-1,-1,-3,-1,1,26100
4487,2253,1,26,8,-1,99999,-1,-1,-3,-1,1,26100
4488,2254,1,145,3,-1,99999,-1,-1,-3,-1,1,26160
4489,2254,1,358,5,-1,99999,-1,-1,-3,-1,1,26160
4490,2255,1,302,5,-1,99999,-1,-1,-3,-1,1,26160
4491,2255,1,189,8,-1,99999,-1,-1,-3,-1,1,26160
4492,2255,1,48,6,-1,99999,-1,-1,-3,-1,1,26160
4493,2255,1,308,8,-1,99999,-1,-1,-3,-1,1,26160
4494,2255,1,10,2,-1,99999,-1,-1,-3,-1,1,26160
4495,2256,1,34,2,-1,99999,-1,-1,-3,-1,1,26160
4496,2256,1,26,11,-1,99999,-1,-1,-3,-1,1,26160
4497,2256,1,41,9,-1,99999,-1,-1,-3,-1,1,26160
4498,2257,1,15,8,-1,99999,-1,-1,-3,-1,1,26160
4499,2257,1,7,2,-1,99999,-1,-1,-3,-1,1,26160
4500,2257,1,184,5,-1,99999,-1,-1,-3,-1,1,26160
4501,2257,1,1,9,-1,99999,-1,-1,-3,-1,1,26160
4502,2258,1,212,3,-1,99999,-1,-1,-3,-1,1,26220
4503,2259,1,125,10,-1,99999,-1,-1,-3,-1,1,26220
4504,2259,1,21,6,-1,99999,-1,-1,-3,-1,1,26220
4505,2260,1,325,8,-1,99999,-1,-1,-3,-1,1,26220
4506,2261,1,167,6,-1,99999,-1,-1,-3,-1,1,26220
4507,2262,1,115,4,-1,99999,-1,-1,-3,-1,1,26220
4508,2263,1,16,6,-1,99999,-1,-1,-3,-1,1,26220
4509,2264,1,141,3,-1,99999,-1,-1,-3,-1,1,26220
4510,2264,1,15,3,-1,99999,-1,-1,-3,-1,1,26220
4511,2264,1,24,8,-1,99999,-1,-1,-3,-1,1,26220
4512,2265,1,132,6,-1,99999,-1,-1,-3,-1,1,26220
4513,2265,1,13,7,-1,99999,-1,-1,-3,-1,1,26220
4514,2266,1,17,6,-1,99999,-1,-1,-3,-1,1,26280
4515,2266,1,13,6,-1,99999,-1,-1,-3,-1,1,26280
4516,2266,1,8,2,-1,99999,-1,-1,-3,-1,1,26280
4517,2267,1,87,10,-1,99999,-1,-1,-3,-1,1,26280
4518,2268,1,486,5,-1,99999,-1,-1,-3,-1,1,26280
4519,2269,1,383,2,-1,99999,-1,-1,-3,-1,1,26340
4520,2270,1,67,4,-1,99999,-1,-1,-3,-1,1,26340
4521,2271,1,80,6,-1,99999,-1,-1,-3,-1,1,26340
4522,2271,1,468,10,-1,99999,-1,-1,-3,-1,1,26340
4523,2271,1,0,6,-1,99999,-1,-1,-3,-1,1,26340
4524,2271,1,383,8,-1,99999,-1,-1,-3,-1,1,26340
4525,2271,1,27,6,-1,99999,-1,-1,-3,-1,1,26340
4526,2271,1,46,5,-1,99999,-1,-1,-3,-1,1,26340
4527,2271,1,36,10,-1,99999,-1,-1,-3,-1,1,26340
4528,2271,1,14,2,-1,99999,-1,-1,-3,-1,1,26340
4529,2271,1,126,6,-1,99999,-1,-1,-3,-1,1,26340
4530,2271,1,1,3,-1,99999,-1,-1,-3,-1,1,26340
4531,2272,1,37,7,-1,99999,-1,-1,-3,-1,1,26340
4532,2273,1,23,6,-1,99999,-1,-1,-3,-1,1,26340
4533,2274,1,272,3,-1,99999,-1,-1,-3,-1,1,26340
4534,2275,1,98,4,-1,99999,-1,-1,-3,-1,1,26400
4535,2275,1,16,8,-1,99999,-1,-1,-3,-1,1,26400
4536,2275,1,10,2,-1,99999,-1,-1,-3,-1,1,26400
4537,2276,1,83,8,-1,99999,-1,-1,-3,-1,1,26400
4538,2277,1,38,5,-1,99999,-1,-1,-3,-1,1,26400
4539,2277,1,113,10,-1,99999,-1,-1,-3,-1,1,26400
4540,2277,1,157,8,-1,99999,-1,-1,-3,-1,1,26400
4541,2277,1,47,8,-1,99999,-1,-1,-3,-1,1,26400
4542,2277,1,185,8,-1,99999,-1,-1,-3,-1,1,26400
4543,2277,1,87,5,-1,99999,-1,-1,-3,-1,1,26400
4544,2277,1,465,6,-1,99999,-1,-1,-3,-1,1,26400
4545,2278,1,6,8,-1,99999,-1,-1,-3,-1,1,26400
4546,2279,1,217,8,-1,99999,-1,-1,-3,-1,1,26400
4547,2280,1,91,8,-1,99999,-1,-1,-3,-1,1,26400
4548,2281,1,326,8,-1,99999,-1,-1,-3,-1,1,26400
4549,2282,1,3,6,-1,99999,-1,-1,-3,-1,1,26460
4550,2282,1,8,7,-1,99999,-1,-1,-3,-1,1,26460
4551,2282,1,5,8,-1,99999,-1,-1,-3,-1,1,26460
4552,2282,1,348,10,-1,99999,-1,-1,-3,-1,1,26460
4553,2282,1,196,5,-1,99999,-1,-1,-3,-1,1,26460
4554,2283,1,62,6,-1,99999,-1,-1,-3,-1,1,26460
4555,2284,1,16,8,-1,99999,-1,-1,-3,-1,1,26460
4556,2285,1,9,4,-1,99999,-1,-1,-3,-1,1,26460
4557,2286,1,23,12,-1,99999,-1,-1,-3,-1,1,26460
4558,2287,1,349,8,-1,99999,-1,-1,-3,-1,1,26520
4559,2287,1,63,6,-1,99999,-1,-1,-3,-1,1,26520
4560,2288,1,75,10,-1,99999,-1,-1,-3,-1,1,26520
4561,2288,1,1,6,-1,99999,-1,-1,-3,-1,1,26520
4562,2289,1,185,9,-1,99999,-1,-1,-3,-1,1,26580
4563,2289,1,43,8,-1,99999,-1,-1,-3,-1,1,26580
4564,2290,1,36,5,-1,99999,-1,-1,-3,-1,1,26580
4565,2290,1,10,10,-1,99999,-1,-1,-3,-1,1,26580
4566,2290,1,11,5,-1,99999,-1,-1,-3,-1,1,26580
4567,2290,1,43,4,-1,99999,-1,-1,-3,-1,1,26580
4568,2290,1,151,12,-1,99999,-1,-1,-3,-1,1,26580
4569,2291,1,0,2,-1,99999,-1,-1,-3,-1,1,26580
4570,2291,1,150,5,-1,99999,-1,-1,-3,-1,1,26580
4571,2292,1,228,5,-1,99999,-1,-1,-3,-1,1,26580
4572,2293,1,0,6,-1,99999,-1,-1,-3,-1,1,26580
4573,2293,1,18,7,-1,99999,-1,-1,-3,-1,1,26580
4574,2293,1,135,9,-1,99999,-1,-1,-3,-1,1,26580
4575,2294,1,384,7,-1,99999,-1,-1,-3,-1,1,26640
4576,2294,1,144,11,-1,99999,-1,-1,-3,-1,1,26640
4577,2295,1,29,11,-1,99999,-1,-1,-3,-1,1,26640
4578,2296,1,6,8,-1,99999,-1,-1,-3,-1,1,26640
4579,2297,1,121,6,-1,99999,-1,-1,-3,-1,1,26640
4580,2297,1,21,2,-1,99999,-1,-1,-3,-1,1,26640
4581,2298,1,49,7,-1,99999,-1,-1,-3,-1,1,26640
4582,2298,1,138,5,-1,99999,-1,-1,-3,-1,1,26640
4583,2299,1,87,10,-1,99999,-1,-1,-3,-1,1,26700
4584,2300,1,39,6,-1,99999,-1,-1,-3,-1,1,26700
4585,2300,1,97,12,-1,99999,-1,-1,-3,-1,1,26700
4586,2301,1,55,2,-1,99999,-1,-1,-3,-1,1,26760
4587,2301,1,27,10,-1,99999,-1,-1,-3,-1,1,26760
4588,2302,1,26,5,-1,99999,-1,-1,-3,-1,1,26760
4589,2302,1,16,9,-1,99999,-1,-1,-3,-1,1,26760
4590,2302,1,147,6,-1,99999,-1,-1,-3,-1,1,26760
4591,2302,1,10,6,-1,99999,-1,-1,-3,-1,1,26760
4592,2303,1,11,9,-1,99999,-1,-1,-3,-1,1,26760
4593,2303,1,93,8,-1,99999,-1,-1,-3,-1,1,26760
4594,2304,1,79,4,-1,99999,-1,-1,-3,-1,1,26760
4595,2304,1,31,8,-1,99999,-1,-1,-3,-1,1,26760
4596,2304,1,1,4,-1,99999,-1,-1,-3,-1,1,26760
4597,2304,1,260,6,-1,99999,-1,-1,-3,-1,1,26760
4598,2304,1,121,10,-1,99999,-1,-1,-3,-1,1,26760
4599,2304,1,153,3,-1,99999,-1,-1,-3,-1,1,26760
4600,2304,1,6,8,-1,99999,-1,-1,-3,-1,1,26760
4601,2305,1,15,8,-1,99999,-1,-1,-3,-1,1,26820
4602,2306,1,43,5,-1,99999,-1,-1,-3,-1,1,26820
4603,2306,1,392,9,-1,99999,-1,-1,-3,-1,1,26820
4604,2306,1,34,5,-1,99999,-1,-1,-3,-1,1,26820
4605,2307,1,78,4,-1,99999,-1,-1,-3,-1,1,26820
4606,2308,1,1,8,-1,99999,-1,-1,-3,-1,1,26880
4607,2308,1,22,5,-1,99999,-1,-1,-3,-1,1,26880
4608,2309,1,212,10,-1,99999,-1,-1,-3,-1,1,26880
4609,2309,1,12,6,-1,99999,-1,-1,-3,-1,1,26880
4610,2309,1,5,8,-1,99999,-1,-1,-3,-1,1,26880
4611,2309,1,15,2,-1,99999,-1,-1,-3,-1,1,26880
4612,2309,1,91,5,-1,99999,-1,-1,-3,-1,1,26880
4613,2310,1,29,6,-1,99999,-1,-1,-3,-1,1,26880
4614,2310,1,7,6,-1,99999,-1,-1,-3,-1,1,26880
4615,2311,1,336,6,-1,99999,-1,-1,-3,-1,1,26880
4616,2311,1,88,6,-1,99999,-1,-1,-3,-1,1,26880
4617,2312,1,62,6,-1,99999,-1,-1,-3,-1,1,26880
4618,2312,1,315,4,-1,99999,-1,-1,-3,-1,1,26880
4619,2312,1,100,7,-1,99999,-1,-1,-3,-1,1,26880
4620,2313,1,258,6,-1,99999,-1,-1,-3,-1,1,26940
4621,2314,1,26,8,-1,99999,-1,-1,-3,-1,1,26940
4622,2314,1,51,10,-1,99999,-1,-1,-3,-1,1,26940
4623,2315,1,77,2,-1,99999,-1,-1,-3,-1,1,26940
4624,2315,1,14,4,-1,99999,-1,-1,-3,-1,1,26940
4625,2315,1,48,7,-1,99999,-1,-1,-3,-1,1,26940
4626,2315,1,45,9,-1,99999,-1,-1,-3,-1,1,26940
4627,2316,1,9,9,-1,99999,-1,-1,-3,-1,1,26940
4628,2317,1,219,8,-1,99999,-1,-1,-3,-1,1,27000
4629,2317,1,14,12,-1,99999,-1,-1,-3,-1,1,27000
4630,2318,1,18,7,-1,99999,-1,-1,-3,-1,1,27000
4631,2319,1,36,4,-1,99999,-1,-1,-3,-1,1,27000
4632,2320,1,36,3,-1,99999,-1,-1,-3,-1,1,27000
4633,2320,1,224,5,-1,99999,-1,-1,-3,-1,1,27000
4634,2320,1,40,8,-1,99999,-1,-1,-3,-1,1,27000
4635,2321,1,219,10,-1,99999,-1,-1,-3,-1,1,27000
4636,2321,1,1,5,-1,99999,-1,-1,-3,-1,1,27000
4637,2321,1,45,4,-1,99999,-1,-1,-3,-1,1,27000
4638,2322,1,40,9,-1,99999,-1,-1,-3,-1,1,27060
4639,2323,1,7,10,-1,99999,-1,-1,-3,-1,1,27060
4640,2324,1,8,4,-1,99999,-1,-1,-3,-1,1,27060
4641,2324,1,42,12,-1,99999,-1,-1,-3,-1,1,27060
4642,2325,1,6,4,-1,99999,-1,-1,-3,-1,1,27060
4643,2326,1,5,10,-1,99999,-1,-1,-3,-1,1,27060
4644,2326,1,87,10,-1,99999,-1,-1,-3,-1,1,27060
4645,2326,1,54,7,-1,99999,-1,-1,-3,-1,1,27060
4646,2327,1,430,5,-1,99999,-1,-1,-3,-1,1,27120
4647,2327,1,49,8,-1,99999,-1,-1,-3,-1,1,27120
4648,2328,1,192,3,-1,99999,-1,-1,-3,-1,1,27120
4649,2328,1,210,6,-1,99999,-1,-1,-3,-1,1,27120
4650,2328,1,5,3,-1,99999,-1,-1,-3,-1,1,27120
4651,2328,1,28,8,-1,99999,-1,-1,-3,-1,1,27120
4652,2329,1,498,12,-1,99999,-1,-1,-3,-1,1,27120
4653,2329,1,9,8,-1,99999,-1,-1,-3,-1,1,27120
4654,2329,1,26,6,-1,99999,-1,-1,-3,-1,1,27120
4655,2329,1,27,7,-1,99999,-1,-1,-3,-1,1,27120
4656,2329,1,45,4,-1,99999,-1,-1,-3,-1,1,27120
4657,2330,1,108,2,-1,99999,-1,-1,-3,-1,1,27120
4658,2330,1,34,6,-1,99999,-1,-1,-3,-1,1,27120
4659,2330,1,251,5,-1,99999,-1,-1,-3,-1,1,27120
4660,2330,1,0,6,-1,99999,-1,-1,-3,-1,1,27120
4661,2331,1,2,9,-1,99999,-1,-1,-3,-1,1,27120
4662,2332,1,100,5,-1,99999,-1,-1,-3,-1,1,27180
4663,2333,1,67,8,-1,99999,-1,-1,-3,-1,1,27180
4664,2333,1,80,12,-1,99999,-1,-1,-3,-1,1,27180
4665,2333,1,11,7,-1,99999,-1,-1,-3,-1,1,27180
4666,2334,1,12,5,-1,99999,-1,-1,-3,-1,1,27180
4667,2334,1,257,9,-1,99999,-1,-1,-3,-1,1,27180
4668,2334,1,20,6,-1,99999,-1,-1,-3,-1,1,27180
4669,2335,1,5,2,-1,99999,-1,-1,-3,-1,1,27180
4670,2336,1,7,6,-1,99999,-1,-1,-3,-1,1,27180
4671,2337,1,44,3,-1,99999,-1,-1,-3,-1,1,27180
4672,2337,1,218,6,-1,99999,-1,-1,-3,-1,1,27180
4673,2337,1,3,4,-1,99999,-1,-1,-3,-1,1,27180
4674,2338,1,486,4,-1,99999,-1,-1,-3,-1,1,27180
4675,2339,1,79,8,-1,99999,-1,-1,-3,-1,1,27180
4676,2340,1,48,8,-1,99999,-1,-1,-3,-1,1,27180
4677,2340,1,195,9,-1,99999,-1,-1,-3,-1,1,27180
4678,2340,1,28,9,-1,99999,-1,-1,-3,-1,1,27180
4679,2340,1,180,4,-1,99999,-1,-1,-3,-1,1,27180
4680,2341,1,6,7,-1,99999,-1,-1,-3,-1,1,27180
4681,2341,1,390,9,-1,99999,-1,-1,-3,-1,1,27180
4682,2341,1,52,9,-1,99999,-1,-1,-3,-1,1,27180
4683,2341,1,349,12,-1,99999,-1,-1,-3,-1,1,27180
4684,2341,1,27,10,-1,99999,-1,-1,-3,-1,1,27180
4685,2341,1,7,7,-1,99999,-1,-1,-3,-1,1,27180
4686,2341,1,22,8,-1,99999,-1,-1,-3,-1,1,27180
4687,2341,1,34,5,-1,99999,-1,-1,-3,-1,1,27180
4688,2341,1,313,6,-1,99999,-1,-1,-3,-1,1,27180
4689,2342,1,34,4,-1,99999,-1,-1,-3,-1,1,27180
4690,2343,1,258,3,-1,99999,-1,-1,-3,-1,1,27180
4691,2344,1,12,8,-1,99999,-1,-1,-3,-1,1,27180
4692,2345,1,170,12,-1,99999,-1,-1,-3,-1,1,27240
4693,2345,1,110,4,-1,99999,-1,-1,-3,-1,1,27240
4694,2346,1,393,6,-1,99999,-1,-1,-3,-1,1,27240
4695,2346,1,0,11,-1,99999,-1,-1,-3,-1,1,27240
4696,2346,1,8,8,-1,99999,-1,-1,-3,-1,1,27240
4697,2347,1,40,12,-1,99999,-1,-1,-3,-1,1,27240
4698,2347,1,354,4,-1,99999,-1,-1,-3,-1,1,27240
4699,2348,1,0,2,-1,99999,-1,-1,-3,-1,1,27240
4700,2348,1,294,8,-1,99999,-1,-1,-3,-1,1,27240
4701,2349,1,31,8,-1,99999,-1,-1,-3,-1,1,27240
4702,2349,1,113,8,-1,99999,-1,-1,-3,-1,1,27240
4703,2349,1,7,10,-1,99999,-1,-1,-3,-1,1,27240
4704,2349,1,38,2,-1,99999,-1,-1,-3,-1,1,27240
4705,2350,1,23,8,-1,99999,-1,-1,-3,-1,1,27240
4706,2351,1,15,9,-1,99999,-1,-1,-3,-1,1,27240
4707,2351,1,4,6,-1,99999,-1,-1,-3,-1,1,27240
4708,2351,1,18,6,-1,99999,-1,-1,-3,-1,1,27240
4709,2351,1,1,4,-1,99999,-1,-1,-3,-1,1,27240
4710,2351,1,10,9,-1,99999,-1,-1,-3,-1,1,27240
4711,2352,1,22,6,-1,99999,-1,-1,-3,-1,1,27240
4712,2352,1,9,10,-1,99999,-1,-1,-3,-1,1,27240
4713,2353,1,202,6,-1,99999,-1,-1,-3,-1,1,27300
4714,2354,1,64,5,-1,99999,-1,-1,-3,-1,1,27360
4715,2354,1,34,6,-1,99999,-1,-1,-3,-1,1,27360
4716,2354,1,24,8,-1,99999,-1,-1,-3,-1,1,27360
4717,2355,1,133,2,-1,99999,-1,-1,-3,-1,1,27360
4718,2355,1,399,6,-1,99999,-1,-1,-3,-1,1,27360
4719,2356,1,41,8,-1,99999,-1,-1,-3,-1,1,27360
4720,2356,1,148,6,-1,99999,-1,-1,-3,-1,1,27360
4721,2357,1,11,4,-1,99999,-1,-1,-3,-1,1,27360
4722,2358,1,346,9,-1,99999,-1,-1,-3,-1,1,27360
4723,2358,1,43,1,-1,99999,-1,-1,-3,-1,1,27360
4724,2359,1,19,4,-1,99999,-1,-1,-3,-1,1,27360
4725,2360,1,119,9,-1,99999,-1,-1,-3,-1,1,27420
4726,2360,1,75,4,-1,99999,-1,-1,-3,-1,1,27420
4727,2360,1,24,9,-1,99999,-1,-1,-3,-1,1,27420
4728,2361,1,21,9,-1,99999,-1,-1,-3,-1,1,27420
4729,2361,1,10,8,-1,99999,-1,-1,-3,-1,1,27420
4730,2361,1,201,9,-1,99999,-1,-1,-3,-1,1,27420
4731,2361,1,26,4,-1,99999,-1,-1,-3,-1,1,27420
4732,2361,1,22,5,-1,99999,-1,-1,-3,-1,1,27420
4733,2361,1,33,8,-1,99999,-1,-1,-3,-1,1,27420
4734,2362,1,14,6,-1,99999,-1,-1,-3,-1,1,27420
4735,2362,1,154,5,-1,99999,-1,-1,-3,-1,1,27420
4736,2362,1,22,12,-1,99999,-1,-1,-3,-1,1,27420
4737,2363,1,300,6,-1,99999,-1,-1,-3,-1,1,27480
4738,2364,1,1,9,-1,99999,-1,-1,-3,-1,1,27480
4739,2364,1,11,8,-1,99999,-1,-1,-3,-1,1,27480
4740,2364,1,33,10,-1,99999,-1,-1,-3,-1,1,27480
4741,2365,1,121,2,-1,99999,-1,-1,-3,-1,1,27480
4742,2366,1,238,4,-1,99999,-1,-1,-3,-1,1,27540
4743,2366,1,138,11,-1,99999,-1,-1,-3,-1,1,27540
4744,2366,1,344,4,-1,99999,-1,-1,-3,-1,1,27540
4745,2367,1,16,4,-1,99999,-1,-1,-3,-1,1,27540
4746,2368,1,5,10,-1,99999,-1,-1,-3,-1,1,27540
4747,2369,1,41,1,-1,99999,-1,-1,-3,-1,1,27540
4748,2369,1,58,6,-1,99999,-1,-1,-3,-1,1,27540
4749,2369,1,366,6,-1,99999,-1,-1,-3,-1,1,27540
4750,2370,1,18,6,-1,99999,-1,-1,-3,-1,1,27540
4751,2370,1,43,5,-1,99999,-1,-1,-3,-1,1,27540
4752,2370,1,1,2,-1,99999,-1,-1,-3,-1,1,27540
4753,2371,1,0,4,-1,99999,-1,-1,-3,-1,1,27540
4754,2372,1,38,2,-1,99999,-1,-1,-3,-1,1,27600
4755,2373,1,348,5,-1,99999,-1,-1,-3,-1,1,27600
4756,2373,1,296,2,-1,99999,-1,-1,-3,-1,1,27600
4757,2374,1,9,6,-1,99999,-1,-1,-3,-1,1,27600
4758,2374,1,373,10,-1,99999,-1,-1,-3,-1,1,27600
4759,2374,1,42,6,-1,99999,-1,-1,-3,-1,1,27600
4760,2374,1,2,8,-1,99999,-1,-1,-3,-1,1,27600
4761,2374,1,3,6,-1,99999,-1,-1,-3,-1,1,27600
4762,2374,1,155,5,-1,99999,-1,-1,-3,-1,1,27600
4763,2375,1,20,8,-1,99999,-1,-1,-3,-1,1,27600
4764,2375,1,441,4,-1,99999,-1,-1,-3,-1,1,27600
4765,2375,1,73,11,-1,99999,-1,-1,-3,-1,1,27600
4766,2376,1,12,11,-1,99999,-1,-1,-3,-1,1,27600
4767,2377,1,52,9,-1,99999,-1,-1,-3,-1,1,27600
4768,2378,1,234,5,-1,99999,-1,-1,-3,-1,1,27660
4769,2379,1,75,4,-1,99999,-1,-1,-3,-1,1,27660
4770,2380,1,78,9,-1,99999,-1,-1,-3,-1,1,27660
4771,2380,1,76,5,-1,99999,-1,-1,-3,-1,1,27660
4772,2381,1,20,11,-1,99999,-1,-1,-3,-1,1,27660
4773,2382,1,70,12,-1,99999,-1,-1,-3,-1,1,27660
4774,2382,1,466,12,-1,99999,-1,-1,-3,-1,1,27660
4775,2383,1,78,10,-1,99999,-1,-1,-3,-1,1,27660
4776,2383,1,287,7,-1,99999,-1,-1,-3,-1,1,27660
4777,2383,1,403,2,-1,99999,-1,-1,-3,-1,1,27660
4778,2384,1,28,6,-1,99999,-1,-1,-3,-1,1,27660
4779,2385,1,3,4,-1,99999,-1,-1,-3,-1,1,27720
4780,2386,1,55,6,-1,99999,-1,-1,-3,-1,1,27720
4781,2386,1,235,7,-1,99999,-1,-1,-3,-1,1,27720
4782,2387,1,3,6,-1,99999,-1,-1,-3,-1,1,27720
4783,2387,1,2,6,-1,99999,-1,-1,-3,-1,1,27720
4784,2388,1,119,3,-1,99999,-1,-1,-3,-1,1,27720
4785,2388,1,38,5,-1,99999,-1,-1,-3,-1,1,27720
4786,2388,1,22,6,-1,99999,-1,-1,-3,-1,1,27720
4787,2389,1,268,11,-1,99999,-1,-1,-3,-1,1,27720
4788,2390,1,35,10,-1,99999,-1,-1,-3,-1,1,27720
4789,2390,1,390,12,-1,99999,-1,-1,-3,-1,1,27720
4790,2391,1,318,5,-1,99999,-1,-1,-3,-1,1,27780
4791,2391,1,12,12,-1,99999,-1,-1,-3,-1,1,27780
4792,2391,1,0,3,-1,99999,-1,-1,-3,-1,1,27780
4793,2392,1,187,6,-1,99999,-1,-1,-3,-1,1,27780
4794,2392,1,47,2,-1,99999,-1,-1,-3,-1,1,27780
4795,2392,1,6,7,-1,99999,-1,-1,-3,-1,1,27780
4796,2392,1,29,12,-1,99999,-1,-1,-3,-1,1,27780
4797,2393,1,57,6,-1,99999,-1,-1,-3,-1,1,27780
4798,2393,1,84,8,-1,99999,-1,-1,-3,-1,1,27780
4799,2394,1,221,8,-1,99999,-1,-1,-3,-1,1,27780
4800,2394,1,97,4,-1,99999,-1,-1,-3,-1,1,27780
4801,2394,1,37,10,-1,99999,-1,-1,-3,-1,1,27780
4802,2395,1,6,10,-1,99999,-1,-1,-3,-1,1,27840
4803,2395,1,9,6,-1,99999,-1,-1,-3,-1,1,27840
4804,2396,1,158,4,-1,99999,-1,-1,-3,-1,1,27840
4805,2397,1,41,8,-1,99999,-1,-1,-3,-1,1,27840
4806,2398,1,135,6,-1,99999,-1,-1,-3,-1,1,27960
4807,2398,1,45,6,-1,99999,-1,-1,-3,-1,1,27960
4808,2399,1,55,6,-1,99999,-1,-1,-3,-1,1,27960
4809,2399,1,164,8,-1,99999,-1,-1,-3,-1,1,27960
4810,2399,1,23,8,-1,99999,-1,-1,-3,-1,1,27960
4811,2400,1,411,4,-1,99999,-1,-1,-3,-1,1,27960
4812,2401,1,82,6,-1,99999,-1,-1,-3,-1,1,28020
4813,2401,1,184,12,-1,99999,-1,-1,-3,-1,1,28020
4814,2402,1,29,6,-1,99999,-1,-1,-3,-1,1,28020
4815,2403,1,47,4,-1,99999,-1,-1,-3,-1,1,28020
4816,2403,1,456,6,-1,99999,-1,-1,-3,-1,1,28020
4817,2403,1,106,8,-1,99999,-1,-1,-3,-1,1,28020
4818,2403,1,371,1,-1,99999,-1,-1,-3,-1,1,28020
4819,2403,1,196,2,-1,99999,-1,-1,-3,-1,1,28020
4820,2404,1,0,6,-1,99999,-1,-1,-3,-1,1,28080
4821,2405,1,149,11,-1,99999,-1,-1,-3,-1,1,28080
4822,2405,1,14,6,-1,99999,-1,-1,-3,-1,1,28080
4823,2405,1,18,6,-1,99999,-1,-1,-3,-1,1,28080
4824,2406,1,123,4,-1,99999,-1,-1,-3,-1,1,28140
4825,2406,1,195,6,-1,99999,-1,-1,-3,-1,1,28140
4826,2406,1,25,7,-1,99999,-1,-1,-3,-1,1,28140
4827,2406,1,94,8,-1,99999,-1,-1,-3,-1,1,28140
4828,2407,1,486,11,-1,99999,-1,-1,-3,-1,1,28140
4829,2407,1,485,6,-1,99999,-1,-1,-3,-1,1,28140
4830,2408,1,8,5,-1,99999,-1,-1,-3,-1,1,28140
4831,2408,1,62,8,-1,99999,-1,-1,-3,-1,1,28140
4832,2408,1,136,8,-1,99999,-1,-1,-3,-1,1,28140
4833,2409,1,57,8,-1,99999,-1,-1,-3,-1,1,28140
4834,2410,1,74,2,-1,99999,-1,-1,-3,-1,1,28140
4835,2411,1,159,8,-1,99999,-1,-1,-3,-1,1,28140
4836,2412,1,65,9,-1,99999,-1,-1,-3,-1,1,28200
4837,2412,1,10,4,-1,99999,-1,-1,-3,-1,1,28200
4838,2412,1,34,2,-1,99999,-1,-1,-3,-1,1,28200
4839,2413,1,16,10,-1,99999,-1,-1,-3,-1,1,28200
4840,2414,1,153,9,-1,99999,-1,-1,-3,-1,1,28200
4841,2415,1,494,8,-1,99999,-1,-1,-3,-1,1,28260
4842,2416,1,386,4,-1,99999,-1,-1,-3,-1,1,28320
4843,2417,1,33,9,-1,99999,-1,-1,-3,-1,1,28320
4844,2417,1,16,6,-1,99999,-1,-1,-3,-1,1,28320
4845,2417,1,2,2,-1,99999,-1,-1,-3,-1,1,28320
4846,2417,1,43,8,-1,99999,-1,-1,-3,-1,1,28320
4847,2417,1,34,6,-1,99999,-1,-1,-3,-1,1,28320
4848,2417,1,189,8,-1,99999,-1,-1,-3,-1,1,28320
4849,2417,1,121,12,-1,99999,-1,-1,-3,-1,1,28320
4850,2418,1,329,2,-1,99999,-1,-1,-3,-1,1,28320
4851,2419,1,72,11,-1,99999,-1,-1,-3,-1,1,28320
4852,2419,1,20,12,-1,99999,-1,-1,-3,-1,1,28320
4853,2420,1,64,6,-1,99999,-1,-1,-3,-1,1,28320
4854,2421,1,17,2,-1,99999,-1,-1,-3,-1,1,28320
4855,2422,1,15,6,-1,99999,-1,-1,-3,-1,1,28380
4856,2423,1,296,1,-1,99999,-1,-1,-3,-1,1,28380
4857,2423,1,122,8,-1,99999,-1,-1,-3,-1,1,28380
4858,2424,1,5,11,-1,99999,-1,-1,-3,-1,1,28380
4859,2424,1,7,7,-1,99999,-1,-1,-3,-1,1,28380
4860,2424,1,1,7,-1,99999,-1,-1,-3,-1,1,28380
4861,2425,1,7,10,-1,99999,-1,-1,-3,-1,1,28380
4862,2425,1,13,6,-1,99999,-1,-1,-3,-1,1,28380
4863,2426,1,8,6,-1,99999,-1,-1,-3,-1,1,28380
4864,2427,1,61,8,-1,99999,-1,-1,-3,-1,1,28380
4865,2428,1,9,10,-1,99999,-1,-1,-3,-1,1,28440
4866,2428,1,45,8,-1,99999,-1,-1,-3,-1,1,28440
4867,2429,1,57,12,-1,99999,-1,-1,-3,-1,1,28440
4868,2430,1,49,8,-1,99999,-1,-1,-3,-1,1,28440
4869,2431,1,13,4,-1,99999,-1,-1,-3,-1,1,28500
4870,2431,1,12,11,-1,99999,-1,-1,-3,-1,1,28500
4871,2432,1,21,4,-1,99999,-1,-1,-3,-1,1,28500
4872,2433,1,362,7,-1,99999,-1,-1,-3,-1,1,28500
4873,2433,1,4,11,-1,99999,-1,-1,-3,-1,1,28500
4874,2434,1,194,5,-1,99999,-1,-1,-3,-1,1,28500
4875,2434,1,140,6,-1,99999,-1,-1,-3,-1,1,28500
4876,2434,1,418,2,-1,99999,-1,-1,-3,-1,1,28500
4877,2435,1,434,2,-1,99999,-1,-1,-3,-1,1,28500
4878,2436,1,35,1,-1,99999,-1,-1,-3,-1,1,28500
4879,2436,1,8,6,-1,99999,-1,-1,-3,-1,1,28500
4880,2437,1,9,5,-1,99999,-1,-1,-3,-1,1,28500
4881,2438,1,39,4,-1,99999,-1,-1,-3,-1,1,28500
4882,2438,1,457,5,-1,99999,-1,-1,-3,-1,1,28500
4883,2438,1,57,2,-1,99999,-1,-1,-3,-1,1,28500
4884,2438,1,359,3,-1,99999,-1,-1,-3,-1,1,28500
4885,2438,1,49,12,-1,99999,-1,-1,-3,-1,1,28500
4886,2439,1,11,10,-1,99999,-1,-1,-3,-1,1,28560
4887,2439,1,270,3,-1,99999,-1,-1,-3,-1,1,28560
4888,2439,1,111,12,-1,99999,-1,-1,-3,-1,1,28560
4889,2440,1,15,8,-1,99999,-1,-1,-3,-1,1,28560
4890,2440,1,11,8,-1,99999,-1,-1,-3,-1,1,28560
4891,2441,1,181,5,-1,99999,-1,-1,-3,-1,1,28620
4892,2442,1,365,8,-1,99999,-1,-1,-3,-1,1,28620
4893,2443,1,165,10,-1,99999,-1,-1,-3,-1,1,28620
4894,2443,1,33,6,-1,99999,-1,-1,-3,-1,1,28620
4895,2443,1,278,3,-1,99999,-1,-1,-3,-1,1,28620
4896,2444,1,44,3,-1,99999,-1,-1,-3,-1,1,28620
4897,2444,1,2,8,-1,99999,-1,-1,-3,-1,1,28620
4898,2445,1,7,12,-1,99999,-1,-1,-3,-1,1,28620
4899,2445,1,6,10,-1,99999,-1,-1,-3,-1,1,28620
4900,2446,1,43,6,-1,99999,-1,-1,-3,-1,1,28680
4901,2447,1,17,9,-1,99999,-1,-1,-3,-1,1,28680
4902,2447,1,162,4,-1,99999,-1,-1,-3,-1,1,28680
4903,2447,1,78,6,-1,99999,-1,-1,-3,-1,1,28680
4904,2447,1,108,4,-1,99999,-1,-1,-3,-1,1,28680
4905,2447,1,75,6,-1,99999,-1,-1,-3,-1,1,28680
4906,2448,1,19,12,-1,99999,-1,-1,-3,-1,1,28680
4907,2449,1,86,6,-1,99999,-1,-1,-3,-1,1,28680
4908,2449,1,277,1,-1,99999,-1,-1,-3,-1,1,28680
4909,2450,1,4,5,-1,99999,-1,-1,-3,-1,1,28680
4910,2450,1,238,5,-1,99999,-1,-1,-3,-1,1,28680
4911,2450,1,39,6,-1,99999,-1,-1,-3,-1,1,28680
4912,2451,1,14,3,-1,99999,-1,-1,-3,-1,1,28680
4913,2452,1,419,4,-1,99999,-1,-1,-3,-1,1,28740
4914,2453,1,42,9,-1,99999,-1,-1,-3,-1,1,28740
4915,2453,1,114,10,-1,99999,-1,-1,-3,-1,1,28740
4916,2454,1,17,5,-1,99999,-1,-1,-3,-1,1,28740
4917,2454,1,40,10,-1,99999,-1,-1,-3,-1,1,28740
4918,2455,1,9,8,-1,99999,-1,-1,-3,-1,1,28800
4919,2456,1,226,4,-1,99999,-1,-1,-3,-1,1,28800
4920,2457,1,69,3,-1,99999,-1,-1,-3,-1,1,28800
4921,2458,1,26,11,-1,99999,-1,-1,-3,-1,1,28800
4922,2459,1,273,5,-1,99999,-1,-1,-3,-1,1,28860
4923,2459,1,94,8,-1,99999,-1,-1,-3,-1,1,28860
4924,2459,1,6,6,-1,99999,-1,-1,-3,-1,1,28860
4925,2459,1,23,8,-1,99999,-1,-1,-3,-1,1,28860
4926,2459,1,11,8,-1,99999,-1,-1,-3,-1,1,28860
4927,2460,1,238,4,-1,99999,-1,-1,-3,-1,1,28860
4928,2460,1,30,4,-1,99999,-1,-1,-3,-1,1,28860
4929,2461,1,110,7,-1,99999,-1,-1,-3,-1,1,28860
4930,2461,1,383,11,-1,99999,-1,-1,-3,-1,1,28860
4931,2462,1,10,6,-1,99999,-1,-1,-3,-1,1,28920
4932,2463,1,23,8,-1,99999,-1,-1,-3,-1,1,28920
4933,2463,1,9,11,-1,99999,-1,-1,-3,-1,1,28920
4934,2463,1,29,2,-1,99999,-1,-1,-3,-1,1,28920
4935,2463,1,15,6,-1,99999,-1,-1,-3,-1,1,28920
4936,2463,1,85,4,-1,99999,-1,-1,-3,-1,1,28920
4937,2464,1,28,5,-1,99999,-1,-1,-3,-1,1,28920
4938,2464,1,139,5,-1,99999,-1,-1,-3,-1,1,28920
4939,2465,1,379,8,-1,99999,-1,-1,-3,-1,1,28920
4940,2465,1,410,7,-1,99999,-1,-1,-3,-1,1,28920
4941,2465,1,70,6,-1,99999,-1,-1,-3,-1,1,28920
4942,2465,1,134,10,-1,99999,-1,-1,-3,-1,1,28920
4943,2466,1,27,8,-1,99999,-1,-1,-3,-1,1,28920
4944,2466,1,16,6,-1,99999,-1,-1,-3,-1,1,28920
4945,2467,1,490,5,-1,99999,-1,-1,-3,-1,1,28920
4946,2467,1,101,9,-1,99999,-1,-1,-3,-1,1,28920
4947,2468,1,0,10,-1,99999,-1,-1,-3,-1,1,28980
4948,2469,1,2,9,-1,99999,-1,-1,-3,-1,1,28980
4949,2469,1,99,10,-1,99999,-1,-1,-3,-1,1,28980
4950,2469,1,121,2,-1,99999,-1,-1,-3,-1,1,28980
4951,2470,1,103,8,-1,99999,-1,-1,-3,-1,1,28980
4952,2471,1,42,8,-1,99999,-1,-1,-3,-1,1,28980
4953,2472,1,81,12,-1,99999,-1,-1,-3,-1,1,28980
4954,2473,1,19,6,-1,99999,-1,-1,-3,-1,1,29040
4955,2473,1,495,5,-1,99999,-1,-1,-3,-1,1,29040
4956,2473,1,5,4,-1,99999,-1,-1,-3,-1,1,29040
4957,2473,1,66,7,-1,99999,-1,-1,-3,-1,1,29040
4958,2473,1,89,8,-1,99999,-1,-1,-3,-1,1,29040
4959,2474,1,180,7,-1,99999,-1,-1,-3,-1,1,29040
4960,2475,1,222,12,-1,99999,-1,-1,-3,-1,1,29040
4961,2476,1,195,2,-1,99999,-1,-1,-3,-1,1,29100
4962,2477,1,108,4,-1,99999,-1,-1,-3,-1,1,29100
4963,2478,1,190,10,-1,99999,-1,-1,-3,-1,1,29160
4964,2478,1,45,8,-1,99999,-1,-1,-3,-1,1,29160
4965,2478,1,322,10,-1,99999,-1,-1,-3,-1,1,29160
4966,2479,1,90,2,-1,99999,-1,-1,-3,-1,1,29160
4967,2480,1,6,6,-1,99999,-1,-1,-3,-1,1,29220
4968,2481,1,220,3,-1,99999,-1,-1,-3,-1,1,29220
4969,2482,1,12,8,-1,99999,-1,-1,-3,-1,1,29280
4970,2482,1,46,10,-1,99999,-1,-1,-3,-1,1,29280
4971,2483,1,186,5,-1,99999,-1,-1,-3,-1,1,29280
4972,2484,1,42,2,-1,99999,-1,-1,-3,-1,1,29280
4973,2485,1,468,9,-1,99999,-1,-1,-3,-1,1,29340
4974,2486,1,263,10,-1,99999,-1,-1,-3,-1,1,29340
4975,2486,1,4,8,-1,99999,-1,-1,-3,-1,1,29340
4976,2486,1,145,8,-1,99999,-1,-1,-3,-1,1,29340
4977,2487,1,19,11,-1,99999,-1,-1,-3,-1,1,29340
4978,2487,1,143,6,-1,99999,-1,-1,-3,-1,1,29340
4979,2488,1,132,10,-1,99999,-1,-1,-3,-1,1,29340
4980,2488,1,10,10,-1,99999,-1,-1,-3,-1,1,29340
4981,2488,1,25,11,-1,99999,-1,-1,-3,-1,1,29340
4982,2488,1,401,7,-1,99999,-1,-1,-3,-1,1,29340
4983,2489,1,35,10,-1,99999,-1,-1,-3,-1,1,29340
4984,2490,1,72,5,-1,99999,-1,-1,-3,-1,1,29340
4985,2490,1,46,2,-1,99999,-1,-1,-3,-1,1,29340
4986,2490,1,256,11,-1,99999,-1,-1,-3,-1,1,29340
4987,2491,1,50,10,-1,99999,-1,-1,-3,-1,1,29400
4988,2491,1,326,8,-1,99999,-1,-1,-3,-1,1,29400
4989,2492,1,311,6,-1,99999,-1,-1,-3,-1,1,29400
4990,2493,1,427,8,-1,99999,-1,-1,-3,-1,1,29400
4991,2493,1,34,5,-1,99999,-1,-1,-3,-1,1,29400
4992,2493,1,5,8,-1,99999,-1,-1,-3,-1,1,29400
4993,2493,1,190,5,-1,99999,-1,-1,-3,-1,1,29400
4994,2493,1,253,7,-1,99999,-1,-1,-3,-1,1,29400
4995,2494,1,38,11,-1,99999,-1,-1,-3,-1,1,29460
4996,2494,1,11,9,-1,99999,-1,-1,-3,-1,1,29460
4997,2495,1,89,6,-1,99999,-1,-1,-3,-1,1,29460
4998,2495,1,0,5,-1,99999,-1,-1,-3,-1,1,29460
4999,2495,1,327,10,-1,99999,-1,-1,-3,-1,1,29460
5000,2495,1,122,6,-1,99999,-1,-1,-3,-1,1,29460
5001,2495,1,191,10,-1,99999,-1,-1,-3,-1,1,29460
5002,2496,1,89,6,-1,99999,-1,-1,-3,-1,1,29460
5003,2496,1,22,4,-1,99999,-1,-1,-3,-1,1,29460
5004,2496,1,1,4,-1,99999,-1,-1,-3,-1,1,29460
5005,2497,1,9,2,-1,99999,-1,-1,-3,-1,1,29460
5006,2497,1,174,5,-1,99999,-1,-1,-3,-1,1,29460
5007,2498,1,56,4,-1,99999,-1,-1,-3,-1,1,29460
5008,2499,1,48,6,-1,99999,-1,-1,-3,-1,1,29460
5009,2500,1,123,3,-1,99999,-1,-1,-3,-1,1,29460
5010,2501,1,28,12,-1,99999,-1,-1,-3,-1,1,29460
5011,2501,1,4,6,-1,99999,-1,-1,-3,-1,1,29460
5012,2501,1,1,4,-1,99999,-1,-1,-3,-1,1,29460
5013,2501,1,123,1,-1,99999,-1,-1,-3,-1,1,29460
5014,2501,1,498,10,-1,99999,-1,-1,-3,-1,1,29460
5015,2502,1,49,6,-1,99999,-1,-1,-3,-1,1,29460
5016,2502,1,0,6,-1,99999,-1,-1,-3,-1,1,29460
5017,2503,1,24,8,-1,99999,-1,-1,-3,-1,1,29520
5018,2503,1,230,11,-1,99999,-1,-1,-3,-1,1,29520
5019,2504,1,0,6,-1,99999,-1,-1,-3,-1,1,29520
5020,2505,1,279,4,-1,99999,-1,-1,-3,-1,1,29520
5021,2506,1,27,10,-1,99999,-1,-1,-3,-1,1,29520
5022,2507,1,266,7,-1,99999,-1,-1,-3,-1,1,29520
5023,2508,1,314,10,-1,99999,-1,-1,-3,-1,1,29520
5024,2509,1,4,9,-1,99999,-1,-1,-3,-1,1,29520
5025,2509,1,403,12,-1,99999,-1,-1,-3,-1,1,29520
5026,2509,1,332,4,-1,99999,-1,-1,-3,-1,1,29520
5027,2510,1,231,10,-1,99999,-1,-1,-3,-1,1,29580
5028,2511,1,114,8,-1,99999,-1,-1,-3,-1,1,29580
5029,2511,1,126,12,-1,99999,-1,-1,-3,-1,1,29580
5030,2512,1,155,9,-1,99999,-1,-1,-3,-1,1,29580
5031,2513,1,193,8,-1,99999,-1,-1,-3,-1,1,29640
5032,2514,1,3,6,-1,99999,-1,-1,-3,-1,1,29640
5033,2514,1,5,5,-1,99999,-1,-1,-3,-1,1,29640
5034,2514,1,242,8,-1,99999,-1,-1,-3,-1,1,29640
5035,2514,1,9,7,-1,99999,-1,-1,-3,-1,1,29640
5036,2514,1,398,6,-1,99999,-1,-1,-3,-1,1,29640
5037,2515,1,253,4,-1,99999,-1,-1,-3,-1,1,29640
5038,2515,1,14,5,-1,99999,-1,-1,-3,-1,1,29640
5039,2516,1,9,10,-1,99999,-1,-1,-3,-1,1,29700
5040,2517,1,39,5,-1,99999,-1,-1,-3,-1,1,29700
5041,2517,1,21,10,-1,99999,-1,-1,-3,-1,1,29700
5042,2517,1,134,1,-1,99999,-1,-1,-3,-1,1,29700
5043,2517,1,5,8,-1,99999,-1,-1,-3,-1,1,29700
5044,2518,1,429,7,-1,99999,-1,-1,-3,-1,1,29700
5045,2519,1,33,12,-1,99999,-1,-1,-3,-1,1,29700
5046,2519,1,124,10,-1,99999,-1,-1,-3,-1,1,29700
5047,2519,1,2,6,-1,99999,-1,-1,-3,-1,1,29700
5048,2520,1,3,10,-1,99999,-1,-1,-3,-1,1,29700
5049,2521,1,26,4,-1,99999,-1,-1,-3,-1,1,29700
5050,2522,1,271,6,-1,99999,-1,-1,-3,-1,1,29700
5051,2523,1,47,3,-1,99999,-1,-1,-3,-1,1,29760
5052,2524,1,39,3,-1,99999,-1,-1,-3,-1,1,29760
5053,2524,1,2,6,-1,99999,-1,-1,-3,-1,1,29760
5054,2524,1,17,10,-1,99999,-1,-1,-3,-1,1,29760
5055,2524,1,105,8,-1,99999,-1,-1,-3,-1,1,29760
5056,2525,1,37,3,-1,99999,-1,-1,-3,-1,1,29760
5057,2525,1,17,4,-1,99999,-1,-1,-3,-1,1,29760
5058,2525,1,10,6,-1,99999,-1,-1,-3,-1,1,29760
5059,2526,1,77,3,-1,99999,-1,-1,-3,-1,1,29760
5060,2526,1,21,9,-1,99999,-1,-1,-3,-1,1,29760
5061,2527,1,18,8,-1,99999,-1,-1,-3,-1,1,29760
5062,2528,1,318,10,-1,99999,-1,-1,-3,-1,1,29820
5063,2529,1,84,5,-1,99999,-1,-1,-3,-1,1,29820
5064,2530,1,278,8,-1,99999,-1,-1,-3,-1,1,29820
5065,2531,1,263,8,-1,99999,-1,-1,-3,-1,1,29820
5066,2531,1,13,8,-1,99999,-1,-1,-3,-1,1,29820
5067,2531,1,24,7,-1,99999,-1,-1,-3,-1,1,29820
5068,2532,1,28,7,-1,99999,-1,-1,-3,-1,1,29820
5069,2533,1,4,1,-1,99999,-1,-1,-3,-1,1,29820
5070,2534,1,37,10,-1,99999,-1,-1,-3,-1,1,29820
5071,2535,1,6,8,-1,99999,-1,-1,-3,-1,1,29820
5072,2536,1,4,6,-1,99999,-1,-1,-3,-1,1,29880
5073,2537,1,116,2,-1,99999,-1,-1,-3,-1,1,29880
5074,2537,1,283,11,-1,99999,-1,-1,-3,-1,1,29880
5075,2538,1,52,4,-1,99999,-1,-1,-3,-1,1,29880
5076,2538,1,3,8,-1,99999,-1,-1,-3,-1,1,29880
5077,2538,1,68,8,-1,99999,-1,-1,-3,-1,1,29880
5078,2539,1,33,7,-1,99999,-1,-1,-3,-1,1,29880
5079,2540,1,298,4,-1,99999,-1,-1,-3,-1,1,29880
5080,2541,1,24,8,-1,99999,-1,-1,-3,-1,1,29880
5081,2542,1,4,11,-1,99999,-1,-1,-3,-1,1,29880
5082,2542,1,1,9,-1,99999,-1,-1,-3,-1,1,29880
5083,2543,1,258,6,-1,99999,-1,-1,-3,-1,1,29880
5084,2544,1,282,6,-1,99999,-1,-1,-3,-1,1,29880
5085,2544,1,36,10,-1,99999,-1,-1,-3,-1,1,29880
5086,2544,1,146,8,-1,99999,-1,-1,-3,-1,1,29880
5087,2545,1,318,12,-1,99999,-1,-1,-3,-1,1,29940
5088,2546,1,8,7,-1,99999,-1,-1,-3,-1,1,29940
5089,2547,1,165,6,-1,99999,-1,-1,-3,-1,1,29940
5090,2548,1,389,7,-1,99999,-1,-1,-3,-1,1,29940
5091,2548,1,147,4,-1,99999,-1,-1,-3,-1,1,29940
5092,2548,1,23,4,-1,99999,-1,-1,-3,-1,1,29940
5093,2549,1,82,4,-1,99999,-1,-1,-3,-1,1,30000
5094,2550,1,386,10,-1,99999,-1,-1,-3,-1,1,30000
5095,2550,1,220,11,-1,99999,-1,-1,-3,-1,1,30000
5096,2550,1,11,4,-1,99999,-1,-1,-3,-1,1,30000
5097,2550,1,30,6,-1,99999,-1,-1,-3,-1,1,30000
5098,2551,1,27,9,-1,99999,-1,-1,-3,-1,1,30000
5099,2552,1,448,4,-1,99999,-1,-1,-3,-1,1,30000
5100,2553,1,20,6,-1,99999,-1,-1,-3,-1,1,30000
5101,2554,1,396,7,-1,99999,-1,-1,-3,-1,1,30000
5102,2555,1,379,6,-1,99999,-1,-1,-3,-1,1,30000
5103,2555,1,47,10,-1,99999,-1,-1,-3,-1,1,30000
5104,2556,1,0,7,-1,99999,-1,-1,-3,-1,1,30000
5105,2557,1,190,2,-1,99999,-1,-1,-3,-1,1,30060
5106,2558,1,9,1,-1,99999,-1,-1,-3,-1,1,30060
5107,2559,1,113,2,-1,99999,-1,-1,-3,-1,1,30060
5108,2559,1,5,8,-1,99999,-1,-1,-3,-1,1,30060
5109,2560,1,35,8,-1,99999,-1,-1,-3,-1,1,30060
5110,2561,1,401,8,-1,99999,-1,-1,-3,-1,1,30060
5111,2562,1,17,3,-1,99999,-1,-1,-3,-1,1,30060
5112,2562,1,25,6,-1,99999,-1,-1,-3,-1,1,30060
5113,2563,1,368,8,-1,99999,-1,-1,-3,-1,1,30120
5114,2563,1,355,6,-1,99999,-1,-1,-3,-1,1,30120
5115,2564,1,166,8,-1,99999,-1,-1,-3,-1,1,30120
5116,2564,1,246,7,-1,99999,-1,-1,-3,-1,1,30120
5117,2565,1,153,4,-1,99999,-1,-1,-3,-1,1,30120
5118,2565,1,94,2,-1,99999,-1,-1,-3,-1,1,30120
5119,2566,1,6,4,-1,99999,-1,-1,-3,-1,1,30120
5120,2567,1,14,11,-1,99999,-1,-1,-3,-1,1,30180
5121,2567,1,199,4,-1,99999,-1,-1,-3,-1,1,30180
5122,2567,1,32,1,-1,99999,-1,-1,-3,-1,1,30180
5123,2567,1,11,2,-1,99999,-1,-1,-3,-1,1,30180
5124,2568,1,426,6,-1,99999,-1,-1,-3,-1,1,30180
5125,2569,1,50,8,-1,99999,-1,-1,-3,-1,1,30180
5126,2570,1,26,9,-1,99999,-1,-1,-3,-1,1,30180
5127,2570,1,71,8,-1,99999,-1,-1,-3,-1,1,30180
5128,2571,1,78,10,-1,99999,-1,-1,-3,-1,1,30180
5129,2572,1,106,7,-1,99999,-1,-1,-3,-1,1,30180
5130,2573,1,38,6,-1,99999,-1,-1,-3,-1,1,30240
5131,2574,1,147,8,-1,99999,-1,-1,-3,-1,1,30240
5132,2574,1,8,7,-1,99999,-1,-1,-3,-1,1,30240
5133,2574,1,475,12,-1,99999,-1,-1,-3,-1,1,30240
5134,2574,1,93,12,-1,99999,-1,-1,-3,-1,1,30240
5135,2574,1,13,6,-1,99999,-1,-1,-3,-1,1,30240
5136,2575,1,497,7,-1,99999,-1,-1,-3,-1,1,30240
5137,2576,1,0,4,-1,99999,-1,-1,-3,-1,1,30240
5138,2577,1,427,2,-1,99999,-1,-1,-3,-1,1,30240
5139,2578,1,33,7,-1,99999,-1,-1,-3,-1,1,30240
5140,2579,1,111,2,-1,99999,-1,-1,-3,-1,1,30240
5141,2580,1,16,9,-1,99999,-1,-1,-3,-1,1,30240
5142,2581,1,12,7,-1,99999,-1,-1,-3,-1,1,30240
5143,2581,1,416,4,-1,99999,-1,-1,-3,-1,1,30240
5144,2582,1,47,10,-1,99999,-1,-1,-3,-1,1,30240
5145,2583,1,86,3,-1,99999,-1,-1,-3,-1,1,30300
5146,2583,1,97,10,-1,99999,-1,-1,-3,-1,1,30300
5147,2584,1,30,6,-1,99999,-1,-1,-3,-1,1,30300
5148,2585,1,48,9,-1,99999,-1,-1,-3,-1,1,30300
5149,2585,1,17,5,-1,99999,-1,-1,-3,-1,1,30300
5150,2585,1,3,8,-1,99999,-1,-1,-3,-1,1,30300
5151,2585,1,10,10,-1,99999,-1,-1,-3,-1,1,30300
5152,2586,1,2,6,-1,99999,-1,-1,-3,-1,1,30300
5153,2587,1,172,10,-1,99999,-1,-1,-3,-1,1,30300
5154,2587,1,1,7,-1,99999,-1,-1,-3,-1,1,30300
5155,2588,1,137,8,-1,99999,-1,-1,-3,-1,1,30300
5156,2588,1,3,10,-1,99999,-1,-1,-3,-1,1,30300
5157,2589,1,4,4,-1,99999,-1,-1,-3,-1,1,30300
5158,2590,1,10,2,-1,99999,-1,-1,-3,-1,1,30360
5159,2590,1,49,8,-1,99999,-1,-1,-3,-1,1,30360
5160,2590,1,130,3,-1,99999,-1,-1,-3,-1,1,30360
5161,2591,1,43,1,-1,99999,-1,-1,-3,-1,1,30360
5162,2591,1,32,2,-1,99999,-1,-1,-3,-1,1,30360
5163,2592,1,41,4,-1,99999,-1,-1,-3,-1,1,30360
5164,2592,1,7,2,-1,99999,-1,-1,-3,-1,1,30360
5165,2593,1,149,2,-1,99999,-1,-1,-3,-1,1,30360
5166,2594,1,23,5,-1,99999,-1,-1,-3,-1,1,30360
5167,2595,1,45,6,-1,99999,-1,-1,-3,-1,1,30360
5168,2596,1,33,3,-1,99999,-1,-1,-3,-1,1,30420
5169,2596,1,357,6,-1,99999,-1,-1,-3,-1,1,30420
5170,2597,1,34,8,-1,99999,-1,-1,-3,-1,1,30420
5171,2597,1,43,4,-1,99999,-1,-1,-3,-1,1,30420
5172,2597,1,302,6,-1,99999,-1,-1,-3,-1,1,30420
5173,2597,1,369,6,-1,99999,-1,-1,-3,-1,1,30420
5174,2597,1,63,6,-1,99999,-1,-1,-3,-1,1,30420
5175,2598,1,48,8,-1,99999,-1,-1,-3,-1,1,30420
5176,2598,1,43,2,-1,99999,-1,-1,-3,-1,1,30420
5177,2598,1,254,12,-1,99999,-1,-1,-3,-1,1,30420
5178,2599,1,63,4,-1,99999,-1,-1,-3,-1,1,30480
5179,2600,1,7,6,-1,99999,-1,-1,-3,-1,1,30480
5180,2600,1,85,3,-1,99999,-1,-1,-3,-1,1,30480
5181,2600,1,190,1,-1,99999,-1,-1,-3,-1,1,30480
5182,2600,1,197,5,-1,99999,-1,-1,-3,-1,1,30480
5183,2601,1,46,10,-1,99999,-1,-1,-3,-1,1,30480
5184,2601,1,7,12,-1,99999,-1,-1,-3,-1,1,30480
5185,2602,1,127,6,-1,99999,-1,-1,-3,-1,1,30540
5186,2603,1,3,11,-1,99999,-1,-1,-3,-1,1,30540
5187,2604,1,29,5,-1,99999,-1,-1,-3,-1,1,30540
5188,2605,1,8,10,-1,99999,-1,-1,-3,-1,1,30540
5189,2606,1,84,4,-1,99999,-1,-1,-3,-1,1,30600
5190,2606,1,0,6,-1,99999,-1,-1,-3,-1,1,30600
5191,2606,1,136,2,-1,99999,-1,-1,-3,-1,1,30600
5192,2607,1,38,2,-1,99999,-1,-1,-3,-1,1,30600
5193,2608,1,456,11,-1,99999,-1,-1,-3,-1,1,30600
5194,2608,1,271,6,-1,99999,-1,-1,-3,-1,1,30600
5195,2608,1,188,6,-1,99999,-1,-1,-3,-1,1,30600
5196,2609,1,106,7,-1,99999,-1,-1,-3,-1,1,30600
5197,2609,1,23,6,-1,99999,-1,-1,-3,-1,1,30600
5198,2609,1,13,6,-1,99999,-1,-1,-3,-1,1,30600
5199,2609,1,95,6,-1,99999,-1,-1,-3,-1,1,30600
5200,2609,1,412,2,-1,99999,-1,-1,-3,-1,1,30600
5201,2609,1,1,6,-1,99999,-1,-1,-3,-1,1,30600
5202,2609,1,376,10,-1,99999,-1,-1,-3,-1,1,30600
5203,2610,1,237,3,-1,99999,-1,-1,-3,-1,1,30660
5204,2610,1,198,10,-1,99999,-1,-1,-3,-1,1,30660
5205,2610,1,22,3,-1,99999,-1,-1,-3,-1,1,30660
5206,2610,1,406,7,-1,99999,-1,-1,-3,-1,1,30660
5207,2610,1,40,8,-1,99999,-1,-1,-3,-1,1,30660
5208,2611,1,67,10,-1,99999,-1,-1,-3,-1,1,30660
5209,2612,1,8,6,-1,99999,-1,-1,-3,-1,1,30660
5210,2613,1,11,6,-1,99999,-1,-1,-3,-1,1,30720
5211,2614,1,19,5,-1,99999,-1,-1,-3,-1,1,30720
5212,2614,1,235,4,-1,99999,-1,-1,-3,-1,1,30720
5213,2615,1,78,4,-1,99999,-1,-1,-3,-1,1,30720
5214,2616,1,427,2,-1,99999,-1,-1,-3,-1,1,30720
5215,2616,1,34,5,-1,99999,-1,-1,-3,-1,1,30720
5216,2616,1,469,4,-1,99999,-1,-1,-3,-1,1,30720
5217,2617,1,19,3,-1,99999,-1,-1,-3,-1,1,30720
5218,2617,1,340,7,-1,99999,-1,-1,-3,-1,1,30720
